prior_version,object,price,theta,probability,utterance_cost,alpha
v4_resampled_1,headphones,30,0,0.00015175533900429252,7,2
v4_resampled_1,headphones,30,6,0.0001560872738889026,7,2
v4_resampled_1,headphones,30,12,0.0001632604774228226,7,2
v4_resampled_1,headphones,30,18,0.00017508509576440247,7,2
v4_resampled_1,headphones,30,24,0.00019248958206554613,7,2
v4_resampled_1,headphones,36,0,0.00015117535962681314,7,2
v4_resampled_1,headphones,36,6,0.00015549073869919244,7,2
v4_resampled_1,headphones,36,12,0.0001626365276449508,7,2
v4_resampled_1,headphones,36,18,0.0001744159545960361,7,2
v4_resampled_1,headphones,36,24,0.00019175392433705968,7,2
v4_resampled_1,headphones,36,30,0.00021273996918910946,7,2
v4_resampled_1,headphones,24,0,0.00014551500494742453,7,2
v4_resampled_1,headphones,24,6,0.00014966880625881144,7,2
v4_resampled_1,headphones,24,12,0.00015654704035967382,7,2
v4_resampled_1,headphones,24,18,0.00016788541835524324,7,2
v4_resampled_1,headphones,42,0,0.00013995989586897402,7,2
v4_resampled_1,headphones,42,6,0.00014395512370964995,7,2
v4_resampled_1,headphones,42,12,0.0001505707777369917,7,2
v4_resampled_1,headphones,42,18,0.00016147630740492142,7,2
v4_resampled_1,headphones,42,24,0.00017752800025700626,7,2
v4_resampled_1,headphones,42,30,0.0001969571232268152,7,2
v4_resampled_1,headphones,42,36,0.00021966324683551667,7,2
v4_resampled_1,headphones,48,0,0.00013051613122358802,7,2
v4_resampled_1,headphones,48,6,0.00013424178190290796,7,2
v4_resampled_1,headphones,48,12,0.00014041104606105483,7,2
v4_resampled_1,headphones,48,18,0.00015058072739987656,7,2
v4_resampled_1,headphones,48,24,0.0001655493356403742,7,2
v4_resampled_1,headphones,48,30,0.00018366748260913697,7,2
v4_resampled_1,headphones,48,36,0.00020484151528537441,7,2
v4_resampled_1,headphones,48,42,0.00022788494900456935,7,2
v4_resampled_1,headphones,60,0,0.00012067886171317429,7,2
v4_resampled_1,headphones,60,6,0.00012412370243061058,7,2
v4_resampled_1,headphones,60,12,0.000129827976448185,7,2
v4_resampled_1,headphones,60,18,0.00013923114796766803,7,2
v4_resampled_1,headphones,60,24,0.0001530715413884556,7,2
v4_resampled_1,headphones,60,30,0.0001698240863194476,7,2
v4_resampled_1,headphones,60,36,0.00018940218856083557,7,2
v4_resampled_1,headphones,60,42,0.00021070879123994402,7,2
v4_resampled_1,headphones,60,48,0.00023398919097610276,7,2
v4_resampled_1,headphones,60,54,0.00025870580637700735,7,2
v4_resampled_1,headphones,54,0,0.00011881533067072223,7,2
v4_resampled_1,headphones,54,6,0.00012220697592772628,7,2
v4_resampled_1,headphones,54,12,0.00012782316416494555,7,2
v4_resampled_1,headphones,54,18,0.00013708113128180747,7,2
v4_resampled_1,headphones,54,24,0.00015070780042302217,7,2
v4_resampled_1,headphones,54,30,0.00016720165143632284,7,2
v4_resampled_1,headphones,54,36,0.0001864774273153209,7,2
v4_resampled_1,headphones,54,42,0.00020745501201283788,7,2
v4_resampled_1,headphones,54,48,0.00023037591426142351,7,2
v4_resampled_1,headphones,66,0,0.00011681074280903493,7,2
v4_resampled_1,headphones,66,6,0.00012014516606551969,7,2
v4_resampled_1,headphones,66,12,0.00012566660101875007,7,2
v4_resampled_1,headphones,66,18,0.0001347683727321937,7,2
v4_resampled_1,headphones,66,24,0.00014816514009725334,7,2
v4_resampled_1,headphones,66,30,0.00016438071579585298,7,2
v4_resampled_1,headphones,66,36,0.0001833312812316068,7,2
v4_resampled_1,headphones,66,42,0.00020395494348986643,7,2
v4_resampled_1,headphones,66,48,0.0002264891366987419,7,2
v4_resampled_1,headphones,66,54,0.00025041351055940297,7,2
v4_resampled_1,headphones,66,60,0.0002788103549311708,7,2
v4_resampled_1,headphones,18,0,0.00011187023438854984,7,2
v4_resampled_1,headphones,18,6,0.00011506362826896915,7,2
v4_resampled_1,headphones,18,12,0.00012035153422286581,7,2
v4_resampled_1,headphones,72,0,0.00010586400426415072,7,2
v4_resampled_1,headphones,72,6,0.00010888594718955541,7,2
v4_resampled_1,headphones,72,12,0.00011388994938470092,7,2
v4_resampled_1,headphones,72,18,0.00012213876260437723,7,2
v4_resampled_1,headphones,72,24,0.00013428007258456457,7,2
v4_resampled_1,headphones,72,30,0.00014897603062421702,7,2
v4_resampled_1,headphones,72,36,0.00016615067305739175,7,2
v4_resampled_1,headphones,72,42,0.00018484162062563174,7,2
v4_resampled_1,headphones,72,48,0.00020526405668404738,7,2
v4_resampled_1,headphones,72,54,0.00022694639475925963,7,2
v4_resampled_1,headphones,72,60,0.000252682072671829,7,2
v4_resampled_1,headphones,72,66,0.00028199654194975766,7,2
v4_resampled_1,headphones,114,0,0.00009254593435406064,7,2
v4_resampled_1,headphones,114,6,0.00009518770606428593,7,2
v4_resampled_1,headphones,114,12,0.0000995621869076894,7,2
v4_resampled_1,headphones,114,18,0.00010677326995743137,7,2
v4_resampled_1,headphones,114,24,0.00011738715977020582,7,2
v4_resampled_1,headphones,114,30,0.0001302343137906991,7,2
v4_resampled_1,headphones,114,36,0.0001452483248535063,7,2
v4_resampled_1,headphones,114,42,0.00016158788444875285,7,2
v4_resampled_1,headphones,114,48,0.00017944110509678562,7,2
v4_resampled_1,headphones,114,54,0.00019839572758720481,7,2
v4_resampled_1,headphones,114,60,0.00022089376528386232,7,2
v4_resampled_1,headphones,114,66,0.00024652036960774504,7,2
v4_resampled_1,headphones,114,72,0.000273798901171278,7,2
v4_resampled_1,headphones,114,78,0.0002995921223932904,7,2
v4_resampled_1,headphones,114,84,0.0003283268597015961,7,2
v4_resampled_1,headphones,114,90,0.0003632644370542911,7,2
v4_resampled_1,headphones,114,96,0.0004037314110142455,7,2
v4_resampled_1,headphones,114,102,0.0004518936708577742,7,2
v4_resampled_1,headphones,114,108,0.0005107629183184275,7,2
v4_resampled_1,headphones,108,0,0.00009094230651409077,7,2
v4_resampled_1,headphones,108,6,0.00009353830183564004,7,2
v4_resampled_1,headphones,108,12,0.00009783698205835849,7,2
v4_resampled_1,headphones,108,18,0.00010492311209297815,7,2
v4_resampled_1,headphones,108,24,0.00011535308535325364,7,2
v4_resampled_1,headphones,108,30,0.00012797762501477568,7,2
v4_resampled_1,headphones,108,36,0.00014273147460968087,7,2
v4_resampled_1,headphones,108,42,0.00015878790374822266,7,2
v4_resampled_1,headphones,108,48,0.00017633176535348293,7,2
v4_resampled_1,headphones,108,54,0.00019495794380652823,7,2
v4_resampled_1,headphones,108,60,0.000217066137477655,7,2
v4_resampled_1,headphones,108,66,0.0002422486862476717,7,2
v4_resampled_1,headphones,108,72,0.0002690545378069008,7,2
v4_resampled_1,headphones,108,78,0.00029440081635203794,7,2
v4_resampled_1,headphones,108,84,0.00032263764065051183,7,2
v4_resampled_1,headphones,108,90,0.00035696982272469165,7,2
v4_resampled_1,headphones,108,96,0.00039673558850630245,7,2
v4_resampled_1,headphones,108,102,0.0004440632969320937,7,2
v4_resampled_1,headphones,102,0,0.00008873479410388318,7,2
v4_resampled_1,headphones,102,6,0.00009126777483839563,7,2
v4_resampled_1,headphones,102,12,0.0000954621098965489,7,2
v4_resampled_1,headphones,102,18,0.00010237623285776767,7,2
v4_resampled_1,headphones,102,24,0.00011255303137140759,7,2
v4_resampled_1,headphones,102,30,0.00012487112589156267,7,2
v4_resampled_1,headphones,102,36,0.0001392668439707018,7,2
v4_resampled_1,headphones,102,42,0.0001549335230804007,7,2
v4_resampled_1,headphones,102,48,0.00017205152906685114,7,2
v4_resampled_1,headphones,102,54,0.00019022557999349085,7,2
v4_resampled_1,headphones,102,60,0.00021179712451014786,7,2
v4_resampled_1,headphones,102,66,0.0002363683979446104,7,2
v4_resampled_1,headphones,102,72,0.0002625235704936909,7,2
v4_resampled_1,headphones,102,78,0.0002872545993647705,7,2
v4_resampled_1,headphones,102,84,0.00031480600955343107,7,2
v4_resampled_1,headphones,102,90,0.00034830482021991875,7,2
v4_resampled_1,headphones,102,96,0.00038710532104587635,7,2
v4_resampled_1,headphones,90,0,0.00008850834179255707,7,2
v4_resampled_1,headphones,90,6,0.0000910348583283565,7,2
v4_resampled_1,headphones,90,12,0.00009521848939065353,7,2
v4_resampled_1,headphones,90,18,0.00010211496742305748,7,2
v4_resampled_1,headphones,90,24,0.00011226579461881,7,2
v4_resampled_1,headphones,90,30,0.0001245524532067203,7,2
v4_resampled_1,headphones,90,36,0.00013891143323214398,7,2
v4_resampled_1,headphones,90,42,0.00015453813077958176,7,2
v4_resampled_1,headphones,90,48,0.0001716124513993156,7,2
v4_resampled_1,headphones,90,54,0.0001897401219192611,7,2
v4_resampled_1,headphones,90,60,0.0002112566155828223,7,2
v4_resampled_1,headphones,90,66,0.00023576518281823842,7,2
v4_resampled_1,headphones,90,72,0.0002618536070377969,7,2
v4_resampled_1,headphones,90,78,0.0002865215220119448,7,2
v4_resampled_1,headphones,90,84,0.0003140026206550558,7,2
v4_resampled_1,headphones,96,0,0.00008780559364630746,7,2
v4_resampled_1,headphones,96,6,0.00009031204987167676,7,2
v4_resampled_1,headphones,96,12,0.00009446246328562489,7,2
v4_resampled_1,headphones,96,18,0.00010130418391262766,7,2
v4_resampled_1,headphones,96,24,0.00011137441446799306,7,2
v4_resampled_1,headphones,96,30,0.0001235635181094269,7,2
v4_resampled_1,headphones,96,36,0.0001378084891455231,7,2
v4_resampled_1,headphones,96,42,0.00015331111214234678,7,2
v4_resampled_1,headphones,96,48,0.00017024986421655146,7,2
v4_resampled_1,headphones,96,54,0.0001882336026890118,7,2
v4_resampled_1,headphones,96,60,0.00020957925735898674,7,2
v4_resampled_1,headphones,96,66,0.00023389322881006054,7,2
v4_resampled_1,headphones,96,72,0.0002597745133251858,7,2
v4_resampled_1,headphones,96,78,0.0002842465673085054,7,2
v4_resampled_1,headphones,96,84,0.000311509468539518,7,2
v4_resampled_1,headphones,96,90,0.00034465749110181406,7,2
v4_resampled_1,headphones,78,0,0.0000865012389413492,7,2
v4_resampled_1,headphones,78,6,0.00008897046168494866,7,2
v4_resampled_1,headphones,78,12,0.00009305922058419897,7,2
v4_resampled_1,headphones,78,18,0.00009979930724781488,7,2
v4_resampled_1,headphones,78,24,0.00010971994422879143,7,2
v4_resampled_1,headphones,78,30,0.00012172797837312711,7,2
v4_resampled_1,headphones,78,36,0.0001357613399408356,7,2
v4_resampled_1,headphones,78,42,0.00015103367101199303,7,2
v4_resampled_1,headphones,78,48,0.00016772079742037615,7,2
v4_resampled_1,headphones,78,54,0.00018543738692299125,7,2
v4_resampled_1,headphones,78,60,0.00020646595125802303,7,2
v4_resampled_1,headphones,78,66,0.0002304187379400922,7,2
v4_resampled_1,headphones,78,72,0.0002559155552040347,7,2
v4_resampled_1,headphones,84,0,0.00008410534521361366,7,2
v4_resampled_1,headphones,84,6,0.00008650617592773237,7,2
v4_resampled_1,headphones,84,12,0.00009048168521436653,7,2
v4_resampled_1,headphones,84,18,0.00009703508632804794,7,2
v4_resampled_1,headphones,84,24,0.00010668094352310759,7,2
v4_resampled_1,headphones,84,30,0.00011835638157933032,7,2
v4_resampled_1,headphones,84,36,0.00013200104995176614,7,2
v4_resampled_1,headphones,84,42,0.0001468503711022668,7,2
v4_resampled_1,headphones,84,48,0.00016307530087641603,7,2
v4_resampled_1,headphones,84,54,0.0001803011798853356,7,2
v4_resampled_1,headphones,84,60,0.00020074729932119303,7,2
v4_resampled_1,headphones,84,66,0.00022403664658810873,7,2
v4_resampled_1,headphones,84,72,0.00024882725819179056,7,2
v4_resampled_1,headphones,84,78,0.0002722680261757096,7,2
v4_resampled_1,headphones,120,0,0.0000802742393691841,7,2
v4_resampled_1,headphones,120,6,0.00008256570917934393,7,2
v4_resampled_1,headphones,120,12,0.00008636012894278637,7,2
v4_resampled_1,headphones,120,18,0.0000926150142695847,7,2
v4_resampled_1,headphones,120,24,0.00010182149035538587,7,2
v4_resampled_1,headphones,120,30,0.00011296509730313511,7,2
v4_resampled_1,headphones,120,36,0.00012598823361225034,7,2
v4_resampled_1,headphones,120,42,0.0001401611492275142,7,2
v4_resampled_1,headphones,120,48,0.00015564701273749972,7,2
v4_resampled_1,headphones,120,54,0.00017208823096678726,7,2
v4_resampled_1,headphones,120,60,0.00019160300356056722,7,2
v4_resampled_1,headphones,120,66,0.00021383149132799917,7,2
v4_resampled_1,headphones,120,72,0.00023749285892512445,7,2
v4_resampled_1,headphones,120,78,0.0002598658700025937,7,2
v4_resampled_1,headphones,120,84,0.0002847903488248916,7,2
v4_resampled_1,headphones,120,90,0.00031509516412515004,7,2
v4_resampled_1,headphones,120,96,0.0003501961718234462,7,2
v4_resampled_1,headphones,120,102,0.0003919720618420079,7,2
v4_resampled_1,headphones,120,108,0.00044303518087715396,7,2
v4_resampled_1,headphones,120,114,0.0005059464292074482,7,2
v4_resampled_1,headphones,126,0,0.0000745600910636201,7,2
v4_resampled_1,headphones,126,6,0.00007668844754581979,7,2
v4_resampled_1,headphones,126,12,0.00008021276973584074,7,2
v4_resampled_1,headphones,126,18,0.00008602241456366332,7,2
v4_resampled_1,headphones,126,24,0.00009457354753890642,7,2
v4_resampled_1,headphones,126,30,0.00010492392090065426,7,2
v4_resampled_1,headphones,126,36,0.00011702003338670196,7,2
v4_resampled_1,headphones,126,42,0.00013018408062296584,7,2
v4_resampled_1,headphones,126,48,0.00014456761639454908,7,2
v4_resampled_1,headphones,126,54,0.000159838502023683,7,2
v4_resampled_1,headphones,126,60,0.0001779641576899596,7,2
v4_resampled_1,headphones,126,66,0.00019861035857794294,7,2
v4_resampled_1,headphones,126,72,0.00022058744284052798,7,2
v4_resampled_1,headphones,126,78,0.00024136787945895193,7,2
v4_resampled_1,headphones,126,84,0.00026451816310296195,7,2
v4_resampled_1,headphones,126,90,0.0002926657955963924,7,2
v4_resampled_1,headphones,126,96,0.00032526821389366854,7,2
v4_resampled_1,headphones,126,102,0.00036407037743361277,7,2
v4_resampled_1,headphones,126,108,0.0004114986786566638,7,2
v4_resampled_1,headphones,126,114,0.0004699317256876074,7,2
v4_resampled_1,headphones,126,120,0.0005312944517228345,7,2
v4_resampled_1,headphones,12,0,0.00007397385270108713,7,2
v4_resampled_1,headphones,12,6,0.0000760854747050799,7,2
v4_resampled_1,headphones,138,0,0.00006859902335144945,7,2
v4_resampled_1,headphones,138,6,0.00007055721806312242,7,2
v4_resampled_1,headphones,138,12,0.0000737997712408669,7,2
v4_resampled_1,headphones,138,18,0.00007914493586610037,7,2
v4_resampled_1,headphones,138,24,0.00008701240708672295,7,2
v4_resampled_1,headphones,138,30,0.00009653526970411067,7,2
v4_resampled_1,headphones,138,36,0.00010766429987367016,7,2
v4_resampled_1,headphones,138,42,0.00011977588357586156,7,2
v4_resampled_1,headphones,138,48,0.0001330094578941832,7,2
v4_resampled_1,headphones,138,54,0.00014705943858662156,7,2
v4_resampled_1,headphones,138,60,0.00016373595089466366,7,2
v4_resampled_1,headphones,138,66,0.00018273149122501292,7,2
v4_resampled_1,headphones,138,72,0.00020295151101065728,7,2
v4_resampled_1,headphones,138,78,0.00022207055494562504,7,2
v4_resampled_1,headphones,138,84,0.00024336997700417752,7,2
v4_resampled_1,headphones,138,90,0.00026926721064700213,7,2
v4_resampled_1,headphones,138,96,0.00029926307065983706,7,2
v4_resampled_1,headphones,138,102,0.0003349630072451095,7,2
v4_resampled_1,headphones,138,108,0.00037859942314411266,7,2
v4_resampled_1,headphones,138,114,0.0004323607571311069,7,2
v4_resampled_1,headphones,138,120,0.0004888175427405487,7,2
v4_resampled_1,headphones,138,126,0.0005517519009670071,7,2
v4_resampled_1,headphones,138,132,0.0006200243684868385,7,2
v4_resampled_1,headphones,132,0,0.00006770585982869929,7,2
v4_resampled_1,headphones,132,6,0.00006963855872422986,7,2
v4_resampled_1,headphones,132,12,0.0000728388936592439,7,2
v4_resampled_1,headphones,132,18,0.00007811446391078078,7,2
v4_resampled_1,headphones,132,24,0.0000858795001699819,7,2
v4_resampled_1,headphones,132,30,0.00009527837452767625,7,2
v4_resampled_1,headphones,132,36,0.00010626250403676864,7,2
v4_resampled_1,headphones,132,42,0.00011821639417078601,7,2
v4_resampled_1,headphones,132,48,0.00013127766653378453,7,2
v4_resampled_1,headphones,132,54,0.00014514471560946255,7,2
v4_resampled_1,headphones,132,60,0.00016160409869681695,7,2
v4_resampled_1,headphones,132,66,0.0001803523159183363,7,2
v4_resampled_1,headphones,132,72,0.00020030906979698194,7,2
v4_resampled_1,headphones,132,78,0.00021917918259855648,7,2
v4_resampled_1,headphones,132,84,0.00024020128486582136,7,2
v4_resampled_1,headphones,132,90,0.0002657613349264337,7,2
v4_resampled_1,headphones,132,96,0.0002953666469884658,7,2
v4_resampled_1,headphones,132,102,0.00033060176819350965,7,2
v4_resampled_1,headphones,132,108,0.0003736700352612255,7,2
v4_resampled_1,headphones,132,114,0.0004267313933578115,7,2
v4_resampled_1,headphones,132,120,0.0004824531081301696,7,2
v4_resampled_1,headphones,132,126,0.0005445680571238234,7,2
v4_resampled_1,headphones,144,0,0.00006253524376755651,7,2
v4_resampled_1,headphones,144,6,0.00006432034474503586,7,2
v4_resampled_1,headphones,144,12,0.00006727627390397856,7,2
v4_resampled_1,headphones,144,18,0.00007214895512429544,7,2
v4_resampled_1,headphones,144,24,0.00007932098479147092,7,2
v4_resampled_1,headphones,144,30,0.0000880020782830257,7,2
v4_resampled_1,headphones,144,36,0.00009814736287380421,7,2
v4_resampled_1,headphones,144,42,0.00010918834862293552,7,2
v4_resampled_1,headphones,144,48,0.00012125214713610847,7,2
v4_resampled_1,headphones,144,54,0.00013406018615190783,7,2
v4_resampled_1,headphones,144,60,0.00014926258571134753,7,2
v4_resampled_1,headphones,144,66,0.00016657902386191692,7,2
v4_resampled_1,headphones,144,72,0.00018501170416119656,7,2
v4_resampled_1,headphones,144,78,0.00020244072887121956,7,2
v4_resampled_1,headphones,144,84,0.00022185739816861828,7,2
v4_resampled_1,headphones,144,90,0.0002454654575787695,7,2
v4_resampled_1,headphones,144,96,0.0002728098471382242,7,2
v4_resampled_1,headphones,144,102,0.0003053541040062658,7,2
v4_resampled_1,headphones,144,108,0.0003451332986954705,7,2
v4_resampled_1,headphones,144,114,0.000394142423926328,7,2
v4_resampled_1,headphones,144,120,0.0004456087375548955,7,2
v4_resampled_1,headphones,144,126,0.0005029800417042736,7,2
v4_resampled_1,headphones,144,132,0.0005652175953949711,7,2
v4_resampled_1,headphones,144,138,0.0006408015616710437,7,2
v4_resampled_1,headphones,150,0,0.00005872271767385631,7,2
v4_resampled_1,headphones,150,6,0.00006039898811600073,7,2
v4_resampled_1,headphones,150,12,0.0000631747059833477,7,2
v4_resampled_1,headphones,150,18,0.00006775031913165398,7,2
v4_resampled_1,headphones,150,24,0.00007448509856034754,7,2
v4_resampled_1,headphones,150,30,0.00008263694016985297,7,2
v4_resampled_1,headphones,150,36,0.00009216370694731447,7,2
v4_resampled_1,headphones,150,42,0.00010253156753161576,7,2
v4_resampled_1,headphones,150,48,0.00011385988403736913,7,2
v4_resampled_1,headphones,150,54,0.00012588706765043916,7,2
v4_resampled_1,headphones,150,60,0.00014016263712950624,7,2
v4_resampled_1,headphones,150,66,0.00015642336064107382,7,2
v4_resampled_1,headphones,150,72,0.00017373227343927733,7,2
v4_resampled_1,headphones,150,78,0.00019009871955375353,7,2
v4_resampled_1,headphones,150,84,0.00020833163143870403,7,2
v4_resampled_1,headphones,150,90,0.0002305004009844493,7,2
v4_resampled_1,headphones,150,96,0.00025617771143089565,7,2
v4_resampled_1,headphones,150,102,0.0002867378738741898,7,2
v4_resampled_1,headphones,150,108,0.00032409188863921125,7,2
v4_resampled_1,headphones,150,114,0.00037011312164298224,7,2
v4_resampled_1,headphones,150,120,0.0004184417380014335,7,2
v4_resampled_1,headphones,150,126,0.00047231534099988816,7,2
v4_resampled_1,headphones,150,132,0.0005307585175816407,7,2
v4_resampled_1,headphones,150,138,0.000601734428842145,7,2
v4_resampled_1,headphones,150,144,0.0006795645107307209,7,2
v4_resampled_1,headphones,156,0,0.00005370337654240638,7,2
v4_resampled_1,headphones,156,6,0.000055236367287851165,7,2
v4_resampled_1,headphones,156,12,0.0000577748298745714,7,2
v4_resampled_1,headphones,156,18,0.00006195934117700504,7,2
v4_resampled_1,headphones,156,24,0.00006811846340288613,7,2
v4_resampled_1,headphones,156,30,0.00007557352401334268,7,2
v4_resampled_1,headphones,156,36,0.00008428598766877527,7,2
v4_resampled_1,headphones,156,42,0.00009376765239673083,7,2
v4_resampled_1,headphones,156,48,0.0001041276778008495,7,2
v4_resampled_1,headphones,156,54,0.00011512683444589236,7,2
v4_resampled_1,headphones,156,60,0.00012818219553032879,7,2
v4_resampled_1,headphones,156,66,0.00014305302903711017,7,2
v4_resampled_1,headphones,156,72,0.00015888245755069324,7,2
v4_resampled_1,headphones,156,78,0.000173849976990585,7,2
v4_resampled_1,headphones,156,84,0.00019052442550402505,7,2
v4_resampled_1,headphones,156,90,0.00021079831311612756,7,2
v4_resampled_1,headphones,156,96,0.00023428084808939804,7,2
v4_resampled_1,headphones,156,102,0.00026222887188496476,7,2
v4_resampled_1,headphones,156,108,0.0002963900415269762,7,2
v4_resampled_1,headphones,156,114,0.0003384775964435241,7,2
v4_resampled_1,headphones,156,120,0.0003826753104608864,7,2
v4_resampled_1,headphones,156,126,0.0004319440517952158,7,2
v4_resampled_1,headphones,156,132,0.000485391781100523,7,2
v4_resampled_1,headphones,156,138,0.0005503010059942518,7,2
v4_resampled_1,headphones,156,144,0.0006214785393162382,7,2
v4_resampled_1,headphones,156,150,0.0007016210911112906,7,2
v4_resampled_1,headphones,162,0,0.000051740887240596364,7,2
v4_resampled_1,headphones,162,6,0.000053217857710754656,7,2
v4_resampled_1,headphones,162,12,0.000055663556937138604,7,2
v4_resampled_1,headphones,162,18,0.00005969515311219959,7,2
v4_resampled_1,headphones,162,24,0.00006562920175323285,7,2
v4_resampled_1,headphones,162,30,0.00007281183113805078,7,2
v4_resampled_1,headphones,162,36,0.00008120591412885787,7,2
v4_resampled_1,headphones,162,42,0.00009034108917981419,7,2
v4_resampled_1,headphones,162,48,0.00010032252686131511,7,2
v4_resampled_1,headphones,162,54,0.00011091973992972295,7,2
v4_resampled_1,headphones,162,60,0.00012349801729784533,7,2
v4_resampled_1,headphones,162,66,0.00013782542404927175,7,2
v4_resampled_1,headphones,162,72,0.0001530763957485583,7,2
v4_resampled_1,headphones,162,78,0.0001674969552267756,7,2
v4_resampled_1,headphones,162,84,0.00018356206725286518,7,2
v4_resampled_1,headphones,162,90,0.0002030950836180096,7,2
v4_resampled_1,headphones,162,96,0.00022571949333675248,7,2
v4_resampled_1,headphones,162,102,0.00025264620895326645,7,2
v4_resampled_1,headphones,162,108,0.00028555902263935714,7,2
v4_resampled_1,headphones,162,114,0.0003261085666973533,7,2
v4_resampled_1,headphones,162,120,0.0003686911580444487,7,2
v4_resampled_1,headphones,162,126,0.0004161594655139562,7,2
v4_resampled_1,headphones,162,132,0.00046765404766686933,7,2
v4_resampled_1,headphones,162,138,0.0005301912865209095,7,2
v4_resampled_1,headphones,162,144,0.0005987677702131147,7,2
v4_resampled_1,headphones,162,150,0.0006759816625710205,7,2
v4_resampled_1,headphones,162,156,0.0007603918539335965,7,2
v4_resampled_1,headphones,168,0,0.000050781095608754035,7,2
v4_resampled_1,headphones,168,6,0.00005223066832882863,7,2
v4_resampled_1,headphones,168,12,0.000054630999920897076,7,2
v4_resampled_1,headphones,168,18,0.000058587810129227286,7,2
v4_resampled_1,headphones,168,24,0.00006441178237744341,7,2
v4_resampled_1,headphones,168,30,0.00007146117424072258,7,2
v4_resampled_1,headphones,168,36,0.00007969954728836409,7,2
v4_resampled_1,headphones,168,42,0.0000886652651645998,7,2
v4_resampled_1,headphones,168,48,0.00009846154752945738,7,2
v4_resampled_1,headphones,168,54,0.00010886218266953152,7,2
v4_resampled_1,headphones,168,60,0.00012120713343649209,7,2
v4_resampled_1,headphones,168,66,0.00013526876729844187,7,2
v4_resampled_1,headphones,168,72,0.0001502368340110711,7,2
v4_resampled_1,headphones,168,78,0.00016438989262001783,7,2
v4_resampled_1,headphones,168,84,0.00018015699738512856,7,2
v4_resampled_1,headphones,168,90,0.0001993276769862214,7,2
v4_resampled_1,headphones,168,96,0.000221532404703331,7,2
v4_resampled_1,headphones,168,102,0.00024795963069568,7,2
v4_resampled_1,headphones,168,108,0.00028026191284972817,7,2
v4_resampled_1,headphones,168,114,0.00032005926429686015,7,2
v4_resampled_1,headphones,168,120,0.0003618519500776468,7,2
v4_resampled_1,headphones,168,126,0.00040843972211924225,7,2
v4_resampled_1,headphones,168,132,0.000458979081590995,7,2
v4_resampled_1,headphones,168,138,0.0005203562568718784,7,2
v4_resampled_1,headphones,168,144,0.0005876606492123673,7,2
v4_resampled_1,headphones,168,150,0.0006634422265927118,7,2
v4_resampled_1,headphones,168,156,0.0007462866118852179,7,2
v4_resampled_1,headphones,168,162,0.0008416165088096771,7,2
v4_resampled_1,headphones,174,0,0.00005011854208781555,7,2
v4_resampled_1,headphones,174,6,0.000051549201873893094,7,2
v4_resampled_1,headphones,174,132,0.0004529906679323342,7,2
v4_resampled_1,headphones,174,12,0.00005391821574568236,7,2
v4_resampled_1,headphones,174,18,0.00005782340047205364,7,2
v4_resampled_1,headphones,174,24,0.00006357138591311924,7,2
v4_resampled_1,headphones,174,108,0.0002766052663178334,7,2
v4_resampled_1,headphones,174,30,0.00007052880261628222,7,2
v4_resampled_1,headphones,174,36,0.00007865968757206435,7,2
v4_resampled_1,headphones,174,42,0.00008750842750846953,7,2
v4_resampled_1,headphones,174,48,0.00009717689535307824,7,2
v4_resampled_1,headphones,174,54,0.00010744183083268926,7,2
v4_resampled_1,headphones,174,60,0.00011962571397205356,7,2
v4_resampled_1,headphones,174,66,0.00013350388221724756,7,2
v4_resampled_1,headphones,174,72,0.00014827665685940826,7,2
v4_resampled_1,headphones,174,78,0.00016224505701030125,7,2
v4_resampled_1,headphones,174,84,0.0001778064444577387,7,2
v4_resampled_1,headphones,174,90,0.0001967269994580083,7,2
v4_resampled_1,headphones,174,96,0.00021864201659770535,7,2
v4_resampled_1,headphones,174,102,0.00024472444003272573,7,2
v4_resampled_1,headphones,174,114,0.00031588337187219356,7,2
v4_resampled_1,headphones,174,120,0.0003571307781393818,7,2
v4_resampled_1,headphones,174,126,0.00040311070799031924,7,2
v4_resampled_1,headphones,174,138,0.0005135670400186406,7,2
v4_resampled_1,headphones,174,144,0.0005799932952967986,7,2
v4_resampled_1,headphones,174,150,0.0006547861316837928,7,2
v4_resampled_1,headphones,174,156,0.0007365496257803226,7,2
v4_resampled_1,headphones,174,162,0.0008306357299488193,7,2
v4_resampled_1,headphones,174,168,0.0009415462988477135,7,2
v4_resampled_1,headphones,6,0,0.00004719096370893435,7,2
v4_resampled_1,headphones,180,156,0.0006458098467063821,7,2
v4_resampled_1,headphones,180,108,0.00024252867476464617,7,2
v4_resampled_1,headphones,180,132,0.0003971841456125521,7,2
v4_resampled_1,headphones,180,60,0.00010488833514861499,7,2
v4_resampled_1,headphones,180,12,0.000047275721046644366,7,2
v4_resampled_1,headphones,180,36,0.0000689691488459703,7,2
v4_resampled_1,headphones,180,0,0.00004394415101167,7,2
v4_resampled_1,headphones,180,6,0.00004519855960112096,7,2
v4_resampled_1,headphones,180,18,0.000050699803635547984,7,2
v4_resampled_1,headphones,180,24,0.00005573966173422321,7,2
v4_resampled_1,headphones,180,30,0.00006183995431095444,7,2
v4_resampled_1,headphones,180,42,0.00007672776168325245,7,2
v4_resampled_1,headphones,180,48,0.00008520511543928356,7,2
v4_resampled_1,headphones,180,54,0.00009420545455630546,7,2
v4_resampled_1,headphones,180,66,0.00011705677213274714,7,2
v4_resampled_1,headphones,180,72,0.00013000960381326628,7,2
v4_resampled_1,headphones,180,78,0.00014225715651635043,7,2
v4_resampled_1,headphones,180,84,0.00015590144726094354,7,2
v4_resampled_1,headphones,180,90,0.00017249107041278277,7,2
v4_resampled_1,headphones,180,96,0.0001917062507131755,7,2
v4_resampled_1,headphones,180,102,0.0002145754305901676,7,2
v4_resampled_1,headphones,180,114,0.00027696788488589956,7,2
v4_resampled_1,headphones,180,120,0.0003131337862536819,7,2
v4_resampled_1,headphones,180,126,0.0003534491844417474,7,2
v4_resampled_1,headphones,180,138,0.00045029776647637445,7,2
v4_resampled_1,headphones,180,144,0.0005085405898204463,7,2
v4_resampled_1,headphones,180,150,0.0005741192670896756,7,2
v4_resampled_1,headphones,180,162,0.0007283049432803338,7,2
v4_resampled_1,headphones,180,168,0.0008255518021363553,7,2
v4_resampled_1,headphones,180,174,0.0009418133937952386,7,2
v4_resampled_1,headphones,192,168,0.0007992288106650616,7,2
v4_resampled_1,headphones,192,72,0.00012586420471958514,7,2
v4_resampled_1,headphones,192,120,0.0003031494122100435,7,2
v4_resampled_1,headphones,192,96,0.00018559363368604573,7,2
v4_resampled_1,headphones,192,24,0.000053962384237346655,7,2
v4_resampled_1,headphones,192,0,0.00004254297726424438,7,2
v4_resampled_1,headphones,192,6,0.000043757388622127244,7,2
v4_resampled_1,headphones,192,12,0.00004576831908992928,7,2
v4_resampled_1,headphones,192,18,0.00004908322367625142,7,2
v4_resampled_1,headphones,192,30,0.000059868166973442834,7,2
v4_resampled_1,headphones,192,36,0.00006677004478956016,7,2
v4_resampled_1,headphones,192,42,0.00007428127169779892,7,2
v4_resampled_1,headphones,192,48,0.00008248832223355791,7,2
v4_resampled_1,headphones,192,54,0.00009120168256959583,7,2
v4_resampled_1,headphones,192,60,0.00010154393599109348,7,2
v4_resampled_1,headphones,192,66,0.00011332437834893682,7,2
v4_resampled_1,headphones,192,78,0.00013772124016558983,7,2
v4_resampled_1,headphones,192,84,0.0001509304782000173,7,2
v4_resampled_1,headphones,192,90,0.0001669911357465396,7,2
v4_resampled_1,headphones,192,102,0.0002077336222205931,7,2
v4_resampled_1,headphones,192,108,0.00023479556798581945,7,2
v4_resampled_1,headphones,192,114,0.0002681366725345889,7,2
v4_resampled_1,headphones,192,126,0.0003421793406311962,7,2
v4_resampled_1,headphones,192,132,0.0003845197981416416,7,2
v4_resampled_1,headphones,192,138,0.0004359398736877863,7,2
v4_resampled_1,headphones,192,144,0.0004923256054015297,7,2
v4_resampled_1,headphones,192,150,0.0005558132849187218,7,2
v4_resampled_1,headphones,192,156,0.0006252179867613877,7,2
v4_resampled_1,headphones,192,162,0.0007050826999748765,7,2
v4_resampled_1,headphones,192,174,0.000911783363131789,7,2
v4_resampled_1,headphones,192,180,0.0010310837064381674,7,2
v4_resampled_1,headphones,192,186,0.0011690077041869216,7,2
v4_resampled_1,headphones,186,132,0.00038164463038652227,7,2
v4_resampled_1,headphones,186,180,0.00102337398995567,7,2
v4_resampled_1,headphones,186,156,0.0006205430477747768,7,2
v4_resampled_1,headphones,186,84,0.00014980192657203175,7,2
v4_resampled_1,headphones,186,60,0.00010078466208140052,7,2
v4_resampled_1,headphones,186,36,0.00006627078550378456,7,2
v4_resampled_1,headphones,186,0,0.000042224870896176844,7,2
v4_resampled_1,headphones,186,6,0.00004343020174274515,7,2
v4_resampled_1,headphones,186,12,0.000045426095891307646,7,2
v4_resampled_1,headphones,186,18,0.00004871621395994231,7,2
v4_resampled_1,headphones,186,24,0.00005355889160082094,7,2
v4_resampled_1,headphones,186,30,0.00005942051506040231,7,2
v4_resampled_1,headphones,186,42,0.00007372584875669968,7,2
v4_resampled_1,headphones,186,48,0.00008187153275898186,7,2
v4_resampled_1,headphones,186,54,0.0000905197407340804,7,2
v4_resampled_1,headphones,186,66,0.00011247701860290443,7,2
v4_resampled_1,headphones,186,72,0.0001249230809993443,7,2
v4_resampled_1,headphones,186,78,0.00013669145789993624,7,2
v4_resampled_1,headphones,186,90,0.00016574249385291115,7,2
v4_resampled_1,headphones,186,96,0.0001842058954376946,7,2
v4_resampled_1,headphones,186,102,0.0002061803367587025,7,2
v4_resampled_1,headphones,186,108,0.00023303993238687107,7,2
v4_resampled_1,headphones,186,114,0.00026613173567942,7,2
v4_resampled_1,headphones,186,120,0.00030088267479058765,7,2
v4_resampled_1,headphones,186,126,0.0003396207649443132,7,2
v4_resampled_1,headphones,186,138,0.00043268022288682565,7,2
v4_resampled_1,headphones,186,144,0.0004886443418813915,7,2
v4_resampled_1,headphones,186,150,0.0005516573053244647,7,2
v4_resampled_1,headphones,186,162,0.000699810589010872,7,2
v4_resampled_1,headphones,186,168,0.000793252741509478,7,2
v4_resampled_1,headphones,186,174,0.0009049656904449733,7,2
v4_resampled_1,headphones,246,0,0.00004058417415884086,7,2
v4_resampled_1,headphones,246,216,0.0022251661438230344,7,2
v4_resampled_1,headphones,246,240,0.004484384858584916,7,2
v4_resampled_1,headphones,246,192,0.0012760645412028815,7,2
v4_resampled_1,headphones,246,144,0.0004696574945464698,7,2
v4_resampled_1,headphones,246,120,0.0002891915266029786,7,2
v4_resampled_1,headphones,246,96,0.00017704835995615854,7,2
v4_resampled_1,headphones,246,48,0.00007869031861131435,7,2
v4_resampled_1,headphones,246,24,0.000051477798234760357,7,2
v4_resampled_1,headphones,246,6,0.00004174267046582615,7,2
v4_resampled_1,headphones,246,12,0.00004366101181320496,7,2
v4_resampled_1,headphones,246,18,0.00004682328849674855,7,2
v4_resampled_1,headphones,246,30,0.00005711166146011224,7,2
v4_resampled_1,headphones,246,36,0.00006369575663456424,7,2
v4_resampled_1,headphones,246,42,0.00007086114468667727,7,2
v4_resampled_1,headphones,246,54,0.00008700249035214168,7,2
v4_resampled_1,headphones,246,60,0.00009686855617649278,7,2
v4_resampled_1,headphones,246,66,0.00010810659251206297,7,2
v4_resampled_1,headphones,246,72,0.00012006904859939802,7,2
v4_resampled_1,headphones,246,78,0.00013138015145332637,7,2
v4_resampled_1,headphones,246,84,0.0001439811975335063,7,2
v4_resampled_1,headphones,246,90,0.00015930237543144732,7,2
v4_resampled_1,headphones,246,102,0.0001981689586622571,7,2
v4_resampled_1,headphones,246,108,0.0002239848932921104,7,2
v4_resampled_1,headphones,246,114,0.0002557908758694648,7,2
v4_resampled_1,headphones,246,126,0.0003264244029626322,7,2
v4_resampled_1,headphones,246,132,0.00036681538196947893,7,2
v4_resampled_1,headphones,246,138,0.00041586792684107204,7,2
v4_resampled_1,headphones,246,150,0.0005302220156062593,7,2
v4_resampled_1,headphones,246,156,0.0005964311219772055,7,2
v4_resampled_1,headphones,246,162,0.0006726186302014204,7,2
v4_resampled_1,headphones,246,168,0.0007624299785914434,7,2
v4_resampled_1,headphones,246,174,0.0008698021902565451,7,2
v4_resampled_1,headphones,246,180,0.0009836095968205616,7,2
v4_resampled_1,headphones,246,186,0.001115183170304888,7,2
v4_resampled_1,headphones,246,198,0.0014476594318814388,7,2
v4_resampled_1,headphones,246,204,0.0016562473381794467,7,2
v4_resampled_1,headphones,246,210,0.0019178381685916062,7,2
v4_resampled_1,headphones,246,222,0.0026038843996781563,7,2
v4_resampled_1,headphones,246,228,0.0030539068375984683,7,2
v4_resampled_1,headphones,246,234,0.003651967025716108,7,2
v4_resampled_1,headphones,252,180,0.0009330296035220424,7,2
v4_resampled_1,headphones,252,204,0.0015710784057731382,7,2
v4_resampled_1,headphones,252,156,0.0005657609432293066,7,2
v4_resampled_1,headphones,252,84,0.00013657727627257326,7,2
v4_resampled_1,headphones,252,108,0.0002124669552419886,7,2
v4_resampled_1,headphones,252,60,0.00009188730046479425,7,2
v4_resampled_1,headphones,252,12,0.00004141583883801555,7,2
v4_resampled_1,headphones,252,0,0.00003849722089647392,7,2
v4_resampled_1,headphones,252,6,0.00003959614403984522,7,2
v4_resampled_1,headphones,252,18,0.0000444155022916977,7,2
v4_resampled_1,headphones,252,24,0.000048830663946773434,7,2
v4_resampled_1,headphones,252,30,0.000054174817957103234,7,2
v4_resampled_1,headphones,252,36,0.000060420340296482176,7,2
v4_resampled_1,headphones,252,42,0.0000672172637862031,7,2
v4_resampled_1,headphones,252,48,0.00007464383939752463,7,2
v4_resampled_1,headphones,252,54,0.00008252857570837413,7,2
v4_resampled_1,headphones,252,66,0.00010254744512019036,7,2
v4_resampled_1,headphones,252,72,0.00011389475781050362,7,2
v4_resampled_1,headphones,252,78,0.00012462421169679312,7,2
v4_resampled_1,headphones,252,90,0.00015111059577841598,7,2
v4_resampled_1,headphones,252,96,0.0001679440314816873,7,2
v4_resampled_1,headphones,252,102,0.00018797854914052076,7,2
v4_resampled_1,headphones,252,114,0.00024263738404799352,7,2
v4_resampled_1,headphones,252,120,0.00027432047865382403,7,2
v4_resampled_1,headphones,252,126,0.00030963873498247765,7,2
v4_resampled_1,headphones,252,132,0.00034795269536924364,7,2
v4_resampled_1,headphones,252,138,0.00039448281935464336,7,2
v4_resampled_1,headphones,252,144,0.0004455063750336603,7,2
v4_resampled_1,headphones,252,150,0.0005029564967634361,7,2
v4_resampled_1,headphones,252,162,0.0006380306738435144,7,2
v4_resampled_1,headphones,252,168,0.000723223668148359,7,2
v4_resampled_1,headphones,252,174,0.0008250744963661822,7,2
v4_resampled_1,headphones,252,186,0.0010578372909407865,7,2
v4_resampled_1,headphones,252,192,0.0012104456857635376,7,2
v4_resampled_1,headphones,252,198,0.001373216680814565,7,2
v4_resampled_1,headphones,252,210,0.0018192174942625165,7,2
v4_resampled_1,headphones,252,216,0.0021107417939524495,7,2
v4_resampled_1,headphones,252,222,0.002469985283695994,7,2
v4_resampled_1,headphones,252,228,0.002896866292366566,7,2
v4_resampled_1,headphones,252,234,0.003464172530538128,7,2
v4_resampled_1,headphones,252,240,0.004253785079131376,7,2
v4_resampled_1,headphones,252,246,0.005478028679735842,7,2
v4_resampled_1,headphones,210,144,0.00044138420574080754,7,2
v4_resampled_1,headphones,210,168,0.0007165318438249004,7,2
v4_resampled_1,headphones,210,48,0.0000739531769066863,7,2
v4_resampled_1,headphones,210,120,0.0002717822535758506,7,2
v4_resampled_1,headphones,210,72,0.00011284091548730928,7,2
v4_resampled_1,headphones,210,24,0.00004837884490500149,7,2
v4_resampled_1,headphones,210,0,0.00003814101485603806,7,2
v4_resampled_1,headphones,210,6,0.00003922976991318072,7,2
v4_resampled_1,headphones,210,12,0.00004103262748872145,7,2
v4_resampled_1,headphones,210,18,0.00004400453573783046,7,2
v4_resampled_1,headphones,210,30,0.00005367355067218093,7,2
v4_resampled_1,headphones,210,36,0.000059861284612003814,7,2
v4_resampled_1,headphones,210,42,0.00006659531771257367,7,2
v4_resampled_1,headphones,210,54,0.00008176495754344387,7,2
v4_resampled_1,headphones,210,60,0.00009103708814549676,7,2
v4_resampled_1,headphones,210,66,0.00010159859690381389,7,2
v4_resampled_1,headphones,210,78,0.00012347109217394973,7,2
v4_resampled_1,headphones,210,84,0.00013531355775830994,7,2
v4_resampled_1,headphones,210,90,0.00014971240375996243,7,2
v4_resampled_1,headphones,210,96,0.0001663900835063314,7,2
v4_resampled_1,headphones,210,102,0.00018623922632404394,7,2
v4_resampled_1,headphones,210,108,0.00021050104676631693,7,2
v4_resampled_1,headphones,210,114,0.00024039231544769574,7,2
v4_resampled_1,headphones,210,126,0.00030677371810112304,7,2
v4_resampled_1,headphones,210,132,0.0003447331681153226,7,2
v4_resampled_1,headphones,210,138,0.0003908327594326527,7,2
v4_resampled_1,headphones,210,150,0.0004983027545438282,7,2
v4_resampled_1,headphones,210,156,0.0005605260857323762,7,2
v4_resampled_1,headphones,210,162,0.0006321271209450465,7,2
v4_resampled_1,headphones,210,174,0.000817440269464312,7,2
v4_resampled_1,headphones,210,180,0.0009243964925353128,7,2
v4_resampled_1,headphones,210,186,0.0010480493627720363,7,2
v4_resampled_1,headphones,210,192,0.0011992457067819943,7,2
v4_resampled_1,headphones,210,198,0.00136051061878872,7,2
v4_resampled_1,headphones,210,204,0.0015565415741499034,7,2
v4_resampled_1,headphones,204,108,0.00020671313690453225,7,2
v4_resampled_1,headphones,204,180,0.0009077622256560568,7,2
v4_resampled_1,headphones,204,132,0.0003385297872426473,7,2
v4_resampled_1,headphones,204,12,0.00004029425636559813,7,2
v4_resampled_1,headphones,204,84,0.0001328786265893696,7,2
v4_resampled_1,headphones,204,36,0.00005878409685543836,7,2
v4_resampled_1,headphones,204,0,0.000037454677526456885,7,2
v4_resampled_1,headphones,204,6,0.000038523840728445314,7,2
v4_resampled_1,headphones,204,18,0.000043212685923089987,7,2
v4_resampled_1,headphones,204,24,0.00004750828057036973,7,2
v4_resampled_1,headphones,204,30,0.00005270770952777153,7,2
v4_resampled_1,headphones,204,42,0.00006539695283701961,7,2
v4_resampled_1,headphones,204,48,0.00007262240932895472,7,2
v4_resampled_1,headphones,204,54,0.00008029361906895602,7,2
v4_resampled_1,headphones,204,60,0.00008939890016842095,7,2
v4_resampled_1,headphones,204,66,0.00009977035741015155,7,2
v4_resampled_1,headphones,204,72,0.00011081037348690918,7,2
v4_resampled_1,headphones,204,78,0.00012124926299601582,7,2
v4_resampled_1,headphones,204,90,0.00014701836922025082,7,2
v4_resampled_1,headphones,204,96,0.00016339593859399519,7,2
v4_resampled_1,headphones,204,102,0.00018288790141197763,7,2
v4_resampled_1,headphones,204,114,0.0002360665202254399,7,2
v4_resampled_1,headphones,204,120,0.0002668916048385026,7,2
v4_resampled_1,headphones,204,126,0.00030125340734741223,7,2
v4_resampled_1,headphones,204,138,0.0003837998287821608,7,2
v4_resampled_1,headphones,204,144,0.0004334416153763156,7,2
v4_resampled_1,headphones,204,150,0.0004893359301641545,7,2
v4_resampled_1,headphones,204,156,0.0005504395692016993,7,2
v4_resampled_1,headphones,204,162,0.0006207521629953721,7,2
v4_resampled_1,headphones,204,168,0.0007036380455317253,7,2
v4_resampled_1,headphones,204,174,0.0008027306511242132,7,2
v4_resampled_1,headphones,204,186,0.0010291899956673754,7,2
v4_resampled_1,headphones,204,192,0.001177665602030946,7,2
v4_resampled_1,headphones,204,198,0.001336028595211452,7,2
v4_resampled_1,headphones,198,192,0.0011755294921273166,7,2
v4_resampled_1,headphones,198,168,0.0007023617509749016,7,2
v4_resampled_1,headphones,198,144,0.00043265541687849613,7,2
v4_resampled_1,headphones,198,96,0.00016309956271102707,7,2
v4_resampled_1,headphones,198,72,0.00011060937998262236,7,2
v4_resampled_1,headphones,198,48,0.00007249068310079172,7,2
v4_resampled_1,headphones,198,0,0.00003738674032300659,7,2
v4_resampled_1,headphones,198,6,0.00003845396422227593,7,2
v4_resampled_1,headphones,198,12,0.00004022116858929431,7,2
v4_resampled_1,headphones,198,18,0.00004313430455048001,7,2
v4_resampled_1,headphones,198,24,0.000047422107629209054,7,2
v4_resampled_1,headphones,198,30,0.000052612105597313165,7,2
v4_resampled_1,headphones,198,36,0.00005867747126388482,7,2
v4_resampled_1,headphones,198,42,0.00006527833251017858,7,2
v4_resampled_1,headphones,198,54,0.00008014797840950596,7,2
v4_resampled_1,headphones,198,60,0.00008923674388594637,7,2
v4_resampled_1,headphones,198,66,0.0000995893888498194,7,2
v4_resampled_1,headphones,198,186,0.001027323198387509,7,2
v4_resampled_1,headphones,198,180,0.0009061156802555453,7,2
v4_resampled_1,headphones,198,162,0.0006196262110776231,7,2
v4_resampled_1,headphones,198,78,0.00012102933490178696,7,2
v4_resampled_1,headphones,198,138,0.0003831036730874891,7,2
v4_resampled_1,headphones,198,132,0.0003379157446570818,7,2
v4_resampled_1,headphones,198,84,0.00013263760456261732,7,2
v4_resampled_1,headphones,198,90,0.0001467516998075028,7,2
v4_resampled_1,headphones,198,102,0.0001825561700131945,7,2
v4_resampled_1,headphones,198,108,0.00020633819007905772,7,2
v4_resampled_1,headphones,198,114,0.00023563833073692999,7,2
v4_resampled_1,headphones,198,120,0.0002664075032401305,7,2
v4_resampled_1,headphones,198,126,0.00030070697855996426,7,2
v4_resampled_1,headphones,198,150,0.0004884483477088092,7,2
v4_resampled_1,headphones,198,156,0.0005494411538509465,7,2
v4_resampled_1,headphones,198,174,0.0008012746173478542,7,2
v4_resampled_1,headphones,240,0,0.00003644816276863717,7,2
v4_resampled_1,headphones,240,6,0.000037488594484670175,7,2
v4_resampled_1,headphones,240,228,0.0027426773072033784,7,2
v4_resampled_1,headphones,240,18,0.000042051436942214494,7,2
v4_resampled_1,headphones,240,24,0.000046231596624046986,7,2
v4_resampled_1,headphones,240,30,0.00005129130199220779,7,2
v4_resampled_1,headphones,240,42,0.000063639548889264,7,2
v4_resampled_1,headphones,240,48,0.00007067083661320021,7,2
v4_resampled_1,headphones,240,54,0.00007813589891518918,7,2
v4_resampled_1,headphones,240,66,0.00009708924135848268,7,2
v4_resampled_1,headphones,240,72,0.00010783258049549143,7,2
v4_resampled_1,headphones,240,78,0.00011799094706220339,7,2
v4_resampled_1,headphones,240,90,0.0001430675633913595,7,2
v4_resampled_1,headphones,240,114,0.00022972273482597374,7,2
v4_resampled_1,headphones,240,126,0.00029315786306927815,7,2
v4_resampled_1,headphones,240,138,0.00037348602508047217,7,2
v4_resampled_1,headphones,240,162,0.0006040707695282386,7,2
v4_resampled_1,headphones,240,174,0.0007811589730249937,7,2
v4_resampled_1,headphones,240,186,0.0010015327045718098,7,2
v4_resampled_1,headphones,240,210,0.001722387585346596,7,2
v4_resampled_1,headphones,240,222,0.0023385175230801105,7,2
v4_resampled_1,headphones,240,234,0.0032797880291473252,7,2
v4_resampled_1,headphones,240,198,0.0013001256696823353,7,2
v4_resampled_1,headphones,240,96,0.00015900502043840567,7,2
v4_resampled_1,headphones,240,150,0.0004761860683106165,7,2
v4_resampled_1,headphones,240,168,0.0006847292703462795,7,2
v4_resampled_1,headphones,240,192,0.0011460183449591539,7,2
v4_resampled_1,headphones,240,102,0.00017797317823306852,7,2
v4_resampled_1,headphones,240,216,0.001998395174431685,7,2
v4_resampled_1,headphones,240,144,0.00042179379429385297,7,2
v4_resampled_1,headphones,240,204,0.0014874559805213145,7,2
v4_resampled_1,headphones,240,120,0.0002597194608834954,7,2
v4_resampled_1,headphones,240,180,0.0008833680474904924,7,2
v4_resampled_1,headphones,240,156,0.0005356476770729226,7,2
v4_resampled_1,headphones,240,132,0.0003294325195761302,7,2
v4_resampled_1,headphones,240,108,0.00020115816122004892,7,2
v4_resampled_1,headphones,240,84,0.00012930779625538682,7,2
v4_resampled_1,headphones,240,60,0.00008699649496045175,7,2
v4_resampled_1,headphones,240,36,0.00005720439934053363,7,2
v4_resampled_1,headphones,240,12,0.00003921143396888427,7,2
v4_resampled_1,headphones,216,6,0.000037058115733751436,7,2
v4_resampled_1,headphones,216,30,0.00005070232777436606,7,2
v4_resampled_1,headphones,216,36,0.0000565475254642607,7,2
v4_resampled_1,headphones,216,42,0.00006290878066784999,7,2
v4_resampled_1,headphones,216,54,0.00007723867018124299,7,2
v4_resampled_1,headphones,216,78,0.00011663606576539119,7,2
v4_resampled_1,headphones,216,90,0.00014142472916851652,7,2
v4_resampled_1,headphones,216,102,0.00017592952542303515,7,2
v4_resampled_1,headphones,216,126,0.0002897915530635063,7,2
v4_resampled_1,headphones,216,132,0.0003256496703792323,7,2
v4_resampled_1,headphones,216,150,0.000470718058994475,7,2
v4_resampled_1,headphones,216,174,0.000772188982455883,7,2
v4_resampled_1,headphones,216,198,0.0012851964230136959,7,2
v4_resampled_1,headphones,216,18,0.00004156856340966249,7,2
v4_resampled_1,headphones,216,84,0.0001278229644183643,7,2
v4_resampled_1,headphones,216,156,0.0005294968745120762,7,2
v4_resampled_1,headphones,216,114,0.0002270848456944951,7,2
v4_resampled_1,headphones,216,180,0.0008732243976974687,7,2
v4_resampled_1,headphones,216,162,0.0005971342696698806,7,2
v4_resampled_1,headphones,216,210,0.001702609536408514,7,2
v4_resampled_1,headphones,216,204,0.0014703756337827042,7,2
v4_resampled_1,headphones,216,0,0.00003602963121797203,7,2
v4_resampled_1,headphones,216,192,0.0011328587012742022,7,2
v4_resampled_1,headphones,216,108,0.00019884827696940003,7,2
v4_resampled_1,headphones,216,168,0.0006768665749033588,7,2
v4_resampled_1,headphones,216,144,0.0004169503674273933,7,2
v4_resampled_1,headphones,216,120,0.00025673712157077097,7,2
v4_resampled_1,headphones,216,96,0.00015717917757795643,7,2
v4_resampled_1,headphones,216,12,0.00003876117197990625,7,2
v4_resampled_1,headphones,216,72,0.00010659434696878457,7,2
v4_resampled_1,headphones,216,48,0.00006985932863617888,7,2
v4_resampled_1,headphones,216,24,0.000045700722627801706,7,2
v4_resampled_1,headphones,216,138,0.000369197312746165,7,2
v4_resampled_1,headphones,216,186,0.0009900321787827042,7,2
v4_resampled_1,headphones,216,66,0.00009597437279853357,7,2
v4_resampled_1,headphones,216,60,0.00008599752065907598,7,2
v4_resampled_1,headphones,222,126,0.0002850655477596748,7,2
v4_resampled_1,headphones,222,0,0.0000354420494667747,7,2
v4_resampled_1,headphones,222,6,0.000036453761156620776,7,2
v4_resampled_1,headphones,222,18,0.000040890651134201194,7,2
v4_resampled_1,headphones,222,42,0.0000618828458952491,7,2
v4_resampled_1,headphones,222,54,0.00007597903938428358,7,2
v4_resampled_1,headphones,222,66,0.00009440919469005233,7,2
v4_resampled_1,headphones,222,90,0.00013911833337099347,7,2
v4_resampled_1,headphones,222,96,0.0001546158536334434,7,2
v4_resampled_1,headphones,222,102,0.0001730604153283471,7,2
v4_resampled_1,headphones,222,114,0.00022338147969287544,7,2
v4_resampled_1,headphones,222,138,0.00036317633511671573,7,2
v4_resampled_1,headphones,222,150,0.00046304145137807074,7,2
v4_resampled_1,headphones,222,162,0.0005873960295599592,7,2
v4_resampled_1,headphones,222,186,0.00097388644479416,7,2
v4_resampled_1,headphones,222,192,0.0011143837106331177,7,2
v4_resampled_1,headphones,222,210,0.0016748428827074054,7,2
v4_resampled_1,headphones,222,198,0.0012642370643042408,7,2
v4_resampled_1,headphones,222,30,0.0000498754594014093,7,2
v4_resampled_1,headphones,222,24,0.00004495542189268825,7,2
v4_resampled_1,headphones,222,48,0.00006872004229685503,7,2
v4_resampled_1,headphones,222,84,0.00012573839017385456,7,2
v4_resampled_1,headphones,222,144,0.0004101506190321578,7,2
v4_resampled_1,headphones,222,132,0.0003203388804230249,7,2
v4_resampled_1,headphones,222,168,0.0006658280370675835,7,2
v4_resampled_1,headphones,222,216,0.001943231571806875,7,2
v4_resampled_1,headphones,222,180,0.0008589835991257831,7,2
v4_resampled_1,headphones,222,174,0.0007595958989513163,7,2
v4_resampled_1,headphones,222,60,0.00008459504796981131,7,2
v4_resampled_1,headphones,222,72,0.0001048559752191341,7,2
v4_resampled_1,headphones,222,204,0.0014463963184078391,7,2
v4_resampled_1,headphones,222,78,0.00011473393073213015,7,2
v4_resampled_1,headphones,222,156,0.0005208616848012225,7,2
v4_resampled_1,headphones,222,108,0.00019560540117926543,7,2
v4_resampled_1,headphones,222,36,0.000055625331899826094,7,2
v4_resampled_1,headphones,222,12,0.000038129043464001516,7,2
v4_resampled_1,headphones,222,120,0.00025255017759187587,7,2
v4_resampled_1,headphones,234,6,0.00003562333266346623,7,2
v4_resampled_1,headphones,234,18,0.00003995914884944132,7,2
v4_resampled_1,headphones,234,30,0.0000487392802725078,7,2
v4_resampled_1,headphones,234,54,0.00007424821224367245,7,2
v4_resampled_1,headphones,234,60,0.00008266794536132907,7,2
v4_resampled_1,headphones,234,78,0.00011212025460685372,7,2
v4_resampled_1,headphones,234,102,0.00016911804298140674,7,2
v4_resampled_1,headphones,234,114,0.00021829277719156098,7,2
v4_resampled_1,headphones,234,126,0.0002785716621971051,7,2
v4_resampled_1,headphones,234,150,0.00045249321705229014,7,2
v4_resampled_1,headphones,234,156,0.0005089962868195689,7,2
v4_resampled_1,headphones,234,162,0.0005740149576421179,7,2
v4_resampled_1,headphones,234,174,0.0007422920582018673,7,2
v4_resampled_1,headphones,234,198,0.0012354373342629477,7,2
v4_resampled_1,headphones,234,210,0.0016366894190529412,7,2
v4_resampled_1,headphones,234,222,0.0022221635355812877,7,2
v4_resampled_1,headphones,234,0,0.00003463466809379236,7,2
v4_resampled_1,headphones,234,96,0.00015109365437946233,7,2
v4_resampled_1,headphones,234,24,0.00004393132281273096,7,2
v4_resampled_1,headphones,234,42,0.00006047313461064072,7,2
v4_resampled_1,headphones,234,72,0.00010246732212171103,7,2
v4_resampled_1,headphones,234,90,0.0001359491726510582,7,2
v4_resampled_1,headphones,234,120,0.00024679700269937343,7,2
v4_resampled_1,headphones,234,192,0.0010889976885532253,7,2
v4_resampled_1,headphones,234,168,0.0006506602586003209,7,2
v4_resampled_1,headphones,234,216,0.0018989641268347985,7,2
v4_resampled_1,headphones,234,144,0.00040080725500818393,7,2
v4_resampled_1,headphones,234,132,0.000313041456910933,7,2
v4_resampled_1,headphones,234,228,0.0026062141684985956,7,2
v4_resampled_1,headphones,234,138,0.0003549030605038542,7,2
v4_resampled_1,headphones,234,204,0.0014134469415235352,7,2
v4_resampled_1,headphones,234,48,0.00006715457746240552,7,2
v4_resampled_1,headphones,234,108,0.000191149446748217,7,2
v4_resampled_1,headphones,234,84,0.0001228740288961481,7,2
v4_resampled_1,headphones,234,36,0.00005435816881198091,7,2
v4_resampled_1,headphones,234,12,0.00003726045149695597,7,2
v4_resampled_1,headphones,234,180,0.0008394156743565978,7,2
v4_resampled_1,headphones,234,186,0.0009517009959627065,7,2
v4_resampled_1,headphones,234,66,0.00009225852263869481,7,2
v4_resampled_1,headphones,258,240,0.0037412768414863376,7,2
v4_resampled_1,headphones,258,246,0.004818020058662373,7,2
v4_resampled_1,headphones,258,18,0.00003906419507231993,7,2
v4_resampled_1,headphones,258,24,0.000042947405376618226,7,2
v4_resampled_1,headphones,258,30,0.00004764768037035751,7,2
v4_resampled_1,headphones,258,42,0.00005911873488510881,7,2
v4_resampled_1,headphones,258,66,0.00009019223454987097,7,2
v4_resampled_1,headphones,258,78,0.00010960912891370427,7,2
v4_resampled_1,headphones,258,90,0.00013290435740689457,7,2
v4_resampled_1,headphones,258,114,0.0002134037354804376,7,2
v4_resampled_1,headphones,258,120,0.00024126955989571796,7,2
v4_resampled_1,headphones,258,126,0.00027233257131402264,7,2
v4_resampled_1,headphones,258,138,0.0003469543968397054,7,2
v4_resampled_1,headphones,258,162,0.0005611589066686225,7,2
v4_resampled_1,headphones,258,174,0.0007256671525083566,7,2
v4_resampled_1,headphones,258,186,0.0009303860174020744,7,2
v4_resampled_1,headphones,258,210,0.0016000329481387391,7,2
v4_resampled_1,headphones,258,216,0.0018564335633252428,7,2
v4_resampled_1,headphones,258,222,0.0021723943661466965,7,2
v4_resampled_1,headphones,258,234,0.003046799079482864,7,2
v4_resampled_1,headphones,258,198,0.0012077675930264352,7,2
v4_resampled_1,headphones,258,204,0.0013817903693617197,7,2
v4_resampled_1,headphones,258,192,0.0010646077147247212,7,2
v4_resampled_1,headphones,258,0,0.00003385896520916195,7,2
v4_resampled_1,headphones,258,6,0.0000348254869375489,7,2
v4_resampled_1,headphones,258,72,0.00010017239043260388,7,2
v4_resampled_1,headphones,258,48,0.00006565053534735939,7,2
v4_resampled_1,headphones,258,96,0.00014770965245300852,7,2
v4_resampled_1,headphones,258,102,0.0001653303539113553,7,2
v4_resampled_1,headphones,258,144,0.0003918304880575474,7,2
v4_resampled_1,headphones,258,168,0.0006360876044566809,7,2
v4_resampled_1,headphones,258,150,0.0004423588541996551,7,2
v4_resampled_1,headphones,258,252,0.006297886021462193,7,2
v4_resampled_1,headphones,258,228,0.0025478435254482905,7,2
v4_resampled_1,headphones,258,180,0.0008206155184481023,7,2
v4_resampled_1,headphones,258,156,0.0004975964406630283,7,2
v4_resampled_1,headphones,258,132,0.00030603035576577025,7,2
v4_resampled_1,headphones,258,108,0.00018686832654702033,7,2
v4_resampled_1,headphones,258,84,0.00012012205395581472,7,2
v4_resampled_1,headphones,258,60,0.0000808164547245604,7,2
v4_resampled_1,headphones,258,36,0.00005314072424931064,7,2
v4_resampled_1,headphones,258,12,0.00003642593968265045,7,2
v4_resampled_1,headphones,258,54,0.00007258529599281982,7,2
v4_resampled_1,headphones,228,162,0.0005532246300565427,7,2
v4_resampled_1,headphones,228,18,0.000038511862879693876,7,2
v4_resampled_1,headphones,228,12,0.00003591091002195648,7,2
v4_resampled_1,headphones,228,6,0.00003433308622318954,7,2
v4_resampled_1,headphones,228,30,0.00004697398550159633,7,2
v4_resampled_1,headphones,228,54,0.00007155900591788257,7,2
v4_resampled_1,headphones,228,78,0.00010805935551141931,7,2
v4_resampled_1,headphones,228,90,0.00013102521065882475,7,2
v4_resampled_1,headphones,228,102,0.0001629927330615092,7,2
v4_resampled_1,headphones,228,126,0.00026848203641988415,7,2
v4_resampled_1,headphones,228,138,0.00034204877719509356,7,2
v4_resampled_1,headphones,228,150,0.0004361043022905372,7,2
v4_resampled_1,headphones,228,174,0.0007154068789069252,7,2
v4_resampled_1,headphones,228,180,0.0008090127613000707,7,2
v4_resampled_1,headphones,228,186,0.0009172312052261417,7,2
v4_resampled_1,headphones,228,198,0.0011906908576270758,7,2
v4_resampled_1,headphones,228,222,0.0021416786854247228,7,2
v4_resampled_1,headphones,228,216,0.0018301852810146066,7,2
v4_resampled_1,headphones,228,192,0.001049555129812323,7,2
v4_resampled_1,headphones,228,204,0.0013622531101644862,7,2
v4_resampled_1,headphones,228,144,0.00038629036129425625,7,2
v4_resampled_1,headphones,228,84,0.00011842363735408185,7,2
v4_resampled_1,headphones,228,168,0.0006270939041994139,7,2
v4_resampled_1,headphones,228,156,0.0004905608795153955,7,2
v4_resampled_1,headphones,228,96,0.0001456211722971939,7,2
v4_resampled_1,headphones,228,132,0.0003017033648448697,7,2
v4_resampled_1,headphones,228,120,0.00023785822773376208,7,2
v4_resampled_1,headphones,228,108,0.0001842261783511338,7,2
v4_resampled_1,headphones,228,72,0.00009875604393049858,7,2
v4_resampled_1,headphones,228,48,0.00006472229648135037,7,2
v4_resampled_1,headphones,228,66,0.00008891699837581061,7,2
v4_resampled_1,headphones,228,60,0.00007967378355072354,7,2
v4_resampled_1,headphones,228,24,0.00004234016812175203,7,2
v4_resampled_1,headphones,228,36,0.00005238936273557605,7,2
v4_resampled_1,headphones,228,0,0.00003338023023306937,7,2
v4_resampled_1,headphones,228,210,0.0015774099373514054,7,2
v4_resampled_1,headphones,228,42,0.00005828284973749692,7,2
v4_resampled_1,headphones,228,114,0.00021038640073402158,7,2
v4_resampled_1,headphones,264,186,0.0008212818624662575,7,2
v4_resampled_1,headphones,264,174,0.0006405698918463992,7,2
v4_resampled_1,headphones,264,30,0.00004206015024390983,7,2
v4_resampled_1,headphones,264,258,0.007221332506171388,7,2
v4_resampled_1,headphones,264,204,0.0012197510999317827,7,2
v4_resampled_1,headphones,264,6,0.00003074158493184247,7,2
v4_resampled_1,headphones,264,120,0.00021297645257058659,7,2
v4_resampled_1,headphones,264,54,0.0000640733910072139,7,2
v4_resampled_1,headphones,264,66,0.00007961560576538677,7,2
v4_resampled_1,headphones,264,180,0.0007243838887880821,7,2
v4_resampled_1,headphones,264,102,0.00014594245661781442,7,2
v4_resampled_1,headphones,264,150,0.0003904844837092257,7,2
v4_resampled_1,headphones,264,156,0.00043924448981449407,7,2
v4_resampled_1,headphones,264,210,0.001412400890679839,7,2
v4_resampled_1,headphones,264,222,0.001917642846806813,7,2
v4_resampled_1,headphones,264,246,0.00425302230812438,7,2
v4_resampled_1,headphones,264,132,0.000270142903970478,7,2
v4_resampled_1,headphones,264,138,0.00030626788010317717,7,2
v4_resampled_1,headphones,264,108,0.00016495472243986396,7,2
v4_resampled_1,headphones,264,24,0.00003791106531705256,7,2
v4_resampled_1,headphones,264,114,0.00018837838709358904,7,2
v4_resampled_1,headphones,264,84,0.00010603562645059607,7,2
v4_resampled_1,headphones,264,90,0.00011731897958419613,7,2
v4_resampled_1,headphones,264,60,0.00007133930133584902,7,2
v4_resampled_1,headphones,264,72,0.0000884254125098621,7,2
v4_resampled_1,headphones,264,36,0.00004690903793475521,7,2
v4_resampled_1,headphones,264,42,0.0000521860214845733,7,2
v4_resampled_1,headphones,264,192,0.000939763700648149,7,2
v4_resampled_1,headphones,264,96,0.00013038809290104016,7,2
v4_resampled_1,headphones,264,252,0.0055593479099669395,7,2
v4_resampled_1,headphones,264,240,0.003302546206527851,7,2
v4_resampled_1,headphones,264,0,0.00002988840490725419,7,2
v4_resampled_1,headphones,264,234,0.002689508199559267,7,2
v4_resampled_1,headphones,264,228,0.0022490639763650625,7,2
v4_resampled_1,headphones,264,48,0.00005795185324532358,7,2
v4_resampled_1,headphones,264,168,0.000561495124291105,7,2
v4_resampled_1,headphones,264,144,0.0003458814588610644,7,2
v4_resampled_1,headphones,264,216,0.0016387340156830152,7,2
v4_resampled_1,headphones,264,126,0.00024039677853665337,7,2
v4_resampled_1,headphones,264,162,0.000495353136642385,7,2
v4_resampled_1,headphones,264,198,0.0010661355605890146,7,2
v4_resampled_1,headphones,264,12,0.00003215435639089396,7,2
v4_resampled_1,headphones,264,18,0.00003448322984724666,7,2
v4_resampled_1,headphones,264,78,0.00009675552711864137,7,2
v4_resampled_1,headphones,270,102,0.00012134001284287517,7,2
v4_resampled_1,headphones,270,144,0.00028757403179953704,7,2
v4_resampled_1,headphones,270,192,0.0007813417846222203,7,2
v4_resampled_1,headphones,270,252,0.0046221734403164485,7,2
v4_resampled_1,headphones,270,78,0.0000804448354185236,7,2
v4_resampled_1,headphones,270,138,0.0002546383647796107,7,2
v4_resampled_1,headphones,270,162,0.0004118483226532762,7,2
v4_resampled_1,headphones,270,258,0.006003986772239592,7,2
v4_resampled_1,headphones,270,186,0.0006828331799309432,7,2
v4_resampled_1,headphones,270,198,0.0008864103401581761,7,2
v4_resampled_1,headphones,270,228,0.001869925024568022,7,2
v4_resampled_1,headphones,270,210,0.0011743035315842432,7,2
v4_resampled_1,headphones,270,240,0.0027458150863095884,7,2
v4_resampled_1,headphones,270,222,0.001594373652822171,7,2
v4_resampled_1,headphones,270,84,0.00008816052966006529,7,2
v4_resampled_1,headphones,270,180,0.0006022699110711591,7,2
v4_resampled_1,headphones,270,12,0.000026733892986622577,7,2
v4_resampled_1,headphones,270,6,0.00002555928135572286,7,2
v4_resampled_1,headphones,270,42,0.0000433886934885521,7,2
v4_resampled_1,headphones,270,72,0.00007351898096166133,7,2
v4_resampled_1,headphones,270,66,0.00006619429910902354,7,2
v4_resampled_1,headphones,270,60,0.00005931318370885239,7,2
v4_resampled_1,headphones,270,30,0.00003496980446296189,7,2
v4_resampled_1,headphones,270,156,0.0003651982656070144,7,2
v4_resampled_1,headphones,270,36,0.00003900128446073663,7,2
v4_resampled_1,headphones,270,54,0.00005327213387987371,7,2
v4_resampled_1,headphones,270,120,0.00017707366375104868,7,2
v4_resampled_1,headphones,270,0,0.000024849927288784426,7,2
v4_resampled_1,headphones,270,48,0.000048182542489815894,7,2
v4_resampled_1,headphones,270,108,0.00013714726066152,7,2
v4_resampled_1,headphones,270,90,0.00009754177652866553,7,2
v4_resampled_1,headphones,270,132,0.0002246032045563642,7,2
v4_resampled_1,headphones,270,126,0.00019987157178949865,7,2
v4_resampled_1,headphones,270,96,0.00010840774668198189,7,2
v4_resampled_1,headphones,270,216,0.0013624822489438709,7,2
v4_resampled_1,headphones,270,150,0.00032465804239749444,7,2
v4_resampled_1,headphones,270,24,0.00003152015704727226,7,2
v4_resampled_1,headphones,270,174,0.0005325849701635994,7,2
v4_resampled_1,headphones,270,204,0.001014129935597968,7,2
v4_resampled_1,headphones,270,234,0.002236120776904229,7,2
v4_resampled_1,headphones,270,114,0.00015662224988520628,7,2
v4_resampled_1,headphones,270,264,0.007732025536359461,7,2
v4_resampled_1,headphones,270,246,0.003536063414639363,7,2
v4_resampled_1,headphones,270,168,0.0004668403367439127,7,2
v4_resampled_1,headphones,270,18,0.000028670173501916893,7,2
v4_resampled_1,headphones,276,246,0.003444439483798113,7,2
v4_resampled_1,headphones,276,48,0.00004693407111835659,7,2
v4_resampled_1,headphones,276,96,0.00010559876315427632,7,2
v4_resampled_1,headphones,276,18,0.000027927292595632482,7,2
v4_resampled_1,headphones,276,24,0.00003070342941805372,7,2
v4_resampled_1,headphones,276,204,0.0009878525304194904,7,2
v4_resampled_1,headphones,276,180,0.0005866643264961502,7,2
v4_resampled_1,headphones,276,252,0.004502407007995549,7,2
v4_resampled_1,headphones,276,102,0.000118195937739763,7,2
v4_resampled_1,headphones,276,120,0.00017248545838850814,7,2
v4_resampled_1,headphones,276,150,0.00031624573680915773,7,2
v4_resampled_1,headphones,276,126,0.000194692643438,7,2
v4_resampled_1,headphones,276,174,0.0005187850116358942,7,2
v4_resampled_1,headphones,276,234,0.0021781800243239617,7,2
v4_resampled_1,headphones,276,270,0.009439949354733464,7,2
v4_resampled_1,headphones,276,186,0.0006651400979021854,7,2
v4_resampled_1,headphones,276,198,0.000863442313236661,7,2
v4_resampled_1,headphones,276,30,0.000034063692052086694,7,2
v4_resampled_1,headphones,276,144,0.0002801226204101779,7,2
v4_resampled_1,headphones,276,138,0.00024804035869535786,7,2
v4_resampled_1,headphones,276,54,0.000051891784678508166,7,2
v4_resampled_1,headphones,276,192,0.0007610962185101344,7,2
v4_resampled_1,headphones,276,168,0.00045474390585111565,7,2
v4_resampled_1,headphones,276,132,0.00021878344793214896,7,2
v4_resampled_1,headphones,276,162,0.0004011768052603346,7,2
v4_resampled_1,headphones,276,156,0.00035573551092541144,7,2
v4_resampled_1,headphones,276,240,0.002674667501532309,7,2
v4_resampled_1,headphones,276,114,0.0001525639668430322,7,2
v4_resampled_1,headphones,276,210,0.0011438758234387763,7,2
v4_resampled_1,headphones,276,78,0.00007836040672688622,7,2
v4_resampled_1,headphones,276,108,0.0001335935995269672,7,2
v4_resampled_1,headphones,276,228,0.0018214728728277467,7,2
v4_resampled_1,headphones,276,264,0.007531678854206299,7,2
v4_resampled_1,headphones,276,222,0.0015530613899547958,7,2
v4_resampled_1,headphones,276,84,0.00008587617745103492,7,2
v4_resampled_1,headphones,276,60,0.000057776303171129095,7,2
v4_resampled_1,headphones,276,66,0.00006447912006032723,7,2
v4_resampled_1,headphones,276,72,0.00007161401002724207,7,2
v4_resampled_1,headphones,276,36,0.00003799071124099281,7,2
v4_resampled_1,headphones,276,42,0.00004226443688302048,7,2
v4_resampled_1,headphones,276,0,0.00002420603385353338,7,2
v4_resampled_1,headphones,276,90,0.00009501434420101159,7,2
v4_resampled_1,headphones,276,216,0.0013271785892773524,7,2
v4_resampled_1,headphones,276,6,0.000024897007648301953,7,2
v4_resampled_1,headphones,276,258,0.005848415787139608,7,2
v4_resampled_1,headphones,276,12,0.00002604118358780834,7,2
v4_resampled_1,headphones,282,0,0.00002320165054997656,7,2
v4_resampled_1,headphones,282,108,0.00012805038738247305,7,2
v4_resampled_1,headphones,282,270,0.009048256623256435,7,2
v4_resampled_1,headphones,282,228,0.0017458943227678925,7,2
v4_resampled_1,headphones,282,258,0.005605746905306093,7,2
v4_resampled_1,headphones,282,210,0.0010964128732770145,7,2
v4_resampled_1,headphones,282,114,0.00014623361541294126,7,2
v4_resampled_1,headphones,282,84,0.00008231290891530541,7,2
v4_resampled_1,headphones,282,168,0.0004358751729891063,7,2
v4_resampled_1,headphones,282,6,0.00002386395370225726,7,2
v4_resampled_1,headphones,282,90,0.00009107190482860796,7,2
v4_resampled_1,headphones,282,198,0.0008276154178333552,7,2
v4_resampled_1,headphones,282,186,0.0006375413754967969,7,2
v4_resampled_1,headphones,282,234,0.0020878005899312956,7,2
v4_resampled_1,headphones,282,126,0.00018661424275585251,7,2
v4_resampled_1,headphones,282,24,0.00002942944905200014,7,2
v4_resampled_1,headphones,282,144,0.0002684994654319198,7,2
v4_resampled_1,headphones,282,162,0.0003845307372834068,7,2
v4_resampled_1,headphones,282,30,0.00003265028398360132,7,2
v4_resampled_1,headphones,282,216,0.001272109839726143,7,2
v4_resampled_1,headphones,282,276,0.011398019862125122,7,2
v4_resampled_1,headphones,282,138,0.00023774839610498464,7,2
v4_resampled_1,headphones,282,42,0.00004051075451620257,7,2
v4_resampled_1,headphones,282,18,0.000026768502743221113,7,2
v4_resampled_1,headphones,282,264,0.007219166175149108,7,2
v4_resampled_1,headphones,282,252,0.0043155881986023745,7,2
v4_resampled_1,headphones,282,246,0.003301519023198422,7,2
v4_resampled_1,headphones,282,240,0.002563687264234452,7,2
v4_resampled_1,headphones,282,156,0.00034097494296877426,7,2
v4_resampled_1,headphones,282,120,0.00016532850258319014,7,2
v4_resampled_1,headphones,282,132,0.00020970544516939584,7,2
v4_resampled_1,headphones,282,60,0.00005537898543632592,7,2
v4_resampled_1,headphones,282,36,0.00003641435898553515,7,2
v4_resampled_1,headphones,282,48,0.00004498663116662964,7,2
v4_resampled_1,headphones,282,150,0.00030312372186883004,7,2
v4_resampled_1,headphones,282,222,0.0014886200635108224,7,2
v4_resampled_1,headphones,282,204,0.0009468634698433868,7,2
v4_resampled_1,headphones,282,102,0.000113291622264854,7,2
v4_resampled_1,headphones,282,96,0.00010121714346266651,7,2
v4_resampled_1,headphones,282,66,0.0000618036816961371,7,2
v4_resampled_1,headphones,282,54,0.000049738633838588587,7,2
v4_resampled_1,headphones,282,192,0.0007295159795128139,7,2
v4_resampled_1,headphones,282,174,0.0004972590149783888,7,2
v4_resampled_1,headphones,282,72,0.00006864252298366717,7,2
v4_resampled_1,headphones,282,78,0.00007510899079263499,7,2
v4_resampled_1,headphones,282,12,0.000024960654238856953,7,2
v4_resampled_1,headphones,282,180,0.0005623218068628014,7,2
v4_resampled_1,headphones,288,276,0.010598582116421366,7,2
v4_resampled_1,headphones,288,84,0.00007653962134943331,7,2
v4_resampled_1,headphones,288,252,0.004012900175365928,7,2
v4_resampled_1,headphones,288,42,0.000037669399029991634,7,2
v4_resampled_1,headphones,288,138,0.00022107312758238573,7,2
v4_resampled_1,headphones,288,48,0.00004183134529753201,7,2
v4_resampled_1,headphones,288,102,0.00010534554038343043,7,2
v4_resampled_1,headphones,288,126,0.00017352543686241053,7,2
v4_resampled_1,headphones,288,258,0.005212569342608974,7,2
v4_resampled_1,headphones,288,282,0.013272941739787908,7,2
v4_resampled_1,headphones,288,216,0.0011828862171267855,7,2
v4_resampled_1,headphones,288,246,0.003069956088826442,7,2
v4_resampled_1,headphones,288,96,0.00009411794500756965,7,2
v4_resampled_1,headphones,288,120,0.00015373264233689614,7,2
v4_resampled_1,headphones,288,72,0.00006382805305842792,7,2
v4_resampled_1,headphones,288,0,0.000021574326204463368,7,2
v4_resampled_1,headphones,288,174,0.0004623821126064117,7,2
v4_resampled_1,headphones,288,60,0.000051494797497358596,7,2
v4_resampled_1,headphones,288,132,0.0001949970615750578,7,2
v4_resampled_1,headphones,288,54,0.00004625005057664539,7,2
v4_resampled_1,headphones,288,192,0.0006783489682975997,7,2
v4_resampled_1,headphones,288,90,0.00008468427617259378,7,2
v4_resampled_1,headphones,288,30,0.00003036024854409726,7,2
v4_resampled_1,headphones,288,228,0.001623440261578854,7,2
v4_resampled_1,headphones,288,198,0.0007695678787041322,7,2
v4_resampled_1,headphones,288,12,0.000023209956363490924,7,2
v4_resampled_1,headphones,288,24,0.000027365317501781258,7,2
v4_resampled_1,headphones,288,234,0.001941365804127856,7,2
v4_resampled_1,headphones,288,270,0.008413627278427717,7,2
v4_resampled_1,headphones,288,204,0.0008804520749715322,7,2
v4_resampled_1,headphones,288,210,0.0010195123373614955,7,2
v4_resampled_1,headphones,288,186,0.0005928253067247423,7,2
v4_resampled_1,headphones,288,240,0.0023838745957182827,7,2
v4_resampled_1,headphones,288,144,0.00024966736915870476,7,2
v4_resampled_1,headphones,288,168,0.00040530362899131604,7,2
v4_resampled_1,headphones,288,222,0.001384210781707677,7,2
v4_resampled_1,headphones,288,180,0.0005228815108222359,7,2
v4_resampled_1,headphones,288,156,0.00031705953985088596,7,2
v4_resampled_1,headphones,288,162,0.000357560404761953,7,2
v4_resampled_1,headphones,288,114,0.0001359770381068867,7,2
v4_resampled_1,headphones,288,108,0.0001190691507936777,7,2
v4_resampled_1,headphones,288,18,0.000024891005445640903,7,2
v4_resampled_1,headphones,288,66,0.00005746887647829997,7,2
v4_resampled_1,headphones,288,150,0.00028186313908239483,7,2
v4_resampled_1,headphones,288,78,0.00006984097380304586,7,2
v4_resampled_1,headphones,288,6,0.000022190176539023372,7,2
v4_resampled_1,headphones,288,36,0.000033860317721282095,7,2
v4_resampled_1,headphones,288,264,0.006712826126374533,7,2
v4_resampled_1,headphones,294,264,0.00613717037494901,7,2
v4_resampled_1,headphones,294,150,0.00025769207698827444,7,2
v4_resampled_1,headphones,294,216,0.001081448277077119,7,2
v4_resampled_1,headphones,294,282,0.01213472586662163,7,2
v4_resampled_1,headphones,294,246,0.002806693217736528,7,2
v4_resampled_1,headphones,294,144,0.0002282572425899854,7,2
v4_resampled_1,headphones,294,120,0.00014054936035147832,7,2
v4_resampled_1,headphones,294,180,0.0004780420135147954,7,2
v4_resampled_1,headphones,294,198,0.000703573889414314,7,2
v4_resampled_1,headphones,294,174,0.00042273071728240986,7,2
v4_resampled_1,headphones,294,228,0.0014842227835628768,7,2
v4_resampled_1,headphones,294,222,0.0012655083331898282,7,2
v4_resampled_1,headphones,294,36,0.00003095663955736112,7,2
v4_resampled_1,headphones,294,18,0.00002275648711106793,7,2
v4_resampled_1,headphones,294,204,0.0008049492552544317,7,2
v4_resampled_1,headphones,294,288,0.014843168770223332,7,2
v4_resampled_1,headphones,294,60,0.000047078881489735526,7,2
v4_resampled_1,headphones,294,84,0.00006997599637058553,7,2
v4_resampled_1,headphones,294,252,0.0036687755068049834,7,2
v4_resampled_1,headphones,294,96,0.00008604689783071973,7,2
v4_resampled_1,headphones,294,126,0.00015864483160496078,7,2
v4_resampled_1,headphones,294,162,0.00032689795356653973,7,2
v4_resampled_1,headphones,294,78,0.00006385178869710059,7,2
v4_resampled_1,headphones,294,210,0.0009320844598025112,7,2
v4_resampled_1,headphones,294,270,0.007692119996398145,7,2
v4_resampled_1,headphones,294,54,0.00004228389576838047,7,2
v4_resampled_1,headphones,294,6,0.000020287266719916346,7,2
v4_resampled_1,headphones,294,24,0.00002501861551473097,7,2
v4_resampled_1,headphones,294,0,0.000019724228387400263,7,2
v4_resampled_1,headphones,294,102,0.0000963116752024916,7,2
v4_resampled_1,headphones,294,12,0.000021219595728573816,7,2
v4_resampled_1,headphones,294,42,0.000034439074603866636,7,2
v4_resampled_1,headphones,294,90,0.00007742220953831462,7,2
v4_resampled_1,headphones,294,108,0.00010885842282585051,7,2
v4_resampled_1,headphones,294,276,0.00968970489579704,7,2
v4_resampled_1,headphones,294,114,0.00012431638094484695,7,2
v4_resampled_1,headphones,294,48,0.00003824411481411768,7,2
v4_resampled_1,headphones,294,72,0.00005835450359451199,7,2
v4_resampled_1,headphones,294,30,0.000027756717429169224,7,2
v4_resampled_1,headphones,294,138,0.0002021150888990327,7,2
v4_resampled_1,headphones,294,132,0.00017827516562638626,7,2
v4_resampled_1,headphones,294,186,0.0005419878068428547,7,2
v4_resampled_1,headphones,294,192,0.0006201774206181751,7,2
v4_resampled_1,headphones,294,168,0.00037054697647118047,7,2
v4_resampled_1,headphones,294,240,0.002179446371916876,7,2
v4_resampled_1,headphones,294,234,0.001774884746861055,7,2
v4_resampled_1,headphones,294,66,0.000052540655688740596,7,2
v4_resampled_1,headphones,294,258,0.004765567518744097,7,2
v4_resampled_1,headphones,294,156,0.00028987022431917767,7,2
v4_resampled_1,headphones,300,180,0.0003114378640955635,7,2
v4_resampled_1,headphones,300,228,0.0009669509383833407,7,2
v4_resampled_1,headphones,300,48,0.000024915520174390833,7,2
v4_resampled_1,headphones,300,54,0.000027547382471511983,7,2
v4_resampled_1,headphones,300,282,0.007905608708948459,7,2
v4_resampled_1,headphones,300,126,0.00010335494811758883,7,2
v4_resampled_1,headphones,300,42,0.00002243658827640685,7,2
v4_resampled_1,headphones,300,84,0.00004558840903413521,7,2
v4_resampled_1,headphones,300,264,0.003998282952394791,7,2
v4_resampled_1,headphones,300,96,0.000056058382558082534,7,2
v4_resampled_1,headphones,300,114,0.0000809904298345846,7,2
v4_resampled_1,headphones,300,252,0.0023901572986954594,7,2
v4_resampled_1,headphones,300,276,0.006312710831157842,7,2
v4_resampled_1,headphones,300,210,0.0006072403368549867,7,2
v4_resampled_1,headphones,300,270,0.0050113114628383216,7,2
v4_resampled_1,headphones,300,294,0.011380012184716995,7,2
v4_resampled_1,headphones,300,144,0.0001487064862226128,7,2
v4_resampled_1,headphones,300,198,0.0004583688110204578,7,2
v4_resampled_1,headphones,300,90,0.00005043951554568897,7,2
v4_resampled_1,headphones,300,36,0.00002016782925089574,7,2
v4_resampled_1,headphones,300,12,0.000013824277749331796,7,2
v4_resampled_1,headphones,300,156,0.000188846505065757,7,2
v4_resampled_1,headphones,300,246,0.001828522423116089,7,2
v4_resampled_1,headphones,300,78,0.000041598571105279574,7,2
v4_resampled_1,headphones,300,168,0.00024140631081933593,7,2
v4_resampled_1,headphones,300,18,0.000014825541562927629,7,2
v4_resampled_1,headphones,300,234,0.001156313250615773,7,2
v4_resampled_1,headphones,300,24,0.000016299287422976222,7,2
v4_resampled_1,headphones,300,60,0.000030671250393596656,7,2
v4_resampled_1,headphones,300,240,0.001419879641937808,7,2
v4_resampled_1,headphones,300,132,0.00011614384349974359,7,2
v4_resampled_1,headphones,300,30,0.00001808312354574454,7,2
v4_resampled_1,headphones,300,108,0.0000709197805532323,7,2
v4_resampled_1,headphones,300,6,0.00001321687809222698,7,2
v4_resampled_1,headphones,300,174,0.0002754033075671173,7,2
v4_resampled_1,headphones,300,150,0.00016788288012909835,7,2
v4_resampled_1,headphones,300,138,0.00013167522897284355,7,2
v4_resampled_1,headphones,300,162,0.0002129695666023765,7,2
v4_resampled_1,headphones,300,258,0.0031047023635610207,7,2
v4_resampled_1,headphones,300,288,0.009670122389912597,7,2
v4_resampled_1,headphones,300,192,0.00040403714689742917,7,2
v4_resampled_1,headphones,300,120,0.00009156599493426613,7,2
v4_resampled_1,headphones,300,186,0.0003530976779382031,7,2
v4_resampled_1,headphones,300,102,0.00006274574527872801,7,2
v4_resampled_1,headphones,300,72,0.00003801716469690427,7,2
v4_resampled_1,headphones,300,204,0.0005244134818162707,7,2
v4_resampled_1,headphones,300,216,0.0007045488304811966,7,2
v4_resampled_1,headphones,300,222,0.0008244614513815718,7,2
v4_resampled_1,headphones,300,0,0.000012850066283378838,7,2
v4_resampled_1,headphones,300,66,0.0000342295219317064,7,2
v4_resampled_1,headphones,306,240,0.0011750852804009973,7,2
v4_resampled_1,headphones,306,6,0.000010938222114259039,7,2
v4_resampled_1,headphones,306,12,0.000011440903028403614,7,2
v4_resampled_1,headphones,306,78,0.000034426769106158804,7,2
v4_resampled_1,headphones,306,222,0.0006823201679646044,7,2
v4_resampled_1,headphones,306,144,0.00012306874322239202,7,2
v4_resampled_1,headphones,306,108,0.00005869285519414626,7,2
v4_resampled_1,headphones,306,96,0.000046393636644574286,7,2
v4_resampled_1,headphones,306,270,0.004147336268199014,7,2
v4_resampled_1,headphones,306,246,0.001513275999474464,7,2
v4_resampled_1,headphones,306,114,0.00006702727410196836,7,2
v4_resampled_1,headphones,306,204,0.00043400197110025695,7,2
v4_resampled_1,headphones,306,66,0.000028328180916951983,7,2
v4_resampled_1,headphones,306,138,0.0001089737600211305,7,2
v4_resampled_1,headphones,306,0,0.000010634650498381494,7,2
v4_resampled_1,headphones,306,30,0.000014965502479686792,7,2
v4_resampled_1,headphones,306,276,0.00522436786754524,7,2
v4_resampled_1,headphones,306,36,0.00001669079448031571,7,2
v4_resampled_1,headphones,306,60,0.000025383373213113067,7,2
v4_resampled_1,headphones,306,90,0.000041743490446419394,7,2
v4_resampled_1,headphones,306,54,0.00002279807576624726,7,2
v4_resampled_1,headphones,306,258,0.002569436126619625,7,2
v4_resampled_1,headphones,306,156,0.00015628842178136033,7,2
v4_resampled_1,headphones,306,216,0.0005830810834728867,7,2
v4_resampled_1,headphones,306,228,0.0008002437537687903,7,2
v4_resampled_1,headphones,306,180,0.0002577444165329134,7,2
v4_resampled_1,headphones,306,288,0.00800294485844887,7,2
v4_resampled_1,headphones,306,132,0.00009612006319034444,7,2
v4_resampled_1,headphones,306,174,0.00022792239802396088,7,2
v4_resampled_1,headphones,306,120,0.00007577955881223987,7,2
v4_resampled_1,headphones,306,300,0.010266693927823298,7,2
v4_resampled_1,headphones,306,24,0.000013489208638575169,7,2
v4_resampled_1,headphones,306,192,0.00033437911920930426,7,2
v4_resampled_1,headphones,306,48,0.00002061995971046055,7,2
v4_resampled_1,headphones,306,186,0.0002922218698217864,7,2
v4_resampled_1,headphones,306,198,0.00037934373232505187,7,2
v4_resampled_1,headphones,306,72,0.00003146281509955573,7,2
v4_resampled_1,headphones,306,294,0.00941804108888735,7,2
v4_resampled_1,headphones,306,210,0.0005025490615036881,7,2
v4_resampled_1,headphones,306,42,0.000018568408087069415,7,2
v4_resampled_1,headphones,306,150,0.0001389390307771383,7,2
v4_resampled_1,headphones,306,162,0.00017625254669211915,7,2
v4_resampled_1,headphones,306,102,0.00005192806453946841,7,2
v4_resampled_1,headphones,306,264,0.0033089589465662267,7,2
v4_resampled_1,headphones,306,234,0.0009569590549779427,7,2
v4_resampled_1,headphones,306,168,0.00019978665378465565,7,2
v4_resampled_1,headphones,306,282,0.006542642173400613,7,2
v4_resampled_1,headphones,306,126,0.00008553603742345019,7,2
v4_resampled_1,headphones,306,84,0.0000377287389935396,7,2
v4_resampled_1,headphones,306,18,0.000012269543945847031,7,2
v4_resampled_1,headphones,306,252,0.00197808220963497,7,2
v4_resampled_1,headphones,312,210,0.0004364866823599615,7,2
v4_resampled_1,headphones,312,6,0.000009500342647708345,7,2
v4_resampled_1,headphones,312,90,0.000036256117165087304,7,2
v4_resampled_1,headphones,312,48,0.00001790937143029354,7,2
v4_resampled_1,headphones,312,24,0.000011715990292959264,7,2
v4_resampled_1,headphones,312,306,0.009420239051662869,7,2
v4_resampled_1,headphones,312,12,0.000009936943850074789,7,2
v4_resampled_1,headphones,312,78,0.000029901212404133396,7,2
v4_resampled_1,headphones,312,120,0.00006581798823320143,7,2
v4_resampled_1,headphones,312,168,0.000173523781796222,7,2
v4_resampled_1,headphones,312,180,0.0002238627308001246,7,2
v4_resampled_1,headphones,312,54,0.00001980116414032399,7,2
v4_resampled_1,headphones,312,30,0.000012998218537435947,7,2
v4_resampled_1,headphones,312,156,0.00013574359190027022,7,2
v4_resampled_1,headphones,312,270,0.0036021498934269646,7,2
v4_resampled_1,headphones,312,132,0.0000834846400163368,7,2
v4_resampled_1,headphones,312,66,0.00002460431160439531,7,2
v4_resampled_1,headphones,312,234,0.0008311623979792883,7,2
v4_resampled_1,headphones,312,36,0.000014496712991297662,7,2
v4_resampled_1,headphones,312,300,0.0089170899214342,7,2
v4_resampled_1,headphones,312,264,0.002873981116053494,7,2
v4_resampled_1,headphones,312,246,0.0013143489284990263,7,2
v4_resampled_1,headphones,312,150,0.00012067485791887509,7,2
v4_resampled_1,headphones,312,192,0.0002904234503143017,7,2
v4_resampled_1,headphones,312,162,0.00015308334102335713,7,2
v4_resampled_1,headphones,312,216,0.000506432400670326,7,2
v4_resampled_1,headphones,312,144,0.00010689079245441525,7,2
v4_resampled_1,headphones,312,240,0.0010206149306051231,7,2
v4_resampled_1,headphones,312,96,0.00004029498031697181,7,2
v4_resampled_1,headphones,312,42,0.000016127505677515516,7,2
v4_resampled_1,headphones,312,18,0.000010656656118246933,7,2
v4_resampled_1,headphones,312,204,0.00037695042139053886,7,2
v4_resampled_1,headphones,312,252,0.001718054230437546,7,2
v4_resampled_1,headphones,312,138,0.00009464865944350149,7,2
v4_resampled_1,headphones,312,174,0.00019796095340688456,7,2
v4_resampled_1,headphones,312,198,0.00032947725879972,7,2
v4_resampled_1,headphones,312,186,0.00025380796471868454,7,2
v4_resampled_1,headphones,312,108,0.00005097741017617754,7,2
v4_resampled_1,headphones,312,102,0.000045101882280681863,7,2
v4_resampled_1,headphones,312,258,0.0022316719627100516,7,2
v4_resampled_1,headphones,312,288,0.00695092105021954,7,2
v4_resampled_1,headphones,312,276,0.0045376007490884026,7,2
v4_resampled_1,headphones,312,282,0.0056825818509961415,7,2
v4_resampled_1,headphones,312,84,0.00003276912320488765,7,2
v4_resampled_1,headphones,312,126,0.00007429193298156268,7,2
v4_resampled_1,headphones,312,222,0.0005926260523321586,7,2
v4_resampled_1,headphones,312,60,0.000022046612379983818,7,2
v4_resampled_1,headphones,312,114,0.00005821623149162966,7,2
v4_resampled_1,headphones,312,294,0.008179996390637117,7,2
v4_resampled_1,headphones,312,0,0.000009236676913110072,7,2
v4_resampled_1,headphones,312,72,0.000027326883746273195,7,2
v4_resampled_1,headphones,312,228,0.0006950480419099484,7,2
v4_resampled_1,headphones,324,30,0.000010852635731763809,7,2
v4_resampled_1,headphones,324,96,0.00003364359061506824,7,2
v4_resampled_1,headphones,324,174,0.00016528404336717476,7,2
v4_resampled_1,headphones,324,78,0.000024965495481211414,7,2
v4_resampled_1,headphones,324,270,0.003007552191247134,7,2
v4_resampled_1,headphones,324,6,0.000007932145300186397,7,2
v4_resampled_1,headphones,324,192,0.00024248399156741947,7,2
v4_resampled_1,headphones,324,282,0.004744572547936124,7,2
v4_resampled_1,headphones,324,180,0.0001869102803814605,7,2
v4_resampled_1,headphones,324,42,0.000013465379419182568,7,2
v4_resampled_1,headphones,324,102,0.00003765702952288479,7,2
v4_resampled_1,headphones,324,48,0.000014953117133555582,7,2
v4_resampled_1,headphones,324,318,0.008258504241680086,7,2
v4_resampled_1,headphones,324,168,0.00014488065339174857,7,2
v4_resampled_1,headphones,324,162,0.00012781426408111404,7,2
v4_resampled_1,headphones,324,72,0.000022816104693763732,7,2
v4_resampled_1,headphones,324,306,0.00786526420058174,7,2
v4_resampled_1,headphones,324,126,0.00006202875295067572,7,2
v4_resampled_1,headphones,324,288,0.005803550228134734,7,2
v4_resampled_1,headphones,324,264,0.0023995803780853435,7,2
v4_resampled_1,headphones,324,60,0.000018407434264184534,7,2
v4_resampled_1,headphones,324,120,0.00005495358066455106,7,2
v4_resampled_1,headphones,324,0,0.000007712002196398623,7,2
v4_resampled_1,headphones,324,12,0.00000829667785483507,7,2
v4_resampled_1,headphones,324,294,0.006829745234629581,7,2
v4_resampled_1,headphones,324,54,0.000016532636442515982,7,2
v4_resampled_1,headphones,324,36,0.000012103777525309693,7,2
v4_resampled_1,headphones,324,312,0.008130126080588334,7,2
v4_resampled_1,headphones,324,18,0.000008897589053216452,7,2
v4_resampled_1,headphones,324,138,0.00007902524645832781,7,2
v4_resampled_1,headphones,324,198,0.00027509128742181946,7,2
v4_resampled_1,headphones,324,252,0.0014344593973900377,7,2
v4_resampled_1,headphones,324,84,0.000027360007555472763,7,2
v4_resampled_1,headphones,324,90,0.000030271412309894613,7,2
v4_resampled_1,headphones,324,216,0.00042283689502591206,7,2
v4_resampled_1,headphones,324,246,0.0010973927007267973,7,2
v4_resampled_1,headphones,324,276,0.003788590558329618,7,2
v4_resampled_1,headphones,324,108,0.000042562699003512404,7,2
v4_resampled_1,headphones,324,228,0.0005803182330870649,7,2
v4_resampled_1,headphones,324,24,0.000009782061635613118,7,2
v4_resampled_1,headphones,324,144,0.00008924660177441217,7,2
v4_resampled_1,headphones,324,240,0.0008521446252312129,7,2
v4_resampled_1,headphones,324,66,0.00002054294059637985,7,2
v4_resampled_1,headphones,324,258,0.001863295559643674,7,2
v4_resampled_1,headphones,324,234,0.0006939645393120024,7,2
v4_resampled_1,headphones,324,210,0.00036443693816777333,7,2
v4_resampled_1,headphones,324,186,0.00021191253085790858,7,2
v4_resampled_1,headphones,324,222,0.0004948027802879808,7,2
v4_resampled_1,headphones,324,204,0.00031472817605768326,7,2
v4_resampled_1,headphones,324,150,0.00010075536668382918,7,2
v4_resampled_1,headphones,324,156,0.00011333674315229898,7,2
v4_resampled_1,headphones,324,132,0.00006970404326448983,7,2
v4_resampled_1,headphones,324,114,0.00004860662653386339,7,2
v4_resampled_1,headphones,324,300,0.007445168614913686,7,2
v4_resampled_1,headphones,318,252,0.0013708956109546014,7,2
v4_resampled_1,headphones,318,126,0.00005928013391510945,7,2
v4_resampled_1,headphones,318,240,0.0008143843797555609,7,2
v4_resampled_1,headphones,318,258,0.0017807291787235956,7,2
v4_resampled_1,headphones,318,294,0.006527105460863709,7,2
v4_resampled_1,headphones,318,228,0.0005546031627967142,7,2
v4_resampled_1,headphones,318,90,0.000028930025031407576,7,2
v4_resampled_1,headphones,318,42,0.000012868701323427273,7,2
v4_resampled_1,headphones,318,234,0.0006632135721874865,7,2
v4_resampled_1,headphones,318,150,0.00009629069335688238,7,2
v4_resampled_1,headphones,318,288,0.005546383222962128,7,2
v4_resampled_1,headphones,318,204,0.0003007819363770437,7,2
v4_resampled_1,headphones,318,48,0.00001429051438177964,7,2
v4_resampled_1,headphones,318,114,0.000046452768966359563,7,2
v4_resampled_1,headphones,318,138,0.00007552347854630175,7,2
v4_resampled_1,headphones,318,144,0.00008529190501157694,7,2
v4_resampled_1,headphones,318,96,0.00003215277532070119,7,2
v4_resampled_1,headphones,318,66,0.00001963264150307687,7,2
v4_resampled_1,headphones,318,312,0.0077698638111787025,7,2
v4_resampled_1,headphones,318,132,0.0000666153166488658,7,2
v4_resampled_1,headphones,318,216,0.0004041001401610812,7,2
v4_resampled_1,headphones,318,18,0.000008503318952997543,7,2
v4_resampled_1,headphones,318,156,0.00010831456368167189,7,2
v4_resampled_1,headphones,318,36,0.000011567434753195944,7,2
v4_resampled_1,headphones,318,264,0.002293250136208296,7,2
v4_resampled_1,headphones,318,12,0.000007929035340694966,7,2
v4_resampled_1,headphones,318,186,0.0002025222595968651,7,2
v4_resampled_1,headphones,318,162,0.00012215055648490225,7,2
v4_resampled_1,headphones,318,198,0.00026290143814776905,7,2
v4_resampled_1,headphones,318,102,0.00003598837066314921,7,2
v4_resampled_1,headphones,318,78,0.000023859224069200843,7,2
v4_resampled_1,headphones,318,168,0.0001384606996952024,7,2
v4_resampled_1,headphones,318,120,0.00005251847676995525,7,2
v4_resampled_1,headphones,318,60,0.000017591763759657364,7,2
v4_resampled_1,headphones,318,282,0.004534330977688001,7,2
v4_resampled_1,headphones,318,222,0.0004728770720308419,7,2
v4_resampled_1,headphones,318,84,0.000026147630488340538,7,2
v4_resampled_1,headphones,318,210,0.0003482880030713666,7,2
v4_resampled_1,headphones,318,300,0.00711525819104581,7,2
v4_resampled_1,headphones,318,276,0.003620710476412246,7,2
v4_resampled_1,headphones,318,270,0.0028742814932227025,7,2
v4_resampled_1,headphones,318,192,0.00023173903727868357,7,2
v4_resampled_1,headphones,318,24,0.000009348598772993437,7,2
v4_resampled_1,headphones,318,108,0.00004067666004381956,7,2
v4_resampled_1,headphones,318,174,0.0001579599743465444,7,2
v4_resampled_1,headphones,318,6,0.000007580655958101671,7,2
v4_resampled_1,headphones,318,306,0.007516738494790612,7,2
v4_resampled_1,headphones,318,30,0.000010371733573661157,7,2
v4_resampled_1,headphones,318,54,0.00001580004200731702,7,2
v4_resampled_1,headphones,318,246,0.0010487650188337274,7,2
v4_resampled_1,headphones,318,0,0.00000737026783884666,7,2
v4_resampled_1,headphones,318,180,0.00017862790922033053,7,2
v4_resampled_1,headphones,318,72,0.000021805077118719297,7,2
