headphones,2,1,48,48,-6.692179028075264,0.0012405765744055704
headphones,2,1,48,42,-6.730705045756427,0.0011936910545732708
headphones,2,1,48,36,-6.766059223668309,0.0011522263822227653
headphones,2,1,48,30,-6.799992471122707,0.0011137835333527902
headphones,2,1,48,24,-6.832300757750691,0.0010783741834729196
headphones,2,1,48,18,-6.8591525369027,0.0010498032252460492
headphones,2,1,48,12,-6.880988657629185,0.0010271280650315814
headphones,2,1,48,6,-6.8962336422416275,0.0010115882664456372
headphones,2,1,48,0,-6.90516348682349,0.0010025951537555033
headphones,2,1,60,60,-6.6171337118584646,0.001337258425630197
headphones,2,1,60,54,-6.65928977807962,0.0012820565918110183
headphones,2,1,60,48,-6.700061510362577,0.0012308361911645925
headphones,2,1,60,42,-6.738587528043739,0.001184318792850175
headphones,2,1,60,36,-6.773941705955622,0.00114317968024986
headphones,2,1,60,30,-6.807874953410019,0.0011050386652921107
headphones,2,1,60,24,-6.840183240038003,0.001069907331816273
headphones,2,1,60,18,-6.867035019190013,0.0010415606983819492
headphones,2,1,60,12,-6.888871139916498,0.0010190635721196745
headphones,2,1,60,6,-6.90411612452894,0.0010036457842155675
headphones,2,1,60,0,-6.913045969110803,0.0009947232809226596
headphones,2,1,54,54,-6.659476823014039,0.0012818168120453755
headphones,2,1,54,48,-6.700248555296996,0.001230605991019492
headphones,2,1,54,42,-6.7387745729781585,0.0011840972927351179
headphones,2,1,54,36,-6.774128750890041,0.0011429658742778234
headphones,2,1,54,30,-6.808061998344439,0.0011048319927365602
headphones,2,1,54,24,-6.840370284972423,0.0010697072297841778
headphones,2,1,54,18,-6.867222064124432,0.0010413658979482117
headphones,2,1,54,12,-6.889058184850917,0.001018872979265928
headphones,2,1,54,6,-6.904303169463359,0.0010034580749112634
headphones,2,1,54,0,-6.913233014045222,0.0009945372403713279
headphones,2,1,42,42,-6.7477187986898635,0.0011735536817922409
headphones,2,1,42,36,-6.783072976601748,0.0011327885116799098
headphones,2,1,42,30,-6.8170062240561435,0.0010949941873804223
headphones,2,1,42,24,-6.8493145106841276,0.00106018218743941
headphones,2,1,42,18,-6.876166289836137,0.001032093216603097
headphones,2,1,42,12,-6.898002410562622,0.0010098005826313778
headphones,2,1,42,6,-6.913247395175066,0.000994522937904982
headphones,2,1,42,0,-6.922177239756927,0.0009856815375544955
headphones,2,1,66,66,-6.612750991313883,0.0013431321175788726
headphones,2,1,66,60,-6.656771121972653,0.0012852897213370246
headphones,2,1,66,54,-6.698927188193808,0.0012322331480921719
headphones,2,1,66,48,-6.739698920476766,0.001183003281065841
headphones,2,1,66,42,-6.778224938157928,0.0011382936477063164
headphones,2,1,66,36,-6.8135791160698105,0.0010987532884483868
headphones,2,1,66,30,-6.847512363524208,0.0010620945143872292
headphones,2,1,66,24,-6.879820650152192,0.0010283284591895748
headphones,2,1,66,18,-6.906672429304201,0.0010010834361713237
headphones,2,1,66,12,-6.928508550030687,0.0009794605960453428
headphones,2,1,66,6,-6.943753534643129,0.0009646419761442833
headphones,2,1,66,0,-6.952683379224993,0.0009560662202909835
headphones,2,1,36,36,-6.83205986717002,0.001078633984946764
headphones,2,1,36,30,-6.865993114624418,0.0010426464707663165
headphones,2,1,36,24,-6.898301401252402,0.0010094987067899186
headphones,2,1,36,18,-6.925153180404411,0.0009827525681825502
headphones,2,1,36,12,-6.9469893011308965,0.0009615256645125828
headphones,2,1,36,6,-6.962234285743339,0.0009469783887926049
headphones,2,1,36,0,-6.971164130325203,0.0009385596638547821
headphones,2,1,30,30,-6.8723747918193325,0.0010360138237774591
headphones,2,1,30,24,-6.9046830784473165,0.0010030769245793821
headphones,2,1,30,18,-6.931534857599328,0.0009765009277225205
headphones,2,1,30,12,-6.953370978325811,0.0009554090559762768
headphones,2,1,30,6,-6.968615962938253,0.0009409543206783935
headphones,2,1,30,0,-6.977545807520116,0.0009325891502599367
headphones,2,1,72,72,-6.594094531613779,0.0013684254158672841
headphones,2,1,72,66,-6.6383123519495,0.001309234908172624
headphones,2,1,72,60,-6.68233248260827,0.0012528523056415416
headphones,2,1,72,54,-6.7244885488294255,0.0012011347442110298
headphones,2,1,72,48,-6.765260281112383,0.0011531473127498922
headphones,2,1,72,42,-6.803786298793545,0.001109566035852572
headphones,2,1,72,36,-6.839140476705428,0.0010710235738381243
headphones,2,1,72,30,-6.873073724159825,0.0010352899732015792
headphones,2,1,72,24,-6.905382010787809,0.0010023760866244781
headphones,2,1,72,18,-6.9322337899398185,0.0009758186581015418
headphones,2,1,72,12,-6.9540699106663055,0.0009547415229960224
headphones,2,1,72,6,-6.969314895278746,0.0009402968870503206
headphones,2,1,72,0,-6.9782447398606084,0.0009319375612772592
headphones,2,1,24,24,-6.920638331676717,0.0009871995786003777
headphones,2,1,24,18,-6.947490110828728,0.0009610442436952505
headphones,2,1,24,12,-6.969326231555215,0.0009402862276452655
headphones,2,1,24,6,-6.984571216167655,0.0009260602911839793
headphones,2,1,24,0,-6.993501060749518,0.0009178275300570261
headphones,2,1,78,78,-6.613304622346439,0.0013423887237596901
headphones,2,1,78,72,-6.658374180949007,0.0012832309766974371
headphones,2,1,78,66,-6.702592001284728,0.001227725508792855
headphones,2,1,78,60,-6.746612131943499,0.0011748531335243433
headphones,2,1,78,54,-6.788768198164654,0.0011263553666037954
headphones,2,1,78,48,-6.829539930447609,0.001081355501920599
headphones,2,1,78,42,-6.868065948128773,0.0010404874766192509
headphones,2,1,78,36,-6.903420126040656,0.0010043445633105433
headphones,2,1,78,30,-6.937353373495053,0.0009708356393209312
headphones,2,1,78,24,-6.9696616601230374,0.0009399708816735635
headphones,2,1,78,18,-6.996513439275047,0.0009150668463151871
headphones,2,1,78,12,-7.018349560001532,0.000895301916232903
headphones,2,1,78,6,-7.033594544613974,0.0008817565639778834
headphones,2,1,78,0,-7.042524389195837,0.0008739176670589022
headphones,2,1,90,90,-6.552497316537817,0.0014265486027855076
headphones,2,1,90,84,-6.597337913502082,0.0013639942794761775
headphones,2,1,90,78,-6.641530711420263,0.0013050280927596914
headphones,2,1,90,72,-6.686600270022831,0.0012475167918569337
headphones,2,1,90,66,-6.73081809035855,0.0011935561218697987
headphones,2,1,90,60,-6.774838221017321,0.001142155261720222
headphones,2,1,90,54,-6.816994287238476,0.001095007258204396
headphones,2,1,90,48,-6.857766019521433,0.0010512598052181393
headphones,2,1,90,42,-6.8962920372025955,0.0010115291965130124
headphones,2,1,90,36,-6.93164621511448,0.0009763921930599889
headphones,2,1,90,30,-6.965579462568876,0.0009438158711715617
headphones,2,1,90,24,-6.99788774919686,0.0009138101246295153
headphones,2,1,90,18,-7.024739528348869,0.0008895992048038954
headphones,2,1,90,12,-7.046575649075356,0.0008703843614785044
headphones,2,1,90,6,-7.061820633687798,0.000857215996081619
headphones,2,1,90,0,-7.070750478269659,0.0008495952670674001
headphones,2,1,84,84,-6.599074040248308,0.0013616282669689688
headphones,2,1,84,78,-6.643266838166488,0.001302764364211714
headphones,2,1,84,72,-6.688336396769056,0.0012453528235933573
headphones,2,1,84,66,-6.732554217104777,0.0011914857548932694
headphones,2,1,84,60,-6.776574347763548,0.001140174055731994
headphones,2,1,84,54,-6.818730413984703,0.0010931078361119562
headphones,2,1,84,48,-6.85950214626766,0.0010494362683566578
headphones,2,1,84,42,-6.898028163948823,0.0010097745771818535
headphones,2,1,84,36,-6.933382341860707,0.0009746985230970837
headphones,2,1,84,30,-6.967315589315103,0.0009421787087660465
headphones,2,1,84,24,-6.999623875943087,0.0009122250108085688
headphones,2,1,84,18,-7.026475655095096,0.0008880560877420119
headphones,2,1,84,12,-7.048311775821581,0.000868874574878719
headphones,2,1,84,6,-7.0635567604340235,0.0008557290515990605
headphones,2,1,84,0,-7.072486605015886,0.0008481215416579938
headphones,2,1,96,96,-6.519800814266677,0.0014739626654506426
headphones,2,1,96,90,-6.566830393406615,0.0014062476074152162
headphones,2,1,96,84,-6.611670990370879,0.0013445834851305257
headphones,2,1,96,78,-6.655863788289059,0.0012864564372146367
headphones,2,1,96,72,-6.7009333468916275,0.0012297635708545833
headphones,2,1,96,66,-6.745151167227348,0.0011765708069236768
headphones,2,1,96,60,-6.789171297886119,0.0011259014245673475
headphones,2,1,96,54,-6.831327364107274,0.0010794243770913118
headphones,2,1,96,48,-6.872099096390231,0.0010362994874294324
headphones,2,1,96,42,-6.910625114071394,0.0009971342789509832
headphones,2,1,96,36,-6.945979291983276,0.0009624973048296175
headphones,2,1,96,30,-6.979912539437674,0.0009303845716044467
headphones,2,1,96,24,-7.012220826065658,0.0009008058322603624
headphones,2,1,96,18,-7.039072605217667,0.0008769394543384187
headphones,2,1,96,12,-7.060908725944152,0.0008579980545147985
headphones,2,1,96,6,-7.076153710556595,0.0008450170861154177
headphones,2,1,96,0,-7.085083555138457,0.0008375048065323165
headphones,2,1,18,18,-7.1029151959172765,0.0008227030833801654
headphones,2,1,18,12,-7.1247513166437635,0.0008049331587162257
headphones,2,1,18,6,-7.139996301256204,0.0007927550286587901
headphones,2,1,18,0,-7.148926145838068,0.0007857073635712441
headphones,2,1,102,102,-6.6081601021819925,0.0013493124640079042
headphones,2,1,102,96,-6.6567914205866465,0.0012852636320018914
headphones,2,1,102,90,-6.7038209997265845,0.0012262175628769164
headphones,2,1,102,84,-6.748661596690848,0.0011724477791303252
headphones,2,1,102,78,-6.7928543946090265,0.001121762247893291
headphones,2,1,102,72,-6.837923953211597,0.0010723272920192593
headphones,2,1,102,66,-6.882141773547316,0.0010259443499213662
headphones,2,1,102,60,-6.9261619042060865,0.0009817617420948116
headphones,2,1,102,54,-6.9683179704272415,0.0009412347598014639
headphones,2,1,102,48,-7.009089702710199,0.000903630786773041
headphones,2,1,102,42,-7.047615720391361,0.0008694795702754827
headphones,2,1,102,36,-7.082969898303245,0.0008392768764052323
headphones,2,1,102,30,-7.116903145757641,0.0008112752661162295
headphones,2,1,102,24,-7.149211432385625,0.0007854832438007985
headphones,2,1,102,18,-7.176063211537635,0.0007646722773566052
headphones,2,1,102,12,-7.197899332264122,0.0007481557855192321
headphones,2,1,102,6,-7.213144316876564,0.0007368366612408781
headphones,2,1,102,0,-7.2220741614584245,0.0007302861155805939
headphones,2,1,108,108,-6.595471352376595,0.0013665426357651425
headphones,2,1,108,102,-6.63989722560151,0.0013071615796782065
headphones,2,1,108,96,-6.688528544006163,0.0012451135554771712
headphones,2,1,108,90,-6.735558123146101,0.0011879120139143425
headphones,2,1,108,84,-6.780398720110366,0.001135821932976099
headphones,2,1,108,78,-6.824591518028544,0.0010867197562409686
headphones,2,1,108,72,-6.869661076631113,0.0010388290884117556
headphones,2,1,108,66,-6.913878896966834,0.0009938950931511498
headphones,2,1,108,60,-6.957899027625604,0.0009510926963887916
headphones,2,1,108,54,-7.000055093846759,0.0009118317278531501
headphones,2,1,108,48,-7.040826826129715,0.0008754024573193237
headphones,2,1,108,42,-7.079352843810879,0.0008423180833913725
headphones,2,1,108,36,-7.1147070217227615,0.0008130588850343782
headphones,2,1,108,30,-7.148640269177159,0.0007859320110780031
headphones,2,1,108,24,-7.180948555805141,0.0007609457002476786
headphones,2,1,108,18,-7.207800334957152,0.0007407848431464102
headphones,2,1,108,12,-7.229636455683638,0.0007247843064754953
headphones,2,1,108,6,-7.24488144029608,0.0007138187779067318
headphones,2,1,108,0,-7.253811284877942,0.0007074728633454603
headphones,2,1,114,114,-6.551113684235013,0.001428523787663529
headphones,2,1,114,108,-6.596119816229553,0.0013656567695194853
headphones,2,1,114,102,-6.640545689454466,0.001306314207418646
headphones,2,1,114,96,-6.68917700785912,0.001244306406075506
headphones,2,1,114,90,-6.736206586999058,0.001187141945620536
headphones,2,1,114,84,-6.781047183963322,0.0011350856322671682
headphones,2,1,114,78,-6.825239981881502,0.0010860152861971166
headphones,2,1,114,72,-6.870309540484071,0.0010381556636679197
headphones,2,1,114,66,-6.91452736081979,0.0009932507970335598
headphones,2,1,114,60,-6.958547491478562,0.0009504761470809464
headphones,2,1,114,54,-7.000703557699717,0.0009112406296112924
headphones,2,1,114,48,-7.0414752899826745,0.0008748349744848986
headphones,2,1,114,42,-7.080001307663835,0.0008417720476229653
headphones,2,1,114,36,-7.115355485575719,0.0008125318166479751
headphones,2,1,114,30,-7.149288733030117,0.0007854225277865391
headphones,2,1,114,24,-7.181597019658101,0.0007604524144233019
headphones,2,1,114,18,-7.20844879881011,0.0007403046266711515
headphones,2,1,114,12,-7.2302849195365955,0.0007243144624064668
headphones,2,1,114,6,-7.245529904149038,0.0007133560422815752
headphones,2,1,114,0,-7.254459748730902,0.0007070142414825522
headphones,2,1,120,120,-6.536520963640545,0.0014495226789993639
headphones,2,1,120,114,-6.5836172171804215,0.0013828382110758065
headphones,2,1,120,108,-6.628623349174964,0.0013219817411613836
headphones,2,1,120,102,-6.673049222399877,0.0012645370117667146
headphones,2,1,120,96,-6.721680540804531,0.0012045122800663503
headphones,2,1,120,90,-6.768710119944467,0.0011491759945138687
headphones,2,1,120,84,-6.813550716908733,0.0010987844925630934
headphones,2,1,120,78,-6.857743514826911,0.0010512834637651323
headphones,2,1,120,72,-6.902813073429481,0.0010049544383946222
headphones,2,1,120,66,-6.9470308937652,0.0009614856729589278
headphones,2,1,120,60,-6.991051024423971,0.0009200789978089053
headphones,2,1,120,54,-7.033207090645126,0.0008820982702516058
headphones,2,1,120,48,-7.073978822928083,0.0008468569032944861
headphones,2,1,120,42,-7.112504840609246,0.0008148513609090365
headphones,2,1,120,36,-7.14785901852113,0.0007865462608875431
headphones,2,1,120,30,-7.181792265975526,0.0007603039533835162
headphones,2,1,120,24,-7.21410055260351,0.0007361324084699695
headphones,2,1,120,18,-7.240952331755519,0.0007166289665161689
headphones,2,1,120,12,-7.262788452482006,0.0007011501832172557
headphones,2,1,120,6,-7.278033437094448,0.0006905422239990845
headphones,2,1,120,0,-7.286963281676309,0.0006844032401420076
headphones,2,1,12,12,-7.307184110399064,0.0006707030211478037
headphones,2,1,12,6,-7.322429095011506,0.0006605557082523073
headphones,2,1,12,0,-7.331358939593368,0.00065468330727706
headphones,2,1,126,126,-6.552217716338282,0.001426947521825816
headphones,2,1,126,120,-6.600023084076735,0.0013603366350701768
headphones,2,1,126,114,-6.647119337616614,0.0012977551204648296
headphones,2,1,126,108,-6.692125469611154,0.0012406430195608406
headphones,2,1,126,102,-6.736551342836069,0.001186732742047136
headphones,2,1,126,96,-6.785182661240722,0.0011304012042759382
headphones,2,1,126,90,-6.8322122403806596,0.0010784696425443806
headphones,2,1,126,84,-6.877052837344923,0.001031178622408588
headphones,2,1,126,78,-6.921245635263103,0.0009866002307672794
headphones,2,1,126,72,-6.966315193865672,0.0009431217316781143
headphones,2,1,126,66,-7.010533014201393,0.0009023275068204047
headphones,2,1,126,60,-7.0545531448601615,0.00086346849622396
headphones,2,1,126,54,-7.096709211081318,0.0008278246419598221
headphones,2,1,126,48,-7.137480943364276,0.0007947516012711346
headphones,2,1,126,42,-7.176006961045438,0.0007647152917583549
headphones,2,1,126,36,-7.2113611389573204,0.0007381517442703352
headphones,2,1,126,30,-7.245294386411718,0.0007135240700685421
headphones,2,1,126,24,-7.277602673039702,0.0006908397488443716
headphones,2,1,126,18,-7.304454452191711,0.0006725363121447579
headphones,2,1,126,12,-7.326290572918197,0.0006580099054228168
headphones,2,1,126,6,-7.341535557530639,0.000648054631347512
headphones,2,1,126,0,-7.350465402112501,0.000642293366095248
headphones,2,1,132,132,-6.570316445484943,0.001401353889853812
headphones,2,1,132,126,-6.617359490189715,0.0013369565357357882
headphones,2,1,132,120,-6.66516485792817,0.0012745464897901864
headphones,2,1,132,114,-6.712261111468049,0.001215911702113617
headphones,2,1,132,108,-6.757267243462588,0.001162401397491141
headphones,2,1,132,102,-6.8016931166875025,0.0011118909920537676
headphones,2,1,132,96,-6.850324435092155,0.0010591120240543799
headphones,2,1,132,90,-6.897354014232093,0.0010104555459386783
headphones,2,1,132,84,-6.942194611196358,0.0009661469519048459
headphones,2,1,132,78,-6.986387409114537,0.0009243799134217657
headphones,2,1,132,72,-7.031456967717105,0.0008836434023503113
headphones,2,1,132,66,-7.075674788052826,0.0008454218807389176
headphones,2,1,132,60,-7.1196949187115965,0.000809013528368208
headphones,2,1,132,54,-7.161850984932752,0.0007756175672775884
headphones,2,1,132,48,-7.202622717215709,0.0007446302904302806
headphones,2,1,132,42,-7.241148734896871,0.0007164882321567488
headphones,2,1,132,36,-7.276502912808754,0.0006915999248551639
headphones,2,1,132,30,-7.310436160263151,0.0006685254042575675
headphones,2,1,132,24,-7.342744446891135,0.0006472716783457839
headphones,2,1,132,18,-7.369596226043145,0.0006301225548162348
headphones,2,1,132,12,-7.39143234676963,0.0006165122614378171
headphones,2,1,132,6,-7.406677331382072,0.0006071848204938154
headphones,2,1,132,0,-7.415607175963935,0.0006017868916174499
headphones,2,1,138,138,-6.547394576413248,0.0014338465134160721
headphones,2,1,138,132,-6.593574071843699,0.00136913781161518
headphones,2,1,138,126,-6.640617116548473,0.0013062209045231678
headphones,2,1,138,120,-6.688422484286926,0.0012452456188744622
headphones,2,1,138,114,-6.735518737826805,0.0011879588011296644
headphones,2,1,138,108,-6.780524869821345,0.0011356786584047428
headphones,2,1,138,102,-6.82495074304626,0.001086329449425464
headphones,2,1,138,96,-6.873582061450913,0.0010347638304414345
headphones,2,1,138,90,-6.920611640590851,0.0009872259283807475
headphones,2,1,138,84,-6.965452237555114,0.0009439359557974819
headphones,2,1,138,78,-7.009645035473294,0.0009031291103029871
headphones,2,1,138,72,-7.054714594075863,0.000863329101165376
headphones,2,1,138,66,-7.098932414411584,0.0008259862637604113
headphones,2,1,138,60,-7.142952545070354,0.0007904149121908605
headphones,2,1,138,54,-7.1851086112915095,0.0007577866992780135
headphones,2,1,138,48,-7.225880343574467,0.0007275117967585202
headphones,2,1,138,42,-7.264406361255627,0.0007000167033649538
headphones,2,1,138,36,-7.2997605391675116,0.0006757005596410765
headphones,2,1,138,30,-7.333693786621909,0.0006531565050208991
headphones,2,1,138,24,-7.366002073249893,0.0006323913863779816
headphones,2,1,138,18,-7.3928538524019025,0.0006156365083772401
headphones,2,1,138,12,-7.414689973128388,0.0006023391054681783
headphones,2,1,138,6,-7.42993495774083,0.0005932260954180385
headphones,2,1,138,0,-7.438864802322694,0.0005879522608909055
headphones,2,1,144,144,-6.531299187199666,0.0014571115588482935
headphones,2,1,144,138,-6.578575136963934,0.0013898281994950176
headphones,2,1,144,132,-6.624754632394387,0.0013271060199073754
headphones,2,1,144,126,-6.6717976770991605,0.001266120627898327
headphones,2,1,144,120,-6.719603044837614,0.0012070172506024313
headphones,2,1,144,114,-6.7666992983774925,0.0011514891072369581
headphones,2,1,144,108,-6.811705430372033,0.0011008139366710304
headphones,2,1,144,102,-6.856131303596946,0.0010529797217669775
headphones,2,1,144,96,-6.9047626220016,0.0010029971394488197
headphones,2,1,144,90,-6.9517922011415365,0.0009569186253187646
headphones,2,1,144,84,-6.996632798105802,0.0009149576315243527
headphones,2,1,144,78,-7.040825596023982,0.0008754035341575673
headphones,2,1,144,72,-7.0858951546265505,0.0008368253638150351
headphones,2,1,144,66,-7.13011297496227,0.0008006289313594262
headphones,2,1,144,60,-7.17413310562104,0.000766149601080393
headphones,2,1,144,54,-7.216289171842195,0.0007345230566901125
headphones,2,1,144,48,-7.257060904125154,0.0007051775773345084
headphones,2,1,144,42,-7.295586921806315,0.0006785265684653053
headphones,2,1,144,36,-7.330941099718199,0.0006549569172270408
headphones,2,1,144,30,-7.364874347172595,0.0006331049529136297
headphones,2,1,144,24,-7.397182633800579,0.0006129773122033078
headphones,2,1,144,18,-7.42403441295259,0.0005967367999123152
headphones,2,1,144,12,-7.445870533679075,0.0005838476200941554
headphones,2,1,144,6,-7.461115518291518,0.0005750143745330313
headphones,2,1,144,0,-7.470045362873378,0.0005699024438788818
headphones,2,1,150,150,-6.634965808002949,0.0013136236598083593
headphones,2,1,150,144,-6.683027569327837,0.0012519817672272063
headphones,2,1,150,138,-6.730303519092107,0.0011941704495991433
headphones,2,1,150,132,-6.77648301452256,0.0011402781962794688
headphones,2,1,150,126,-6.823526059227332,0.0010878782284123008
headphones,2,1,150,120,-6.871331426965787,0.0010370953282927647
headphones,2,1,150,114,-6.9184276805056655,0.0009893843464949814
headphones,2,1,150,108,-6.963433812500204,0.0009458431438915141
headphones,2,1,150,102,-7.007859685725119,0.0009047429518397538
headphones,2,1,150,96,-7.0564910041297715,0.0008617968360387609
headphones,2,1,150,90,-7.1035205832697095,0.0008222051800660706
headphones,2,1,150,84,-7.148361180233975,0.0007861513866236102
headphones,2,1,150,78,-7.192553978152153,0.0007521656506505291
headphones,2,1,150,72,-7.2376235367547235,0.0007190184522850084
headphones,2,1,150,66,-7.281841357090443,0.0006879176946265402
headphones,2,1,150,60,-7.325861487749213,0.0006582923082973876
headphones,2,1,150,54,-7.368017553970368,0.0006311180973067552
headphones,2,1,150,48,-7.408789286253326,0.0006059038267310715
headphones,2,1,150,42,-7.447315303934488,0.0005830047034760013
headphones,2,1,150,36,-7.482669481846372,0.0005627531493441165
headphones,2,1,150,30,-7.516602729300768,0.000543977468969915
headphones,2,1,150,24,-7.548911015928752,0.0005266833647308815
headphones,2,1,150,18,-7.575762795080763,0.0005127291653044331
headphones,2,1,150,12,-7.5975989158072466,0.000501654503224611
headphones,2,1,150,6,-7.612843900419691,0.0004940647875842311
headphones,2,1,150,0,-7.621773745001553,0.000489672506200241
headphones,2,1,156,156,-6.634583136258868,0.0013141264426595838
headphones,2,1,156,150,-6.67780819110374,0.0012585334164945188
headphones,2,1,156,144,-6.725869952428628,0.0011994766378729583
headphones,2,1,156,138,-6.773145902192898,0.0011440897890268357
headphones,2,1,156,132,-6.81932539762335,0.0010924576482789347
headphones,2,1,156,126,-6.866368442328122,0.001042255210090747
headphones,2,1,156,120,-6.914173810066577,0.000993602023685545
headphones,2,1,156,114,-6.961270063606456,0.0009478919266741743
headphones,2,1,156,108,-7.006276195600995,0.000906176738262589
headphones,2,1,156,102,-7.05070206882591,0.0008668001902419568
headphones,2,1,156,96,-7.099333387230562,0.0008256551321116259
headphones,2,1,156,90,-7.1463629663705,0.0007877238557647498
headphones,2,1,156,84,-7.191203563334765,0.0007531820724313507
headphones,2,1,156,78,-7.235396361252944,0.0007206216171693601
headphones,2,1,156,72,-7.280465919855514,0.000688864533247572
headphones,2,1,156,66,-7.324683740191233,0.0006590680671903223
headphones,2,1,156,60,-7.368703870850004,0.0006306850989075816
headphones,2,1,156,54,-7.410859937071159,0.0006046505095156907
headphones,2,1,156,48,-7.451631669354116,0.0005804936653121828
headphones,2,1,156,42,-7.49015768703528,0.0005585548766722627
headphones,2,1,156,36,-7.525511864947163,0.000539152624420928
headphones,2,1,156,30,-7.5594451124015585,0.0005211643513018216
headphones,2,1,156,24,-7.5917533990295425,0.0005045955205483176
headphones,2,1,156,18,-7.618605178181554,0.0004912265269651965
headphones,2,1,156,12,-7.640441298908037,0.0004806163098000503
headphones,2,1,156,6,-7.655686283520481,0.0004733448887322365
headphones,2,1,156,0,-7.664616128102342,0.0004691368091539472
headphones,2,1,6,6,-7.663213667488456,0.00046979521663867386
headphones,2,1,6,0,-7.6721435120703205,0.0004656186939716375
headphones,2,1,168,168,-6.673849305734695,0.001263525681405572
headphones,2,1,168,162,-6.712400090498008,0.0012157427276269686
headphones,2,1,168,156,-6.755642052427628,0.0011642920577472754
headphones,2,1,168,150,-6.7988671072725015,0.0011150376506149388
headphones,2,1,168,144,-6.84692886859739,0.0010627144219870573
headphones,2,1,168,138,-6.894204818361661,0.001013642684198507
headphones,2,1,168,132,-6.940384313792112,0.0009678975492968721
headphones,2,1,168,126,-6.987427358496884,0.0009234191047845152
headphones,2,1,168,120,-7.035232726235339,0.0008803132690926082
headphones,2,1,168,114,-7.082328979775216,0.0008398149569199335
headphones,2,1,168,108,-7.1273351117697565,0.0008028560608971532
headphones,2,1,168,102,-7.1717609849946715,0.0007679691576025648
headphones,2,1,168,96,-7.220392303399324,0.0007315153866094614
headphones,2,1,168,90,-7.267421882539262,0.0006979089676552048
headphones,2,1,168,84,-7.312262479503527,0.0006673055776845172
headphones,2,1,168,78,-7.356455277421706,0.0006384576082444931
headphones,2,1,168,72,-7.401524836024276,0.0006103214111579169
headphones,2,1,168,66,-7.445742656359995,0.0005839222857364838
headphones,2,1,168,60,-7.4897627870187655,0.0005587754935602242
headphones,2,1,168,54,-7.531918853239921,0.0005357093222454278
headphones,2,1,168,48,-7.572690585522878,0.000514306798916348
headphones,2,1,168,42,-7.61121660320404,0.000494869432357953
headphones,2,1,168,36,-7.646570781115923,0.00047767939077190914
headphones,2,1,168,30,-7.680504028570322,0.0004617421089051961
headphones,2,1,168,24,-7.712812315198304,0.0004470624270829352
headphones,2,1,168,18,-7.739664094350314,0.00043521774262669734
headphones,2,1,168,12,-7.761500215076801,0.0004258172837550577
headphones,2,1,168,6,-7.776745199689241,0.00041937493732402794
headphones,2,1,168,0,-7.785675044271105,0.0004156466555755403
headphones,2,1,162,162,-6.747088442846401,0.0011742936714170646
headphones,2,1,162,138,-6.928893170710053,0.0009790839476834972
headphones,2,1,162,66,-7.480431008708388,0.0005640142681158895
headphones,2,1,162,156,-6.790330404776022,0.0011245971405171235
headphones,2,1,162,150,-6.833555459620895,0.0010770219938429585
headphones,2,1,162,144,-6.881617220945783,0.0010264826528709086
headphones,2,1,162,42,-7.645904955552433,0.0004779975478282338
headphones,2,1,162,132,-6.975072666140504,0.0009348984294875845
headphones,2,1,162,126,-7.022115710845277,0.0008919364156351242
headphones,2,1,162,120,-7.069921078583732,0.0008503002134157992
headphones,2,1,162,114,-7.117017332123609,0.0008111826348305076
headphones,2,1,162,108,-7.16202346411815,0.0007754838009276911
headphones,2,1,162,102,-7.206449337343065,0.0007417863180448287
headphones,2,1,162,96,-7.255080655747719,0.0007065753876368414
headphones,2,1,162,90,-7.302110234887655,0.0006741147327629253
headphones,2,1,162,84,-7.34695083185192,0.0006445547227790417
headphones,2,1,162,78,-7.391143629770099,0.0006166902847060489
headphones,2,1,162,72,-7.436213188372669,0.0005895133520987682
headphones,2,1,162,60,-7.524451139367159,0.0005397248208192057
headphones,2,1,162,54,-7.566607205588314,0.0005174450585115522
headphones,2,1,162,48,-7.607378937871271,0.0004967722244270318
headphones,2,1,162,36,-7.681259133464318,0.0004613935767847135
headphones,2,1,162,30,-7.7151923809187135,0.0004459996543615054
headphones,2,1,162,24,-7.747500667546699,0.0004318204558595766
headphones,2,1,162,18,-7.774352446698707,0.00042037959943426966
headphones,2,1,162,12,-7.796188567425194,0.00041129963612416225
headphones,2,1,162,6,-7.811433552037634,0.00040507693252814626
headphones,2,1,162,0,-7.820363396619497,0.0004014757613567969
headphones,2,1,174,174,-6.686169159273007,0.00124805472570269
headphones,2,1,174,168,-6.727711000459568,0.0011972703753114855
headphones,2,1,174,162,-6.766261785222881,0.001151993009092574
headphones,2,1,174,156,-6.809503747152501,0.001103240250250061
headphones,2,1,174,144,-6.900790563322262,0.001006989025696713
headphones,2,1,174,138,-6.948066513086534,0.0009604904552411229
headphones,2,1,174,132,-6.994246008516985,0.0009171440510972606
headphones,2,1,174,120,-7.089094420960212,0.0008341524146194848
headphones,2,1,174,114,-7.136190674500089,0.0007957777063503805
headphones,2,1,174,108,-7.181196806494629,0.000760756818398924
headphones,2,1,174,96,-7.2742539981241965,0.000693157024317665
headphones,2,1,174,90,-7.3212835772641345,0.0006613128200989754
headphones,2,1,174,84,-7.3661241742284,0.0006323141754847644
headphones,2,1,174,78,-7.410316972146578,0.0006049789026789042
headphones,2,1,174,72,-7.4553865307491485,0.00057831807912666
headphones,2,1,174,66,-7.499604351084868,0.0005533032406739472
headphones,2,1,174,60,-7.543624481743638,0.0005294750670564091
headphones,2,1,174,48,-7.626552280247751,0.0004873381706645137
headphones,2,1,174,42,-7.665078297928915,0.0004689200383725373
headphones,2,1,174,36,-7.700432475840795,0.000452631388411385
headphones,2,1,174,24,-7.766674009923177,0.0004236198818419117
headphones,2,1,174,18,-7.793525789075186,0.0004123962953228071
headphones,2,1,174,12,-7.815361909801673,0.00040348876689898596
headphones,2,1,174,0,-7.839536738995978,0.0003938514544194339
headphones,2,1,174,150,-6.852728801997374,0.0010565685890555874
headphones,2,1,174,126,-7.041289053221757,0.0008749979160892717
headphones,2,1,174,54,-7.585780547964793,0.0005076184130971922
headphones,2,1,174,102,-7.225622679719544,0.0007276992744046439
headphones,2,1,174,30,-7.734365723295193,0.0004375298073966034
headphones,2,1,174,6,-7.830606894414114,0.0003973842368186909
headphones,2,1,180,180,-6.719020031495059,0.0012077211629394295
headphones,2,1,180,174,-6.760042644829877,0.001159179739827743
headphones,2,1,180,168,-6.801584486016438,0.0011120117840791258
headphones,2,1,180,156,-6.883377232709371,0.0010246776202320208
headphones,2,1,180,150,-6.926602287554244,0.000981329485757967
headphones,2,1,180,144,-6.974664048879134,0.0009352805231832234
headphones,2,1,180,138,-7.021939998643402,0.0008920931535166236
headphones,2,1,180,132,-7.068119494073853,0.0008518334818506552
headphones,2,1,180,126,-7.115162538778627,0.0008126886071851626
headphones,2,1,180,120,-7.162967906517082,0.0007747517468922588
headphones,2,1,180,108,-7.255070292051499,0.0007065827104074605
headphones,2,1,180,102,-7.299496165276414,0.0006758792208428834
headphones,2,1,180,96,-7.348127483681068,0.0006437967523066206
headphones,2,1,180,84,-7.43999765978527,0.0005872865719210692
headphones,2,1,180,78,-7.484190457703448,0.0005618978659880204
headphones,2,1,180,72,-7.529260016306019,0.0005371355812320506
headphones,2,1,180,60,-7.617497967300508,0.0004917707195332823
headphones,2,1,180,54,-7.659654033521663,0.00047147049557019825
headphones,2,1,180,48,-7.700425765804621,0.00045263442559456484
headphones,2,1,180,36,-7.774305961397667,0.0004203991413607029
headphones,2,1,180,30,-7.808239208852063,0.00040637295613725835
headphones,2,1,180,24,-7.840547495480049,0.0003934535676253216
headphones,2,1,180,12,-7.8892353953585435,0.0003747560056503501
headphones,2,1,180,6,-7.904480379970984,0.0003690861840916336
headphones,2,1,180,0,-7.913410224552846,0.0003658049739827322
headphones,2,1,180,90,-7.395157062821005,0.0006142201996114194
headphones,2,1,180,162,-6.840135270779751,0.0010699586557083541
headphones,2,1,180,114,-7.210064160056959,0.0007391097326189661
headphones,2,1,180,66,-7.573477836641738,0.0005139020696461523
headphones,2,1,180,42,-7.738951783485783,0.0004355278633912892
headphones,2,1,180,18,-7.8673992746320565,0.000383029221774763
headphones,2,1,186,186,-6.756585017649694,0.0011631946883004175
headphones,2,1,186,180,-6.796255244009323,0.0011179537831035196
headphones,2,1,186,168,-6.878819698530702,0.001029358281543421
headphones,2,1,186,162,-6.917370483294015,0.000990430873962835
headphones,2,1,186,156,-6.960612445223637,0.0009485154828386072
headphones,2,1,186,144,-7.051899261393396,0.0008657630844282599
headphones,2,1,186,138,-7.099175211157668,0.0008257857413273422
headphones,2,1,186,132,-7.145354706588119,0.0007885184865779674
headphones,2,1,186,120,-7.240203119031346,0.0007171660752356133
headphones,2,1,186,114,-7.287299372571223,0.0006841732570943155
headphones,2,1,186,108,-7.332305504565763,0.0006540639001911537
headphones,2,1,186,102,-7.376731377790678,0.0006256425365796593
headphones,2,1,186,96,-7.4253626961953305,0.0005959446906098838
headphones,2,1,186,90,-7.4723922753352685,0.0005685665010149563
headphones,2,1,186,84,-7.517232872299534,0.0005436347933550162
headphones,2,1,186,72,-7.6064952288202825,0.0004972114205702589
headphones,2,1,186,66,-7.650713049156002,0.0004757048071488154
headphones,2,1,186,60,-7.694733179814772,0.0004552184338508157
headphones,2,1,186,48,-7.777660978318885,0.00041899105851944966
headphones,2,1,186,42,-7.816186996000049,0.0004031559911894192
headphones,2,1,186,36,-7.851541173911929,0.00038915175532221847
headphones,2,1,186,24,-7.917782707994311,0.0003642089895417076
headphones,2,1,186,18,-7.94463448714632,0.0003545594634444351
headphones,2,1,186,12,-7.966470607872807,0.0003469011781145586
headphones,2,1,186,0,-7.990645437067112,0.0003386154578485178
headphones,2,1,186,174,-6.837277857344141,0.0010730203421154857
headphones,2,1,186,150,-7.003837500068508,0.0009083893242410395
headphones,2,1,186,126,-7.192397751292891,0.0007522831683072435
headphones,2,1,186,78,-7.561425670217712,0.000520133176659923
headphones,2,1,186,54,-7.736889246035927,0.0004364270829382071
headphones,2,1,186,30,-7.885474421366327,0.00037616810701477564
headphones,2,1,186,6,-7.981715592485248,0.0003416527824951081
headphones,2,1,192,192,-6.7473887373703665,0.0011739410903997348
headphones,2,1,192,180,-6.825238335468976,0.0010860170742277597
headphones,2,1,192,174,-6.866260948803793,0.001042367251798301
headphones,2,1,192,168,-6.907802789990354,0.000999952490120413
headphones,2,1,192,162,-6.946353574753667,0.0009621371260804268
headphones,2,1,192,156,-6.989595536683289,0.0009214191365518463
headphones,2,1,192,150,-7.032820591528161,0.0008824392663472348
headphones,2,1,192,144,-7.080882352853049,0.0008410307350228955
headphones,2,1,192,132,-7.174337798047771,0.0007659927921086607
headphones,2,1,192,126,-7.221380842752543,0.0007307926121666611
headphones,2,1,192,120,-7.269186210490998,0.0006966787129613088
headphones,2,1,192,108,-7.361288596025416,0.0006353791847026828
headphones,2,1,192,102,-7.405714469250331,0.0006077697373163767
headphones,2,1,192,96,-7.454345787654983,0.0005789202729839359
headphones,2,1,192,84,-7.546215963759186,0.0005281047183264088
headphones,2,1,192,78,-7.590408761677365,0.0005052744749043836
headphones,2,1,192,72,-7.635478320279935,0.00048300752714599464
headphones,2,1,192,66,-7.679696140615654,0.00046211529551933115
headphones,2,1,192,60,-7.723716271274425,0.0004422141587041152
headphones,2,1,192,54,-7.76587233749558,0.0004239596223830832
headphones,2,1,192,48,-7.806644069778537,0.0004070216947946497
headphones,2,1,192,36,-7.880524265371582,0.0003780348142589528
headphones,2,1,192,30,-7.9144575128259795,0.0003654220712629881
headphones,2,1,192,24,-7.9467657994539636,0.0003538045912161901
headphones,2,1,192,12,-7.995453699332458,0.0003369912139447104
headphones,2,1,192,6,-8.010698683944902,0.00033189274982108307
headphones,2,1,192,0,-8.019628528526763,0.0003289421927622649
headphones,2,1,192,186,-6.785568109109347,0.0011299655775021576
headphones,2,1,192,138,-7.128158302617319,0.000802195429086249
headphones,2,1,192,114,-7.316282464030875,0.0006646284042903438
headphones,2,1,192,90,-7.501375366794921,0.0005523241991471493
headphones,2,1,192,42,-7.845170087459701,0.000391638989577428
headphones,2,1,192,18,-7.973617578605975,0.00034443072419393004
headphones,2,1,204,198,-6.711757666451025,0.001216524000917646
headphones,2,1,204,204,-6.673730678088406,0.0012636755793740291
headphones,2,1,204,192,-6.750296650427757,0.0011705323303652887
headphones,2,1,204,186,-6.788476022166737,0.0011266845086884086
headphones,2,1,204,180,-6.828146248526366,0.0010828636182071572
headphones,2,1,204,168,-6.910710703047744,0.0009970489389008995
headphones,2,1,204,162,-6.949261487811057,0.0009593433789240657
headphones,2,1,204,156,-6.992503449740678,0.0009187436217808451
headphones,2,1,204,144,-7.083790265910441,0.0008385886431830807
headphones,2,1,204,138,-7.131066215674709,0.0007998661029038311
headphones,2,1,204,132,-7.17724571110516,0.0007637685871312857
headphones,2,1,204,126,-7.224288755809933,0.0007286706175706854
headphones,2,1,204,120,-7.2720941235483885,0.0006946557745251194
headphones,2,1,204,114,-7.319190377088265,0.0006626985299884475
headphones,2,1,204,108,-7.364196509082806,0.0006335342410430346
headphones,2,1,204,96,-7.457253700712375,0.0005772392684549885
headphones,2,1,204,90,-7.504283279852311,0.0005507204213498587
headphones,2,1,204,84,-7.5491238768165765,0.0005265712663733638
headphones,2,1,204,72,-7.638386233337325,0.0004816050234187325
headphones,2,1,204,66,-7.682604053673044,0.0004607734563388522
headphones,2,1,204,60,-7.726624184331815,0.0004409301062391457
headphones,2,1,204,48,-7.809551982835927,0.0004058398303061207
headphones,2,1,204,42,-7.84807800051709,0.0003905017916834971
headphones,2,1,204,36,-7.883432178428974,0.00037693711866160635
headphones,2,1,204,24,-7.9496737125113555,0.0003527772526551629
headphones,2,1,204,18,-7.976525491663363,0.0003434306044290899
headphones,2,1,204,12,-7.99836161238985,0.0003360126962052353
headphones,2,1,204,0,-8.022536441584153,0.00032798704687845464
headphones,2,1,204,102,-7.408622382307721,0.0006060049629101888
headphones,2,1,204,174,-6.8691688618611835,0.0010393405412945094
headphones,2,1,204,150,-7.035728504585551,0.0008798769370033271
headphones,2,1,204,30,-7.91736542588337,0.00036436099915092697
headphones,2,1,204,78,-7.593316674734755,0.0005038073148819899
headphones,2,1,204,54,-7.76878025055297,0.00042272857541759523
headphones,2,1,204,6,-8.01360659700229,0.00033092903643668607
headphones,2,1,198,198,-6.760508545022308,0.0011586398035518693
headphones,2,1,198,192,-6.79904752899904,0.0011148364917441206
headphones,2,1,198,186,-6.83722690073802,0.001073075020983531
headphones,2,1,198,180,-6.876897127097649,0.0010313391999883295
headphones,2,1,198,174,-6.917919740432467,0.0009898870221060974
headphones,2,1,198,168,-6.959461581619028,0.0009496077231754852
headphones,2,1,198,156,-7.041254328311961,0.00087502830084053
headphones,2,1,198,150,-7.084479383156834,0.0008380109563562723
headphones,2,1,198,144,-7.132541144481724,0.0007986872269396748
headphones,2,1,198,132,-7.225996589676443,0.0007274272312633051
headphones,2,1,198,126,-7.273039634381217,0.0006939992803752926
headphones,2,1,198,120,-7.320845002119672,0.0006616029190750355
headphones,2,1,198,108,-7.412947387654089,0.0006033896479081269
headphones,2,1,198,102,-7.457373260879004,0.0005771702577574145
headphones,2,1,198,96,-7.506004579283658,0.0005497732819908323
headphones,2,1,198,90,-7.5530341584235945,0.0005245162449104848
headphones,2,1,198,84,-7.59787475538786,0.0005015161461398861
headphones,2,1,198,78,-7.642067553306038,0.00047983534061189466
headphones,2,1,198,72,-7.6871371119086085,0.00045868947041123647
headphones,2,1,198,60,-7.775375062903098,0.0004199499321736877
headphones,2,1,198,54,-7.817531129124253,0.00040261445989404773
headphones,2,1,198,48,-7.858302861407211,0.0003865293088378943
headphones,2,1,198,36,-7.932183057000257,0.00035900183538348164
headphones,2,1,198,30,-7.966116304454653,0.0003470241081637087
headphones,2,1,198,24,-7.998424591082639,0.0003359915352312201
headphones,2,1,198,12,-8.047112490961133,0.00032002466373741775
headphones,2,1,198,6,-8.062357475573574,0.0003151828927973349
headphones,2,1,198,0,-8.071287320155436,0.00031238088790369557
headphones,2,1,198,66,-7.731354932244328,0.0004388491032907328
headphones,2,1,198,162,-6.998012366382341,0.0009136962552789063
headphones,2,1,198,138,-7.179817094245992,0.00076180716832321
headphones,2,1,198,114,-7.367941255659549,0.0006311662523885597
headphones,2,1,198,42,-7.896828879088373,0.0003719210791250548
headphones,2,1,198,18,-8.025276370234646,0.00032708961578174203
headphones,2,1,210,210,-6.684302382995998,0.0012503867406549079
headphones,2,1,210,204,-6.725849256296096,0.0011995014626573126
headphones,2,1,210,192,-6.8024152286354465,0.001111088372109197
headphones,2,1,210,186,-6.840594600374427,0.0010694673048873328
headphones,2,1,210,180,-6.880264826734056,0.0010278718011954402
headphones,2,1,210,168,-6.962829281255434,0.0009464151084924649
headphones,2,1,210,162,-7.001380066018747,0.0009106243762184987
headphones,2,1,210,156,-7.044622027948368,0.0008720864248077827
headphones,2,1,210,150,-7.087847082793241,0.0008351935339422589
headphones,2,1,210,144,-7.135908844118131,0.0007960020122919449
headphones,2,1,210,138,-7.183184793882399,0.0007592459457342807
headphones,2,1,210,132,-7.22936428931285,0.000724981595236258
headphones,2,1,210,120,-7.324212701756078,0.0006593785867089247
headphones,2,1,210,114,-7.371308955295955,0.0006290442491701527
headphones,2,1,210,108,-7.416315087290496,0.0006013610306143963
headphones,2,1,210,96,-7.509372278920065,0.0005479249248117787
headphones,2,1,210,90,-7.556401858060001,0.0005227528027815771
headphones,2,1,210,84,-7.601242455024266,0.0004998300311548651
headphones,2,1,210,72,-7.690504811545015,0.00045714734022164126
headphones,2,1,210,66,-7.734722631880732,0.0004373736771156904
headphones,2,1,210,60,-7.778742762539505,0.00041853804567901215
headphones,2,1,210,48,-7.861670561043617,0.00038522978365850035
headphones,2,1,210,42,-7.900196578724779,0.0003706706673295728
headphones,2,1,210,36,-7.935550756636664,0.0003577948585414612
headphones,2,1,210,24,-8.001792290719045,0.0003348619198304916
headphones,2,1,210,18,-8.028644069871053,0.0003259899289484081
headphones,2,1,210,12,-8.05048019059754,0.00031894872952222404
headphones,2,1,210,0,-8.074655019791843,0.0003113306523326524
headphones,2,1,210,6,-8.06572517520998,0.00031412323678693866
headphones,2,1,210,198,-6.763876244658716,0.001154744415636548
headphones,2,1,210,174,-6.921287440068873,0.0009865589869983594
headphones,2,1,210,126,-7.276407334017623,0.0006916660302990164
headphones,2,1,210,102,-7.460740960515411,0.0005752297909788199
headphones,2,1,210,78,-7.645435252942445,0.0004782221172603124
headphones,2,1,210,54,-7.82089882876066,0.0004012608558690555
headphones,2,1,210,30,-7.9694840040910595,0.00034585740086337145
headphones,2,1,216,216,-6.647330594210585,0.0012974809900952152
headphones,2,1,216,210,-6.688431456116504,0.001245234446793104
headphones,2,1,216,204,-6.729978329416602,0.0011945588446477542
headphones,2,1,216,198,-6.76800531777922,0.0011499862217344617
headphones,2,1,216,192,-6.806544301755952,0.0011065100655633829
headphones,2,1,216,180,-6.884393899854562,0.0010236363935412877
headphones,2,1,216,174,-6.925416513189379,0.000982493811282919
headphones,2,1,216,168,-6.96695835437594,0.0009425153480458289
headphones,2,1,216,156,-7.0487511010688735,0.0008684929401782623
headphones,2,1,216,150,-7.091976155913747,0.0008317520686911998
headphones,2,1,216,144,-7.140037917238637,0.0007927220380659169
headphones,2,1,216,132,-7.233493362433357,0.0007219942649154794
headphones,2,1,216,126,-7.280536407138129,0.0006888159787697901
headphones,2,1,216,120,-7.328341774876584,0.0006566615775353263
headphones,2,1,216,114,-7.375438028416461,0.0006264522344610836
headphones,2,1,216,108,-7.420444160411002,0.0005988830862744398
headphones,2,1,216,102,-7.464870033635917,0.0005728595219853767
headphones,2,1,216,96,-7.513501352040571,0.0005456671671636463
headphones,2,1,216,84,-7.605371528144772,0.0004977704514122684
headphones,2,1,216,78,-7.649564326062951,0.00047625157422812335
headphones,2,1,216,72,-7.694633884665521,0.0004552636370773403
headphones,2,1,216,60,-7.782871835660011,0.000416813434457884
headphones,2,1,216,54,-7.825027901881166,0.0003996074363489529
headphones,2,1,216,48,-7.865799634164123,0.00038364242113681516
headphones,2,1,216,36,-7.93967982975717,0.00035632054328082227
headphones,2,1,216,30,-7.973613077211565,0.00034443227461595583
headphones,2,1,216,24,-8.005921363839551,0.000333482101124808
headphones,2,1,216,12,-8.054609263718046,0.0003176344820754807
headphones,2,1,216,6,-8.069854248330486,0.000312828873073597
headphones,2,1,216,0,-8.078784092912349,0.00031004779563172097
headphones,2,1,216,186,-6.844723673494933,0.0010650605004553818
headphones,2,1,216,162,-7.005509139139253,0.0009068720936394768
headphones,2,1,216,138,-7.187313867002905,0.000756117427093914
headphones,2,1,216,90,-7.560530931180507,0.000520598768378108
headphones,2,1,216,66,-7.73885170500124,0.0004355714525409653
headphones,2,1,216,42,-7.904325651845285,0.0003691432965234552
headphones,2,1,216,18,-8.032773142991559,0.00032464666781541575
headphones,2,1,222,216,-6.679693465389725,0.0012561629709784351
headphones,2,1,222,210,-6.720794327295646,0.0012055802082568635
headphones,2,1,222,204,-6.762341200595742,0.0011565183603893664
headphones,2,1,222,192,-6.838907172935093,0.0010712734768265394
headphones,2,1,222,186,-6.877086544674073,0.0010311438647171477
headphones,2,1,222,180,-6.916756771033702,0.0009910389000906386
headphones,2,1,222,174,-6.95777938436852,0.000951206495024261
headphones,2,1,222,168,-6.9993212255550805,0.0009125011378449086
headphones,2,1,222,162,-7.037872010318393,0.0008779929356498707
headphones,2,1,222,156,-7.081113972248016,0.0008408359585507761
headphones,2,1,222,144,-7.172400788417777,0.0007674779654566552
headphones,2,1,222,138,-7.219676738182047,0.0007320390209009217
headphones,2,1,222,132,-7.265856233612498,0.0006990025039049431
headphones,2,1,222,120,-7.360704646055725,0.0006357503227108002
headphones,2,1,222,114,-7.4078008995956015,0.0006065029900430108
headphones,2,1,222,108,-7.452807031590142,0.0005798117757918194
headphones,2,1,222,96,-7.545864223219709,0.0005282905068376935
headphones,2,1,222,90,-7.592893802359647,0.0005040204061298563
headphones,2,1,222,84,-7.637734399323913,0.0004819190522902581
headphones,2,1,222,78,-7.681927197242091,0.0004610854393879434
headphones,2,1,222,72,-7.7269967558446595,0.0004407658588412561
headphones,2,1,222,66,-7.77121457618038,0.000421700767929632
headphones,2,1,222,60,-7.815234706839151,0.0004035400951299623
headphones,2,1,222,48,-7.898162505343263,0.0003714254060039958
headphones,2,1,222,42,-7.9366885230244275,0.0003573880030748253
headphones,2,1,222,36,-7.97204270093631,0.0003449735878099001
headphones,2,1,222,24,-8.03828423501869,0.00032286243121475643
headphones,2,1,222,18,-8.065136014170701,0.0003143083604880671
headphones,2,1,222,12,-8.086972134897184,0.00030751947638157885
headphones,2,1,222,0,-8.111146964091489,0.00030017438642972037
headphones,2,1,222,198,-6.8003681889583625,0.0011133651436174147
headphones,2,1,222,222,-6.637011088420763,0.0013109396767452064
headphones,2,1,222,102,-7.497232904815057,0.0005546169266322962
headphones,2,1,222,150,-7.124339027092887,0.0008052650926684664
headphones,2,1,222,126,-7.3128992783172695,0.0006668807735559819
headphones,2,1,222,54,-7.857390773060306,0.0003868820185429766
headphones,2,1,222,30,-8.005975948390706,0.0003334638986507914
headphones,2,1,222,6,-8.102217119509628,0.00030286690102421243
headphones,2,1,0,0,-8.194914038997972,0.00027605400557977733
headphones,2,1,246,60,-7.931409545170416,0.0003592796349768703
headphones,2,1,246,180,-7.032931609364967,0.0008823413052865852
headphones,2,1,246,204,-6.878516038927007,0.001029670903534187
headphones,2,1,246,246,-6.59787805223892,0.0013632577322657542
headphones,2,1,246,108,-7.568981869921407,0.0005162177579769044
headphones,2,1,246,114,-7.523975737926866,0.0005399814677767177
headphones,2,1,246,222,-6.753185926752028,0.0011671552200681024
headphones,2,1,246,138,-7.33585157651331,0.000651748649990793
headphones,2,1,246,198,-6.916543027289627,0.0009912507510957747
headphones,2,1,246,150,-7.240513865424152,0.0007169432530870735
headphones,2,1,246,126,-7.429074116648534,0.0005937369886854059
headphones,2,1,246,90,-7.709068640690912,0.00044873922001953615
headphones,2,1,246,102,-7.613407743146322,0.0004937862912687064
headphones,2,1,246,78,-7.798102035573356,0.00041051337984915456
headphones,2,1,246,54,-7.973565611391571,0.00034444862376431284
headphones,2,1,246,30,-8.12215078672197,0.0002968894274226604
headphones,2,1,246,6,-8.218391957840893,0.000269648322334639
headphones,2,1,246,42,-8.052863361355692,0.00031818952525270925
headphones,2,1,246,66,-7.887389414511645,0.00037544843696988753
headphones,2,1,246,36,-8.088217539267573,0.0003071367286690217
headphones,2,1,246,210,-6.836969165626909,0.001073351625737142
headphones,2,1,246,162,-7.154046848649658,0.0007816942733558249
headphones,2,1,246,132,-7.3820310719437625,0.0006223355931211894
headphones,2,1,246,234,-6.674785625918529,0.001262343170498086
headphones,2,1,246,84,-7.753909237655176,0.0004290619526654015
headphones,2,1,246,174,-7.0739542226997845,0.0008468777364238925
headphones,2,1,246,18,-8.181310852501966,0.00027983487734958113
headphones,2,1,246,12,-8.20314697322845,0.00027379060112247205
headphones,2,1,246,186,-6.993261383005338,0.0009180475392535769
headphones,2,1,246,228,-6.710051121401063,0.0012186018263766767
headphones,2,1,246,240,-6.638789052550006,0.001308610943839596
headphones,2,1,246,216,-6.795868303720988,0.0011183864481650722
headphones,2,1,246,192,-6.955082011266358,0.0009537757173563806
headphones,2,1,246,168,-7.115496063886345,0.0008124176003262177
headphones,2,1,246,156,-7.1972888105792805,0.0007486126903108805
headphones,2,1,246,144,-7.28857562674904,0.0006833006350787902
headphones,2,1,246,120,-7.4768794843869895,0.0005660209397690764
headphones,2,1,246,96,-7.662039061550974,0.0004703473651044883
headphones,2,1,246,72,-7.843171594175924,0.00039242246008727613
headphones,2,1,246,48,-8.014337343674528,0.00033068729947955875
headphones,2,1,246,24,-8.154459073349955,0.0002874507337300023
headphones,2,1,246,0,-8.227321802422756,0.00026725112395868173
headphones,2,1,240,168,-7.165545221385859,0.0007727575386505449
headphones,2,1,240,240,-6.688838210049521,0.001244728045781626
headphones,2,1,240,216,-6.845917461220504,0.001063789802925414
headphones,2,1,240,24,-8.204508230849468,0.00027341815513511265
headphones,2,1,240,78,-7.848151193072869,0.00039047321090529005
headphones,2,1,240,72,-7.893220751675438,0.00037326544162321127
headphones,2,1,240,114,-7.57402489542638,0.0005136210118890735
headphones,2,1,240,186,-7.0433105405048515,0.000873230905525582
headphones,2,1,240,210,-6.887018323126423,0.0010209534604840437
headphones,2,1,240,162,-7.204096006149172,0.0007435340426070527
headphones,2,1,240,96,-7.712088219050488,0.00044738626049333277
headphones,2,1,240,66,-7.937438572011159,0.00035712004506862683
headphones,2,1,240,18,-8.231360010001477,0.0002661740845624333
headphones,2,1,240,54,-8.023614768891086,0.0003276335601109548
headphones,2,1,240,30,-8.172199944221486,0.0002823960769613825
headphones,2,1,240,0,-8.27737095992227,0.0002542046364689496
headphones,2,1,240,6,-8.268441115340405,0.0002564848100101412
headphones,2,1,240,192,-7.005131168765871,0.0009072149292100822
headphones,2,1,240,198,-6.966592184789139,0.0009428605316953969
headphones,2,1,240,138,-7.385900734012825,0.0006199320181929429
headphones,2,1,240,222,-6.803235084251542,0.0011101778133816922
headphones,2,1,240,144,-7.3386247842485535,0.000649943719473602
headphones,2,1,240,150,-7.290563022923665,0.0006819439945481479
headphones,2,1,240,90,-7.759117798190426,0.00042683296745297194
headphones,2,1,240,102,-7.663456900645835,0.0004696809607607816
headphones,2,1,240,42,-8.102912518855206,0.0003026563607926972
headphones,2,1,240,48,-8.064386501174042,0.0003145440269957342
headphones,2,1,240,126,-7.479123274148048,0.0005647523315571801
headphones,2,1,240,234,-6.724834783418043,0.0012007189418037354
headphones,2,1,240,228,-6.760100278900577,0.0011591129335058424
headphones,2,1,240,204,-6.92856519642652,0.0009794051147041397
headphones,2,1,240,180,-7.08298076686448,0.0008392677547226778
headphones,2,1,240,174,-7.124003380199298,0.0008055354227605263
headphones,2,1,240,156,-7.247337968078794,0.0007120674142644246
headphones,2,1,240,132,-7.432080229443276,0.0005919548283565634
headphones,2,1,240,120,-7.526928641886503,0.0005383893062693222
headphones,2,1,240,108,-7.61903102742092,0.0004910173830573793
headphones,2,1,240,84,-7.803958395154691,0.0004081162918395378
headphones,2,1,240,60,-7.981458702669929,0.00034174056088951137
headphones,2,1,240,36,-8.138266696767086,0.00029214313227600094
headphones,2,1,240,12,-8.253196130727963,0.00026042487378916877
headphones,2,1,228,114,-7.648451954997444,0.00047678163745803944
headphones,2,1,228,132,-7.5065072890143405,0.0005494969750692145
headphones,2,1,228,108,-7.693458086991985,0.00045579924982706686
headphones,2,1,228,66,-8.011865631582223,0.0003315056742532206
headphones,2,1,228,174,-7.1984304397703625,0.0007477585398651175
headphones,2,1,228,210,-6.961445382697487,0.0009477257576899171
headphones,2,1,228,204,-7.002992255997583,0.0009091574595166077
headphones,2,1,228,162,-7.278523065720236,0.0006902041975193729
headphones,2,1,228,156,-7.321765027649857,0.0006609945074186857
headphones,2,1,228,78,-7.922578252643934,0.00036246659028647707
headphones,2,1,228,126,-7.553550333719112,0.0005242455724459937
headphones,2,1,228,90,-7.83354485776149,0.0003962184498543318
headphones,2,1,228,60,-8.055885762240994,0.00031722928080270827
headphones,2,1,228,18,-8.305787069572542,0.0002470827963595454
headphones,2,1,228,12,-8.327623190299029,0.000241745946691953
headphones,2,1,228,54,-8.098041828462149,0.0003041341021103802
headphones,2,1,228,30,-8.24662700379255,0.0002621412692797951
headphones,2,1,228,0,-8.351798019493334,0.00023597185477152355
headphones,2,1,228,6,-8.342868174911471,0.00023808848327676934
headphones,2,1,228,150,-7.36499008249473,0.0006330316845479098
headphones,2,1,228,222,-6.877662143822606,0.0010305505099702274
headphones,2,1,228,186,-7.117737600075916,0.000810598576339728
headphones,2,1,228,198,-7.0410192443602035,0.0008752340301322713
headphones,2,1,228,102,-7.7378839602169,0.00043599317857103906
headphones,2,1,228,42,-8.17733957842627,0.00028094838790784896
headphones,2,1,228,36,-8.212693756338151,0.0002711892188101417
headphones,2,1,228,228,-6.834527338471641,0.0010759757674303663
headphones,2,1,228,216,-6.920344520791566,0.0009874896711964806
headphones,2,1,228,192,-7.079558228336936,0.0008421451020554792
headphones,2,1,228,180,-7.157407826435545,0.0007790714264019054
headphones,2,1,228,168,-7.239972280956923,0.0007173316435804656
headphones,2,1,228,144,-7.413051843819618,0.0006033266234308916
headphones,2,1,228,138,-7.46032779358389,0.0005754675060110917
headphones,2,1,228,120,-7.6013557014575674,0.0004997734303915578
headphones,2,1,228,96,-7.786515278621552,0.0004152975616587658
headphones,2,1,228,84,-7.8783854547257555,0.00037884422442316634
headphones,2,1,228,72,-7.967647811246502,0.00034649304515222627
headphones,2,1,228,48,-8.138813560745106,0.00029198341339676463
headphones,2,1,228,24,-8.278935290420533,0.0002538072872770813
headphones,2,1,252,240,-6.771964237053478,0.0011454425191264907
headphones,2,1,252,168,-7.248671248389815,0.0007111186614181558
headphones,2,1,252,96,-7.795214246054446,0.00041170056943664896
headphones,2,1,252,6,-8.351567142344361,0.00023602634157022723
headphones,2,1,252,0,-8.360496986926224,0.00023392804569433777
headphones,2,1,252,246,-6.73105323674239,0.0011932754944593842
headphones,2,1,252,174,-7.207129407203254,0.0007412820230245834
headphones,2,1,252,198,-7.049718211793095,0.0008676534173630977
headphones,2,1,252,126,-7.562249301152004,0.0005197049552580786
headphones,2,1,252,150,-7.373689049927622,0.0006275488446377087
headphones,2,1,252,18,-8.314486037005434,0.0002449427527407624
headphones,2,1,252,78,-7.931277220076826,0.0003593271798338131
headphones,2,1,252,114,-7.657150922430336,0.000472652116844592
headphones,2,1,252,42,-8.18603854585916,0.00027851502624282016
headphones,2,1,252,54,-8.10674079589504,0.00030149992338946065
headphones,2,1,252,234,-6.807960810421999,0.0011049437940469256
headphones,2,1,252,186,-7.126436567508808,0.0008035777868058176
headphones,2,1,252,120,-7.610054668890459,0.0004954447723210445
headphones,2,1,252,162,-7.287222033153128,0.0006842261727020998
headphones,2,1,252,138,-7.46902676101678,0.0005704832433177729
headphones,2,1,252,24,-8.287634257853426,0.0002516090012226056
headphones,2,1,252,72,-7.976346778679396,0.0003434919854218198
headphones,2,1,252,90,-7.842243825194382,0.0003927867064155009
headphones,2,1,252,30,-8.25532597122544,0.0002598708005996307
headphones,2,1,252,66,-8.020564599015115,0.00032863442375246287
headphones,2,1,252,216,-6.92904348822446,0.0009789367852789058
headphones,2,1,252,222,-6.886361111255498,0.001021624663755155
headphones,2,1,252,210,-6.970144350130379,0.0009395172766059113
headphones,2,1,252,252,-6.686157756093991,0.0012480689575752931
headphones,2,1,252,204,-7.011691223430475,0.0009012830277537574
headphones,2,1,252,192,-7.0882571957698275,0.0008348510804631355
headphones,2,1,252,180,-7.166106793868437,0.0007723237011081482
headphones,2,1,252,156,-7.330463995082749,0.0006552694747636661
headphones,2,1,252,144,-7.421750811252512,0.0005981010662106446
headphones,2,1,252,132,-7.515206256447232,0.0005447376494003961
headphones,2,1,252,108,-7.702157054424877,0.00045185146272731634
headphones,2,1,252,102,-7.746582927649792,0.00043221693662550054
headphones,2,1,252,84,-7.887084422158647,0.0003755629633360535
headphones,2,1,252,60,-8.064584729673886,0.0003144816815846507
headphones,2,1,252,48,-8.147512528177998,0.00028945447471776024
headphones,2,1,252,36,-8.221392723771045,0.000268840383659543
headphones,2,1,252,12,-8.33632215773192,0.0002396521268137291
headphones,2,1,252,228,-6.843226305904535,0.0010666564821179877
headphones,2,1,234,228,-6.849637473294594,0.0010598398435177033
headphones,2,1,234,234,-6.81437197781206,0.0010978824742650486
headphones,2,1,234,156,-7.336875162472811,0.0006510818705348001
headphones,2,1,234,126,-7.568660468542065,0.0005163836977415651
headphones,2,1,234,222,-6.892772278645559,0.0010150958081819625
headphones,2,1,234,198,-7.056129379183158,0.0008621085396300854
headphones,2,1,234,210,-6.97655551752044,0.0009335131414033285
headphones,2,1,234,174,-7.213540574593315,0.0007365447418693476
headphones,2,1,234,180,-7.172517961258498,0.0007673880431515809
headphones,2,1,234,186,-7.132847734898869,0.0007984423946231381
headphones,2,1,234,150,-7.380100217317683,0.0006235383935228115
headphones,2,1,234,132,-7.521617423837293,0.0005412564164540976
headphones,2,1,234,138,-7.475437928406842,0.0005668374790418218
headphones,2,1,234,102,-7.752994095039853,0.0004294547852644094
headphones,2,1,234,114,-7.663562089820397,0.00046963155800657473
headphones,2,1,234,78,-7.937688387466887,0.00035703084210442194
headphones,2,1,234,84,-7.8934955895487064,0.0003731628682392419
headphones,2,1,234,54,-8.113151963285102,0.00029957313997772995
headphones,2,1,234,30,-8.261737138615501,0.00025821005474550407
headphones,2,1,234,42,-8.192449713249223,0.0002767351314871278
headphones,2,1,234,6,-8.357978309734424,0.0002345179775396279
headphones,2,1,234,18,-8.320897204395497,0.00024337740696057448
headphones,2,1,234,0,-8.366908154316285,0.0002324330911586439
headphones,2,1,234,12,-8.34273332512198,0.00023812059162347276
headphones,2,1,234,60,-8.070995897063947,0.00031247193617391057
headphones,2,1,234,36,-8.227803891161106,0.0002671223162523769
headphones,2,1,234,216,-6.935454655614521,0.0009726807334106209
headphones,2,1,234,204,-7.0181023908205376,0.000895523234624697
headphones,2,1,234,192,-7.094668363159888,0.00082951583130281
headphones,2,1,234,168,-7.255082415779876,0.000706574144042532
headphones,2,1,234,162,-7.293633200543189,0.0006798535160705046
headphones,2,1,234,144,-7.428161978642571,0.00059427880582677
headphones,2,1,234,120,-7.61646583628052,0.0004922785533780839
headphones,2,1,234,108,-7.708568221814938,0.00044896383379142233
headphones,2,1,234,96,-7.801625413444505,0.0004090695311966634
headphones,2,1,234,72,-7.982757946069457,0.0003412968450312921
headphones,2,1,234,66,-8.026975766405176,0.00032653423298262317
headphones,2,1,234,48,-8.153923695568059,0.000287604669669495
headphones,2,1,234,24,-8.294045425243485,0.0002500010537168562
headphones,2,1,234,90,-7.848654992584443,0.00039027654023780637
headphones,2,1,264,216,-7.046858658897968,0.0008701380690079965
headphones,2,1,264,168,-7.366486419063325,0.0006320851644221869
headphones,2,1,264,258,-6.762949835914135,0.0011558146766339791
headphones,2,1,264,102,-7.864398098323301,0.0003841804867111147
headphones,2,1,264,240,-6.889779407726987,0.0010181384096915036
headphones,2,1,264,210,-7.087959520803889,0.0008350996317219848
headphones,2,1,264,246,-6.8488684074159,0.0010606552436862673
headphones,2,1,264,234,-6.925775981095509,0.0009821406997597244
headphones,2,1,264,192,-7.206072366443337,0.0007420660026137075
headphones,2,1,264,162,-7.405037203826637,0.0006081814981649819
headphones,2,1,264,198,-7.1675333824666065,0.000771222698447698
headphones,2,1,264,186,-7.244251738182317,0.0007142684126531407
headphones,2,1,264,174,-7.324944577876764,0.0006588961798193958
headphones,2,1,264,144,-7.539565981926019,0.0005316283080279592
headphones,2,1,264,150,-7.491504220601131,0.0005578032699278735
headphones,2,1,264,138,-7.586841931690291,0.0005070799209986953
headphones,2,1,264,114,-7.774966093103847,0.0004201217141375675
headphones,2,1,264,126,-7.6800644718255136,0.00046194511537669085
headphones,2,1,264,96,-7.913029416727953,0.0003659443019061076
headphones,2,1,264,66,-8.138379769688624,0.00029211010066605274
headphones,2,1,264,90,-7.960058995867891,0.0003491325194762388
headphones,2,1,264,78,-8.049092390750335,0.0003193916738082352
headphones,2,1,264,48,-8.265327698851507,0.00025728459843796475
headphones,2,1,264,18,-8.432301207678943,0.0002177198947801583
headphones,2,1,264,54,-8.22455596656855,0.00026799131985771624
headphones,2,1,264,42,-8.303853716532672,0.0002475609567124316
headphones,2,1,264,30,-8.37314114189895,0.0002309888442499382
headphones,2,1,264,0,-8.478312157599735,0.00020792935869632485
headphones,2,1,264,6,-8.46938231301787,0.00020979445065027983
headphones,2,1,264,264,-6.727856108334059,0.0011970966545565623
headphones,2,1,264,252,-6.8039729267675,0.0011093589791132225
headphones,2,1,264,228,-6.961041476578043,0.0009481086272394753
headphones,2,1,264,222,-7.004176281929007,0.0009080816305391809
headphones,2,1,264,204,-7.129506394103984,0.0008011147248654039
headphones,2,1,264,180,-7.283921964541946,0.0006864878958858274
headphones,2,1,264,156,-7.44827916575626,0.0005824430382277357
headphones,2,1,264,132,-7.633021427120742,0.00048419568402485746
headphones,2,1,264,120,-7.727869839563969,0.0004403812012894321
headphones,2,1,264,108,-7.819972225098386,0.0004016328379610001
headphones,2,1,264,84,-8.004899592832157,0.0003338230176068508
headphones,2,1,264,72,-8.094161949352904,0.00030531639775852396
headphones,2,1,264,60,-8.182399900347395,0.00027953028966471263
headphones,2,1,264,36,-8.339207894444552,0.00023896155076268377
headphones,2,1,264,24,-8.405449428526934,0.0002236452585715151
headphones,2,1,264,12,-8.45413732840543,0.00021301726729979365
headphones,2,1,258,180,-7.360296694442715,0.0006360097309898368
headphones,2,1,258,78,-8.125467120651104,0.0002959064737434989
headphones,2,1,258,108,-7.8963469549991565,0.0003721003600488006
headphones,2,1,258,102,-7.94077282822407,0.0003559312982341618
headphones,2,1,258,114,-7.851340823004616,0.0003892297300403718
headphones,2,1,258,126,-7.756439201726282,0.00042797781333592754
headphones,2,1,258,60,-8.258774630248164,0.00025897613839754143
headphones,2,1,258,54,-8.300930696469319,0.00024828564097314376
headphones,2,1,258,6,-8.54575704291864,0.00019436804774113103
headphones,2,1,258,234,-7.002150710996277,0.0009099228784541318
headphones,2,1,258,228,-7.037416206478811,0.0008783932194195754
headphones,2,1,258,30,-8.449515871799719,0.00021400399566184035
headphones,2,1,258,12,-8.530512058306197,0.00019735388734962425
headphones,2,1,258,18,-8.508675937579714,0.00020171072576827145
headphones,2,1,258,246,-6.925243137316668,0.0009826641667722224
headphones,2,1,258,252,-6.880347656668269,0.001027786666167681
headphones,2,1,258,258,-6.839324565814904,0.0010708264282089269
headphones,2,1,258,204,-7.205881124004755,0.0007422079306965401
headphones,2,1,258,150,-7.5678789505019,0.0005167874186540371
headphones,2,1,258,210,-7.164334250704657,0.0007736938922074542
headphones,2,1,258,216,-7.123233388798738,0.0008061559169658425
headphones,2,1,258,222,-7.080551011829776,0.0008413094491794089
headphones,2,1,258,36,-8.415582624345321,0.000221390460819961
headphones,2,1,258,24,-8.481824158427703,0.00020720039143250741
headphones,2,1,258,186,-7.320626468083086,0.0006617475176308356
headphones,2,1,258,156,-7.524653895657028,0.0005396153993103103
headphones,2,1,258,192,-7.2824470963441055,0.0006875011220555322
headphones,2,1,258,162,-7.481411933727406,0.0005634612836716904
headphones,2,1,258,174,-7.401319307777532,0.0006104468623389412
headphones,2,1,258,42,-8.38022844643344,0.00022935754355739814
headphones,2,1,258,138,-7.6632166615910595,0.0004697938100256985
headphones,2,1,258,240,-6.966154137627754,0.0009432736395486434
headphones,2,1,258,84,-8.081274322732924,0.000309276665908848
headphones,2,1,258,168,-7.442861148964093,0.0005856072886297214
headphones,2,1,258,144,-7.615940711826788,0.0004925371287706996
headphones,2,1,258,96,-7.989404146628722,0.0003390360389562874
headphones,2,1,258,72,-8.170536679253672,0.00028286616729726057
headphones,2,1,258,48,-8.341702428752276,0.00023836619585143135
headphones,2,1,258,0,-8.554686887500504,0.00019264009792728097
headphones,2,1,258,198,-7.243908112367373,0.000714513895893301
headphones,2,1,258,132,-7.70939615702151,0.00044859227466161554
headphones,2,1,258,120,-7.804244569464737,0.00040799951615119994
headphones,2,1,258,90,-8.03643372576866,0.00032346044427390306
headphones,2,1,258,66,-8.214754499589393,0.00027063094288690706
headphones,2,1,270,0,-8.609515070505932,0.00018236232184292616
headphones,2,1,270,156,-7.579482078662458,0.0005108257220548783
headphones,2,1,270,60,-8.313602813253594,0.0002451591875639427
headphones,2,1,270,132,-7.76422434002694,0.0004246588827990137
headphones,2,1,270,18,-8.563504120585144,0.00019094901158952536
headphones,2,1,270,24,-8.536652341433133,0.000196145791426345
headphones,2,1,270,36,-8.470410807350753,0.00020957878916903216
headphones,2,1,270,66,-8.269582682594823,0.0002561921824086005
headphones,2,1,270,6,-8.600585225924071,0.00018399808170534366
headphones,2,1,270,138,-7.718044844596488,0.00044472926927218044
headphones,2,1,270,72,-8.225364862259102,0.00026777463048534294
headphones,2,1,270,210,-7.219162433710087,0.0007324156086751072
headphones,2,1,270,180,-7.415124877448145,0.0006020772025447359
headphones,2,1,270,126,-7.811267384731712,0.0004051442486634312
headphones,2,1,270,54,-8.355758879474749,0.00023503905186558508
headphones,2,1,270,150,-7.62270713350733,0.0004892156647498054
headphones,2,1,270,270,-6.819744731203961,0.0010919996401374242
headphones,2,1,270,162,-7.536240116732836,0.0005333993756468772
headphones,2,1,270,90,-8.09126190877409,0.0003062031128347956
headphones,2,1,270,96,-8.044232329634152,0.00032094771502782474
headphones,2,1,270,264,-6.859059021240258,0.0010499014028805937
headphones,2,1,270,234,-7.056978894001707,0.0008613764766436753
headphones,2,1,270,204,-7.260709307010185,0.0007026094929787023
headphones,2,1,270,246,-6.980071320322098,0.0009302368560468262
headphones,2,1,270,144,-7.670768894832218,0.0004662591815665441
headphones,2,1,270,186,-7.375454651088516,0.0006264418212375802
headphones,2,1,270,168,-7.497689331969523,0.0005543638421683591
headphones,2,1,270,222,-7.135379194835206,0.0007964237258572469
headphones,2,1,270,114,-7.906169006010046,0.0003684634614713066
headphones,2,1,270,258,-6.894152748820334,0.00101369546548228
headphones,2,1,270,198,-7.298736295372805,0.0006763929962978081
headphones,2,1,270,192,-7.3372752793495355,0.0006508214138003123
headphones,2,1,270,78,-8.180295303656534,0.0002801192076874215
headphones,2,1,270,228,-7.092244389484241,0.0008315289947833413
headphones,2,1,270,30,-8.504344054805149,0.00020258640829433404
headphones,2,1,270,120,-7.859072752470166,0.0003862318379022507
headphones,2,1,270,42,-8.43505662943887,0.00021712081038863435
headphones,2,1,270,102,-7.9956010112295,0.00033694157478600693
headphones,2,1,270,174,-7.456147490782962,0.0005778781695796323
headphones,2,1,270,240,-7.020982320633184,0.0008929479007337925
headphones,2,1,270,108,-7.951175138004585,0.0003522479813247563
headphones,2,1,270,84,-8.136102505738354,0.00029277607047452185
headphones,2,1,270,252,-6.935175839673699,0.0009729519701152278
headphones,2,1,270,216,-7.178061571804168,0.0007631457124819319
headphones,2,1,270,48,-8.396530611757706,0.00022564883112103477
headphones,2,1,270,12,-8.585340241311627,0.00018682462015457663
headphones,2,1,276,276,-6.787868732496621,0.0011273689403551205
headphones,2,1,276,24,-8.540576539704315,0.00019537758473423886
headphones,2,1,276,258,-6.898076947091516,0.0010097253184060753
headphones,2,1,276,228,-7.096168587755422,0.0008282723042684574
headphones,2,1,276,234,-7.060903092272888,0.0008580028882073991
headphones,2,1,276,162,-7.5401643150040165,0.0005313103123692138
headphones,2,1,276,30,-8.508268253076329,0.0002017929768704443
headphones,2,1,276,222,-7.1393033931063865,0.0007933045254323675
headphones,2,1,276,174,-7.460071689054143,0.0005756149047200362
headphones,2,1,276,246,-6.983995518593279,0.0009265935753378084
headphones,2,1,276,198,-7.302660493643984,0.000673743897265549
headphones,2,1,276,270,-6.823668929475142,0.0010877228140825266
headphones,2,1,276,42,-8.438980827710049,0.00021627045485297382
headphones,2,1,276,102,-7.99952520950068,0.0003356219401881039
headphones,2,1,276,90,-8.09518610704527,0.000305003865689533
headphones,2,1,276,66,-8.273506880866003,0.000255188803505794
headphones,2,1,276,120,-7.862996950741348,0.00038471915756165627
headphones,2,1,276,12,-8.58926443958281,0.00018609291991054244
headphones,2,1,276,186,-7.379378849359696,0.0006239883564153673
headphones,2,1,276,144,-7.674693093103398,0.0004644330734408967
headphones,2,1,276,126,-7.815191583002893,0.0004035574977021785
headphones,2,1,276,96,-8.048156527905334,0.00031969072052028197
headphones,2,1,276,210,-7.223086631981268,0.0007295470965959263
headphones,2,1,276,108,-7.955099336275765,0.00035086839905298445
headphones,2,1,276,132,-7.768148538298121,0.00042299570260403676
headphones,2,1,276,252,-6.939100037944879,0.0009691413952917517
headphones,2,1,276,216,-7.181985770075348,0.0007601568456848556
headphones,2,1,276,168,-7.501613530240704,0.0005521926713758665
headphones,2,1,276,138,-7.721969042867668,0.0004429874832346325
headphones,2,1,276,114,-7.910093204281225,0.00036702037113100285
headphones,2,1,276,240,-7.024906518904366,0.0008894506625414379
headphones,2,1,276,60,-8.317527011524774,0.00024419901948106765
headphones,2,1,276,192,-7.341199477620716,0.0006482724660925309
headphones,2,1,276,36,-8.474335005621933,0.00020875797202484409
headphones,2,1,276,48,-8.400454810028886,0.00022476507551826352
headphones,2,1,276,264,-6.862983219511438,0.0010457894549367756
headphones,2,1,276,72,-8.229289060530284,0.000266725888824259
headphones,2,1,276,150,-7.62663133177851,0.0004872996473588083
headphones,2,1,276,180,-7.419049075719325,0.0005997191619628002
headphones,2,1,276,78,-8.184219501927714,0.0002790221183827363
headphones,2,1,276,0,-8.613439268777112,0.0001816480982289044
headphones,2,1,276,156,-7.583406276933637,0.0005088250686871535
headphones,2,1,276,18,-8.567428318856322,0.00019020115813069103
headphones,2,1,276,54,-8.35968307774593,0.0002341185193818833
headphones,2,1,276,6,-8.60450942419525,0.000183277451623644
headphones,2,1,276,204,-7.264633505281363,0.0006998577168099757
headphones,2,1,276,84,-8.140026704009536,0.00029162941045703415
headphones,2,1,288,150,-7.673303584603106,0.00046507885570032625
headphones,2,1,288,282,-6.797559535205298,0.001116496596331227
headphones,2,1,288,138,-7.768641295692264,0.00042278731968921525
headphones,2,1,288,48,-8.447127062853482,0.0002145158214047739
headphones,2,1,288,174,-7.506743941878739,0.0005493669504220457
headphones,2,1,288,66,-8.3201791336906,0.0002435522319075711
headphones,2,1,288,210,-7.269758884805864,0.0006962798571748151
headphones,2,1,288,270,-6.870341182299738,0.0010381228150574736
headphones,2,1,288,42,-8.485653080534645,0.00020640855418216432
headphones,2,1,288,204,-7.311305758105961,0.0006679443087045001
headphones,2,1,288,126,-7.861863835827489,0.000385155335650016
headphones,2,1,288,72,-8.27596131335488,0.0002545632278463346
headphones,2,1,288,144,-7.721365345927996,0.0004432549941622139
headphones,2,1,288,240,-7.071578771728962,0.0008488918442251192
headphones,2,1,288,96,-8.09482878072993,0.0003051128710711102
headphones,2,1,288,108,-8.001771589100361,0.000334868852086022
headphones,2,1,288,258,-6.944749199916112,0.0009636819936177135
headphones,2,1,288,276,-6.834540985321217,0.0010759610838511136
headphones,2,1,288,228,-7.1428408405800194,0.00079050321001732
headphones,2,1,288,252,-6.985772290769475,0.0009249486913792618
headphones,2,1,288,0,-8.660111521601708,0.00017336497188604475
headphones,2,1,288,12,-8.635936692407405,0.00017760711035811737
headphones,2,1,288,198,-7.34933274646858,0.0006430212754589135
headphones,2,1,288,24,-8.58724879252891,0.00018646839584266503
headphones,2,1,288,102,-8.046197462325276,0.0003203176294845009
headphones,2,1,288,78,-8.23089175475231,0.0002662987511603385
headphones,2,1,288,114,-7.956765457105821,0.0003502842966324393
headphones,2,1,288,120,-7.909669203565944,0.0003671760210263867
headphones,2,1,288,90,-8.141858359869866,0.00029109573464274736
headphones,2,1,288,156,-7.630078529758233,0.00048562272100807785
headphones,2,1,288,168,-7.5482857830653,0.0005270127674451154
headphones,2,1,288,60,-8.36419926434937,0.00023306358040471036
headphones,2,1,288,264,-6.909655472336034,0.0009981016108705212
headphones,2,1,288,18,-8.614100571680918,0.00018152801352463288
headphones,2,1,288,6,-8.651181677019846,0.0001749200270075991
headphones,2,1,288,180,-7.465721328543921,0.0005723720571089311
headphones,2,1,288,132,-7.814820791122715,0.00040370716129081827
headphones,2,1,288,84,-8.186698956834132,0.0002783311525855685
headphones,2,1,288,36,-8.521007258446529,0.00019923863945698022
headphones,2,1,288,234,-7.107575345097484,0.0008188780837373598
headphones,2,1,288,288,-6.761060411867193,0.0011580005650626123
headphones,2,1,288,30,-8.554940505900925,0.00019259124704879032
headphones,2,1,288,54,-8.406355330570525,0.00022344274961522357
headphones,2,1,288,192,-7.387871730445312,0.0006187113377702572
headphones,2,1,288,222,-7.1859756459309825,0.0007571299567108271
headphones,2,1,288,186,-7.426051102184292,0.0005955345798933108
headphones,2,1,288,246,-7.030667771417875,0.0008843410457058531
headphones,2,1,288,216,-7.228658022899944,0.0007254938062443722
headphones,2,1,288,162,-7.5868365678286125,0.000507082640912546
headphones,2,1,282,0,-8.663309228749158,0.00017281148688942264
headphones,2,1,282,114,-7.959963164253271,0.0003491659790125119
headphones,2,1,282,120,-7.912866910713394,0.0003660037748883889
headphones,2,1,282,156,-7.633276236905683,0.0004840723219443417
headphones,2,1,282,210,-7.272956591953314,0.0006940569141534892
headphones,2,1,282,198,-7.35253045361603,0.0006409683657816965
headphones,2,1,282,234,-7.110773052244934,0.0008162637336268357
headphones,2,1,282,222,-7.1891733530784325,0.0007547127436661526
headphones,2,1,282,282,-6.8007572423527485,0.001112932069379063
headphones,2,1,282,276,-6.837738692468667,0.0010725259705731424
headphones,2,1,282,126,-7.865061542974939,0.0003839256887534598
headphones,2,1,282,84,-8.189896663981582,0.00027744255256808686
headphones,2,1,282,66,-8.32337684083805,0.00024277466706971405
headphones,2,1,282,48,-8.450324770000933,0.00021383095820897417
headphones,2,1,282,180,-7.468919035691371,0.0005705447021210748
headphones,2,1,282,42,-8.488850787682095,0.00020574957424710925
headphones,2,1,282,18,-8.617298278828368,0.00018094846720186972
headphones,2,1,282,12,-8.639134399554855,0.00017704008191051816
headphones,2,1,282,102,-8.049395169472726,0.00031929498344392837
headphones,2,1,282,108,-8.004969296247811,0.0003337997498132312
headphones,2,1,282,78,-8.23408946189976,0.00026544856578677106
headphones,2,1,282,54,-8.409553037717975,0.00022272938630906903
headphones,2,1,282,246,-7.033865478565325,0.0008815176985477143
headphones,2,1,282,138,-7.771839002839714,0.00042143752892315515
headphones,2,1,282,60,-8.36739697149682,0.00023231950163487772
headphones,2,1,282,186,-7.429248809331742,0.0005936332762368993
headphones,2,1,282,6,-8.654379384167296,0.00017436157734210914
headphones,2,1,282,162,-7.5900342749760625,0.0005054637289100851
headphones,2,1,282,150,-7.676501291750556,0.000463594044979476
headphones,2,1,282,132,-7.818018498270167,0.0004024182858370711
headphones,2,1,282,252,-6.988969997916925,0.0009219957002545023
headphones,2,1,282,96,-8.09802648787738,0.00030413876774114135
headphones,2,1,282,24,-8.59044649967636,0.00018587307685567298
headphones,2,1,282,270,-6.873538889447188,0.0010348085042336983
headphones,2,1,282,216,-7.2318557300473945,0.0007231775947713736
headphones,2,1,282,192,-7.391069437592762,0.0006167360399983352
headphones,2,1,282,204,-7.314503465253409,0.0006658118297531589
headphones,2,1,282,36,-8.524204965593979,0.0001986025501911548
headphones,2,1,282,228,-7.146038547727468,0.0007879794495265701
headphones,2,1,282,72,-8.27915902050233,0.00025375050930364506
headphones,2,1,282,168,-7.55148349021275,0.0005253302265221375
headphones,2,1,282,30,-8.558138213048375,0.00019197638024748333
headphones,2,1,282,258,-6.947946907063562,0.0009606053425550474
headphones,2,1,282,90,-8.145056067017316,0.0002901663824215192
headphones,2,1,282,174,-7.509941649026189,0.0005476130415361231
headphones,2,1,282,240,-7.0747764788764105,0.0008461816721850484
headphones,2,1,282,144,-7.724563053075446,0.0004418398583001214
headphones,2,1,282,264,-6.912853179483484,0.0009949150717403197
headphones,2,1,294,6,-8.67769541730603,0.00017034318554881033
headphones,2,1,294,138,-7.795155035978448,0.0004117249469803446
headphones,2,1,294,36,-8.547520998732713,0.00019402549330751296
headphones,2,1,294,102,-8.07271120261146,0.0003119364107545157
headphones,2,1,294,186,-7.452564842470476,0.0005799522169013382
headphones,2,1,294,0,-8.686625261887892,0.00016882881896860134
headphones,2,1,294,168,-7.5747995233514835,0.0005132233007693011
headphones,2,1,294,264,-6.936169212622218,0.0009719859458385373
headphones,2,1,294,18,-8.640614311967102,0.00017677827187158012
headphones,2,1,294,66,-8.346692873976783,0.00023717960567691838
headphones,2,1,294,96,-8.121342521016114,0.0002971294899693702
headphones,2,1,294,204,-7.337819498392143,0.000650467320754414
headphones,2,1,294,144,-7.74787908621418,0.0004316570778526728
headphones,2,1,294,228,-7.169354580866203,0.0007698194271091702
headphones,2,1,294,120,-7.936182943852128,0.0003575687366893356
headphones,2,1,294,174,-7.533257682164923,0.0005349925790147582
headphones,2,1,294,180,-7.492235068830105,0.000557395749331923
headphones,2,1,294,90,-8.16837210015605,0.0002834791166397578
headphones,2,1,294,270,-6.896854922585922,0.0010109599817298574
headphones,2,1,294,240,-7.098092512015146,0.0008266803030245888
headphones,2,1,294,156,-7.656592270044417,0.0004729162388467012
headphones,2,1,294,294,-6.749568547615345,0.0011713849085916836
headphones,2,1,294,24,-8.613762532815095,0.00018158938742123673
headphones,2,1,294,192,-7.414385470731496,0.0006025225470973255
headphones,2,1,294,78,-8.257405495038494,0.00025933095458732883
headphones,2,1,294,288,-6.787574152153377,0.0011277010900045098
headphones,2,1,294,258,-6.971262940202296,0.0009384669294713641
headphones,2,1,294,132,-7.841334531408899,0.00039314402735690076
headphones,2,1,294,246,-7.057181511704059,0.0008612019642013705
headphones,2,1,294,282,-6.824073275491481,0.0010872830866027901
headphones,2,1,294,234,-7.134089085383668,0.00079745186269533
headphones,2,1,294,126,-7.8883775761136725,0.00037507761648638866
headphones,2,1,294,198,-7.375846486754764,0.0006261964070733414
headphones,2,1,294,114,-7.9832791973920045,0.00034111898995706154
headphones,2,1,294,252,-7.012286031055661,0.0009007470971400075
headphones,2,1,294,48,-8.473640803139666,0.00020890294264087547
headphones,2,1,294,84,-8.213212697120316,0.00027104852417406735
headphones,2,1,294,276,-6.861054725607401,0.0010478081994681314
headphones,2,1,294,54,-8.43286907085671,0.00021759629476611537
headphones,2,1,294,108,-8.028285329386545,0.00032610689571256613
headphones,2,1,294,60,-8.390713004635554,0.00022696539327555056
headphones,2,1,294,222,-7.212489386217166,0.0007373193962230077
headphones,2,1,294,210,-7.2962726250920475,0.0006780614600492603
headphones,2,1,294,30,-8.581454246187109,0.00018755203216200985
headphones,2,1,294,72,-8.302475053641064,0.0002479024951959813
headphones,2,1,294,150,-7.69981732488929,0.0004529099106984894
headphones,2,1,294,216,-7.255171763186128,0.0007065110162956292
headphones,2,1,294,42,-8.512166820820829,0.00020100780479748387
headphones,2,1,294,12,-8.66245043269359,0.00017295996045785245
headphones,2,1,294,162,-7.613350308114796,0.0004938146527143747
headphones,2,1,300,252,-7.060221775589474,0.0008585876590740052
headphones,2,1,300,198,-7.423782231288577,0.0005968873049680051
headphones,2,1,300,168,-7.622735267885297,0.000489201901165002
headphones,2,1,300,156,-7.70452801457823,0.0004507814099414849
headphones,2,1,300,234,-7.182024829917481,0.0007601271546583345
headphones,2,1,300,30,-8.629389990720922,0.00017877366550482808
headphones,2,1,300,12,-8.710386177227402,0.00016486457523377148
headphones,2,1,300,162,-7.6612860526486095,0.0004707016742398405
headphones,2,1,300,36,-8.595456743266526,0.00018494413651569397
headphones,2,1,300,300,-6.759050858687692,0.0011603299685261634
headphones,2,1,300,288,-6.83550989668719,0.0010749190778148899
headphones,2,1,300,6,-8.725631161839843,0.0001623702783877292
headphones,2,1,300,222,-7.2604251307509795,0.0007028091862888041
headphones,2,1,300,270,-6.944790667119735,0.0009636420332487845
headphones,2,1,300,282,-6.872009020025294,0.0010363928377245112
headphones,2,1,300,42,-8.560102565354642,0.00019159964114749835
headphones,2,1,300,132,-7.889270275942714,0.00037474293416992345
headphones,2,1,300,90,-8.216307844689863,0.00027021088596887807
headphones,2,1,300,96,-8.169278265549927,0.000283222354026639
headphones,2,1,300,54,-8.480804815390522,0.00020741170739224378
headphones,2,1,300,276,-6.908990470141214,0.0009987655713755317
headphones,2,1,300,216,-7.303107507719941,0.0006734427915641381
headphones,2,1,300,60,-8.438648749169367,0.00021634228555607142
headphones,2,1,300,294,-6.797504292149158,0.0011165582767190695
headphones,2,1,300,144,-7.795814830747993,0.0004114533826120623
headphones,2,1,300,138,-7.843090780512261,0.0003924541744654398
headphones,2,1,300,258,-7.019198684736109,0.0008945420159016571
headphones,2,1,300,0,-8.734561006421705,0.00016092679168517983
headphones,2,1,300,264,-6.984104957156031,0.0009264921758172778
headphones,2,1,300,240,-7.146028256548959,0.0007879875588054731
headphones,2,1,300,192,-7.462321215265309,0.000574321499224538
headphones,2,1,300,120,-7.984118688385941,0.0003408327438044764
headphones,2,1,300,78,-8.305341239572307,0.00024719297784198455
headphones,2,1,300,18,-8.688550056500915,0.0001685041707081696
headphones,2,1,300,204,-7.385755242925958,0.0006200222193376257
headphones,2,1,300,210,-7.344208369625861,0.0006463248158561717
headphones,2,1,300,114,-8.031214941925818,0.0003251529269235032
headphones,2,1,300,48,-8.52157654767348,0.000199125247325467
headphones,2,1,300,24,-8.661698277348908,0.00017309010215377728
headphones,2,1,300,66,-8.394628618510596,0.00022607842208409394
headphones,2,1,300,102,-8.120646947145273,0.00029733623737455983
headphones,2,1,300,72,-8.350410798174877,0.00023629942711415558
headphones,2,1,300,84,-8.261148441654129,0.0002583621069720792
headphones,2,1,300,108,-8.076221073920358,0.00031084347325320604
headphones,2,1,300,174,-7.581193426698736,0.0005099522690627655
headphones,2,1,300,126,-7.936313320647486,0.00035752212106218993
headphones,2,1,300,150,-7.747753069423103,0.0004317114773200206
headphones,2,1,300,228,-7.2172903254000165,0.0007337880543051235
headphones,2,1,300,180,-7.540170813363918,0.0005313068597348028
headphones,2,1,300,246,-7.105117256237872,0.0008208934347735773
headphones,2,1,300,186,-7.500500587004289,0.0005528075725862732
headphones,2,1,306,216,-7.504933189793048,0.0005503626189557171
headphones,2,1,306,150,-7.94957875149621,0.0003528107543318467
headphones,2,1,306,60,-8.640474431242474,0.00017680300147390507
headphones,2,1,306,192,-7.664146897338416,0.00046935699423205854
headphones,2,1,306,120,-8.185944370459048,0.0002785412567419685
headphones,2,1,306,54,-8.682630497463629,0.00016950459922118036
headphones,2,1,306,48,-8.723402229746586,0.0001627325943510549
headphones,2,1,306,186,-7.702326269077396,0.0004517750093077624
headphones,2,1,306,258,-7.221024366809216,0.0007310531685907493
headphones,2,1,306,84,-8.462974123727236,0.0002111431700112396
headphones,2,1,306,102,-8.32247262921838,0.00024299428602068022
headphones,2,1,306,222,-7.462250812824086,0.0005743619342834768
headphones,2,1,306,288,-7.037335578760297,0.0008784640451160342
headphones,2,1,306,306,-6.922793010747194,0.0009850747702920392
headphones,2,1,306,12,-8.912211859300509,0.0001347334926370487
headphones,2,1,306,138,-8.044916462585368,0.0003207282192110782
headphones,2,1,306,132,-8.09109595801582,0.00030625393169015215
headphones,2,1,306,36,-8.797282425339633,0.00015114326058323686
headphones,2,1,306,180,-7.741996495437025,0.0004342038231838953
headphones,2,1,306,6,-8.92745684391295,0.00013269506003098808
headphones,2,1,306,144,-7.9976405128211,0.00033625508219727756
headphones,2,1,306,240,-7.347853938622066,0.0006439728838160696
headphones,2,1,306,228,-7.419116007473123,0.0005996790230508027
headphones,2,1,306,24,-8.863523959422015,0.0001414557006622778
headphones,2,1,306,18,-8.890375738574022,0.00013770790608733853
headphones,2,1,306,246,-7.3069429383109785,0.0006708647955028442
headphones,2,1,306,168,-7.8245609499584035,0.0003997940773825096
headphones,2,1,306,156,-7.906353696651337,0.00036839541600218933
headphones,2,1,306,276,-7.110816152214321,0.0008162285534430424
headphones,2,1,306,126,-8.138139002720592,0.00029218043959662734
headphones,2,1,306,174,-7.7830191087718426,0.0004167520535663264
headphones,2,1,306,96,-8.371103947623034,0.00023145989304729076
headphones,2,1,306,162,-7.863111734721716,0.0003846750004997374
headphones,2,1,306,252,-7.262047457662579,0.0007016699244096444
headphones,2,1,306,198,-7.625607913361684,0.0004877986140747407
headphones,2,1,306,30,-8.831215672794029,0.00014610052105395487
headphones,2,1,306,282,-7.073834702098402,0.000846978961809386
headphones,2,1,306,66,-8.596454300583703,0.0001847597361293128
headphones,2,1,306,234,-7.3838505119905875,0.0006212043202741379
headphones,2,1,306,0,-8.936386688494812,0.00013151538874785258
headphones,2,1,306,90,-8.418133526762972,0.00022082643505140658
headphones,2,1,306,114,-8.233040623998924,0.0002657271243591489
headphones,2,1,306,204,-7.587580924999065,0.000506705330756952
headphones,2,1,306,78,-8.507166921645414,0.00020201534024381977
headphones,2,1,306,264,-7.185930639229138,0.0007571640333998804
headphones,2,1,306,210,-7.5460340516989675,0.0005282007956822809
headphones,2,1,306,42,-8.761928247427749,0.00015658238771551223
headphones,2,1,306,108,-8.278046755993467,0.00025403290400894036
headphones,2,1,306,72,-8.552236480247984,0.00019311272344637806
headphones,2,1,306,270,-7.146616349192842,0.0007875242853558748
headphones,2,1,306,300,-6.960876540760799,0.0009482650172075442
headphones,2,1,306,294,-6.999329974222265,0.000912493154711069
headphones,2,1,312,78,-8.599039250518068,0.00018428275820914965
headphones,2,1,312,66,-8.688326629456357,0.00016854182330317398
headphones,2,1,312,12,-9.004084188173163,0.00012290680309891505
headphones,2,1,312,306,-7.014665339619848,0.0008986064894505708
headphones,2,1,312,252,-7.353919786535233,0.0006400784656578606
headphones,2,1,312,36,-8.889154754212287,0.00013787614797661508
headphones,2,1,312,48,-8.81527455861924,0.00014844818864423107
headphones,2,1,312,54,-8.774502826336283,0.00015462575780589128
headphones,2,1,312,294,-7.091202303094919,0.0008323959714849849
headphones,2,1,312,240,-7.43972626749472,0.0005874459785989254
headphones,2,1,312,6,-9.019329172785604,0.00012104730083233011
headphones,2,1,312,288,-7.129207907632951,0.0008013538824633998
headphones,2,1,312,204,-7.679453253871717,0.000462227550830895
headphones,2,1,312,168,-7.916433278831057,0.00036470079552775454
headphones,2,1,312,216,-7.596805518665702,0.0005020526724057707
headphones,2,1,312,156,-7.998226025523991,0.0003360582582023371
headphones,2,1,312,126,-8.230011331593246,0.0002665333099884506
headphones,2,1,312,60,-8.732346760115128,0.0001612835180335487
headphones,2,1,312,162,-7.95498406359437,0.0003509088469253826
headphones,2,1,312,210,-7.637906380571621,0.00048183617837693434
headphones,2,1,312,96,-8.462976276495688,0.00021114271546937352
headphones,2,1,312,138,-8.136788791458022,0.0002925752113695458
headphones,2,1,312,270,-7.238488678065496,0.0007183966687228343
headphones,2,1,312,246,-7.3988152671836325,0.0006119773614789308
headphones,2,1,312,312,-6.982427725079283,0.0009280474221033041
headphones,2,1,312,174,-7.8748914376444965,0.0003801702278046652
headphones,2,1,312,120,-8.277816699331701,0.0002540913526938121
headphones,2,1,312,264,-7.277802968101792,0.0006907013909106507
headphones,2,1,312,192,-7.75601922621107,0.00042815759128710925
headphones,2,1,312,24,-8.955396288294668,0.0001290389465027267
headphones,2,1,312,228,-7.510988336345777,0.0005470401617747987
headphones,2,1,312,144,-8.089512841693754,0.0003067391512662829
headphones,2,1,312,132,-8.182968286888475,0.0002793714535546729
headphones,2,1,312,282,-7.165707030971056,0.000772632509189513
headphones,2,1,312,222,-7.55412314169674,0.0005239453663882813
headphones,2,1,312,150,-8.041451080368864,0.0003218415930970988
headphones,2,1,312,300,-7.052748869633453,0.0008650278373580052
headphones,2,1,312,258,-7.312896695681868,0.0006668824958681003
headphones,2,1,312,108,-8.369919084866119,0.00023173430379171386
headphones,2,1,312,114,-8.324912952871578,0.00024240202426601502
headphones,2,1,312,180,-7.833868824309679,0.0003960901091209784
headphones,2,1,312,42,-8.853800576300403,0.00014283783726702325
headphones,2,1,312,90,-8.510005855635624,0.0002014426453340188
headphones,2,1,312,72,-8.644108809120638,0.0001761615988123852
headphones,2,1,312,18,-8.982248067446676,0.0001256201273148496
headphones,2,1,312,102,-8.414344958091034,0.00022166463795723508
headphones,2,1,312,234,-7.4757228408632415,0.0005666760029876509
headphones,2,1,312,186,-7.79419859795005,0.00041211892475450615
headphones,2,1,312,0,-9.028259017367466,0.00011997117919931968
headphones,2,1,312,198,-7.717480242234338,0.00044498043536594163
headphones,2,1,312,84,-8.55484645259989,0.00019260936174318583
headphones,2,1,312,276,-7.202688481086975,0.0007445813222699054
headphones,2,1,312,30,-8.923088001666683,0.000133276052022195
headphones,2,1,318,144,-8.230214307361834,0.00026647921567510464
headphones,2,1,318,102,-8.555046423759114,0.00019257084927666018
headphones,2,1,318,42,-8.994502041968483,0.00012409017462072032
headphones,2,1,318,240,-7.5804277331628,0.0005103428857460728
headphones,2,1,318,138,-8.277490257126102,0.00025417431237544324
headphones,2,1,318,150,-8.182152546036944,0.00027959944123888024
headphones,2,1,318,18,-9.122949533114756,0.00010913231278653385
headphones,2,1,318,282,-7.3064084966391345,0.000671223429431656
headphones,2,1,318,270,-7.379190143733576,0.00062410611763961
headphones,2,1,318,276,-7.343389946755055,0.0006468539993858514
headphones,2,1,318,54,-8.915204292004363,0.0001343309143719726
headphones,2,1,318,198,-7.858181707902418,0.0003865761410552516
headphones,2,1,318,216,-7.737506984333782,0.0004361575684681306
headphones,2,1,318,48,-8.95597602428732,0.00012896415966139166
headphones,2,1,318,258,-7.453598161349948,0.0005793532508411869
headphones,2,1,318,78,-8.73974071618615,0.00016009539267254605
headphones,2,1,318,114,-8.465614418539658,0.00021058642510355584
headphones,2,1,318,306,-7.155366805287928,0.0007806631514784042
headphones,2,1,318,156,-8.13892749119207,0.0002919501494908919
headphones,2,1,318,12,-9.144785653841243,0.00010677511610671773
headphones,2,1,318,228,-7.651689802013857,0.00047524038796724165
headphones,2,1,318,126,-8.370712797261326,0.00023155044637700628
headphones,2,1,318,192,-7.89672069187915,0.0003719613184053051
headphones,2,1,318,318,-7.092786468191051,0.0008310783627712187
headphones,2,1,318,264,-7.418504433769872,0.0006000458831412496
headphones,2,1,318,252,-7.494621252203313,0.0005560672864709073
headphones,2,1,318,162,-8.09568552926245,0.0003048515780137716
headphones,2,1,318,108,-8.5106205505342,0.00020131885761731297
headphones,2,1,318,174,-8.015592903312577,0.0003302723623971534
headphones,2,1,318,66,-8.829028095124437,0.000146420477128114
headphones,2,1,318,168,-8.057134744499137,0.00031683331438820946
headphones,2,1,318,222,-7.69482460736482,0.00045517681624719875
headphones,2,1,318,0,-9.168960483035546,0.00010422479688254356
headphones,2,1,318,246,-7.5395167328517125,0.00053165449087474
headphones,2,1,318,288,-7.269909373301031,0.0006961750829507489
headphones,2,1,318,24,-9.096097753962749,0.0001121024072526609
headphones,2,1,318,234,-7.6164243065313215,0.0004922989980074688
headphones,2,1,318,186,-7.93490006361813,0.00035802774891983583
headphones,2,1,318,36,-9.029856219880367,0.00011977971387557818
headphones,2,1,318,30,-9.063789467334763,0.00011578338684362412
headphones,2,1,318,84,-8.69554791826797,0.0001673291180376573
headphones,2,1,318,312,-7.123129190747363,0.0008062399212179582
headphones,2,1,318,120,-8.418518164999782,0.00022074151309395046
headphones,2,1,318,294,-7.231903768762999,0.0007231428550829985
headphones,2,1,318,90,-8.650707321303704,0.0001750030210050601
headphones,2,1,318,6,-9.160030638453684,0.00010515967607077829
headphones,2,1,318,180,-7.974570289977759,0.00034410273738938614
headphones,2,1,318,60,-8.873048225783208,0.0001401148344105297
headphones,2,1,318,96,-8.603677742163768,0.00018342994359055975
headphones,2,1,318,72,-8.784810274788718,0.00015304014661905643
headphones,2,1,318,204,-7.820154719539797,0.00040155954888821164
headphones,2,1,318,132,-8.323669752556553,0.00024270356593845922
headphones,2,1,318,210,-7.7786078462397015,0.00041859451709283345
headphones,2,1,318,300,-7.193450335301533,0.0007514917436678431
headphones,2,1,324,144,-8.393886933662847,0.00022624616322199757
headphones,2,1,324,318,-7.256459094492065,0.0007056020877179935
headphones,2,1,324,180,-8.138242916278774,0.00029215007966494947
headphones,2,1,324,312,-7.286801817048378,0.0006845137559784912
headphones,2,1,324,246,-7.703189359152727,0.0004513852550016778
headphones,2,1,324,36,-9.19352884618138,0.00010169536347336963
headphones,2,1,324,132,-8.48734237885757,0.00020606016290899507
headphones,2,1,324,324,-7.229330217429014,0.0007250062971457716
headphones,2,1,324,114,-8.629287044840675,0.00017879207046452958
headphones,2,1,324,192,-8.060393318180164,0.00031580256997903615
headphones,2,1,324,60,-9.036720852084223,0.00011896028594784461
headphones,2,1,324,300,-7.357122961602547,0.0006380314624805543
headphones,2,1,324,228,-7.81536242831487,0.0004034885576847898
headphones,2,1,324,0,-9.332633109336562,0.00008848892904284532
headphones,2,1,324,240,-7.744100359463813,0.0004332912776524589
headphones,2,1,324,282,-7.470081122940149,0.0005698820644938221
headphones,2,1,324,126,-8.534385423562341,0.00019659094219569433
headphones,2,1,324,96,-8.76735036846478,0.00015573567661648097
headphones,2,1,324,168,-8.220807370800152,0.0002689977962432812
headphones,2,1,324,150,-8.34582517233796,0.00023738549612228006
headphones,2,1,324,90,-8.814379947604719,0.00014858105145028165
headphones,2,1,324,6,-9.323703264754698,0.0000892826600994247
headphones,2,1,324,276,-7.50706257305607,0.0005491919328683513
headphones,2,1,324,84,-8.859220544568984,0.0001420657549423935
headphones,2,1,324,78,-8.903413342487163,0.0001359241779885895
headphones,2,1,324,48,-9.119648650588335,0.0001094931409289073
headphones,2,1,324,12,-9.308458280142256,0.0000906542008746428
headphones,2,1,324,234,-7.780096932832336,0.0004179716574707293
headphones,2,1,324,198,-8.021854334203432,0.0003282108455826079
headphones,2,1,324,210,-7.942280472540716,0.0003553950847464385
headphones,2,1,324,18,-9.28662215941577,0.00009265550781866429
headphones,2,1,324,66,-8.992700721425452,0.0001243139022435393
headphones,2,1,324,156,-8.302600117493087,0.0002478714934936426
headphones,2,1,324,204,-7.9838273458408135,0.0003409320573499472
headphones,2,1,324,174,-8.179265529613591,0.00028040781575146994
headphones,2,1,324,54,-9.078876918305378,0.00011404962260101978
headphones,2,1,324,270,-7.54286277003459,0.000529878528055611
headphones,2,1,324,252,-7.6582938785043275,0.00047211220484338635
headphones,2,1,324,216,-7.901179610634795,0.0003703064652759302
headphones,2,1,324,162,-8.259358155563463,0.000258825063347073
headphones,2,1,324,30,-9.227462093635777,0.00009830240220369087
headphones,2,1,324,264,-7.582177060070887,0.0005094509096100794
headphones,2,1,324,222,-7.858497233665835,0.0003864541855642877
headphones,2,1,324,138,-8.441162883427118,0.00021579905516775998
headphones,2,1,324,108,-8.674293176835214,0.00017092372102927905
headphones,2,1,324,294,-7.395576395064014,0.000613962691271963
headphones,2,1,324,288,-7.433581999602046,0.0005910665154478588
headphones,2,1,324,72,-8.948482901089731,0.0001299341335262277
headphones,2,1,324,42,-9.158174668269497,0.00010535503052408778
headphones,2,1,324,186,-8.098572689919145,0.00030397269188483616
headphones,2,1,324,258,-7.617270787650963,0.000491882452524253
headphones,2,1,324,24,-9.259770380263761,0.00009517717719413802
headphones,2,1,324,306,-7.319039431588942,0.000662798568898979
headphones,2,1,324,102,-8.718719050060129,0.00016349648765990487
headphones,2,1,324,120,-8.582190791300796,0.00018741394249003815
