laptop,5,5,600,600,-8.143683059509371,0.0002905650566718768
laptop,5,5,600,550,-8.405895701528166,0.00022354547399799763
laptop,5,5,600,500,-8.651174660940661,0.00017492125426466477
laptop,5,5,600,450,-8.862707212320904,0.00014157128138941606
laptop,5,5,600,400,-9.04924636977519,0.00011747953969765769
laptop,5,5,600,350,-9.210751811035587,0.00009995886455700382
laptop,5,5,600,300,-9.338825098966565,0.00008794269938127817
laptop,5,5,600,250,-9.441656566908481,0.00007934885293130679
laptop,5,5,600,200,-9.517648345271683,0.00007354240750511031
laptop,5,5,600,150,-9.566485968034339,0.0000700370641606923
laptop,5,5,600,100,-9.596807622768985,0.00006794529765565906
laptop,5,5,600,50,-9.610342535186378,0.00006703185959940499
laptop,5,5,600,0,-9.617489647430155,0.00006655448333787894
laptop,5,5,550,550,-8.414000805640512,0.0002217409375141687
laptop,5,5,550,500,-8.659279765053002,0.00017350922932194405
laptop,5,5,550,450,-8.870812316433245,0.00014042846897742453
laptop,5,5,550,400,-9.057351473887534,0.00011653120416799402
laptop,5,5,550,350,-9.218856915147933,0.00009915196198479231
laptop,5,5,550,300,-9.34693020307891,0.00008723279545577378
laptop,5,5,550,250,-9.449761671020822,0.0000787083215105467
laptop,5,5,550,200,-9.525753449384029,0.00007294874772270391
laptop,5,5,550,150,-9.574591072146683,0.00006947170072372404
laptop,5,5,550,100,-9.604912726881325,0.00006739681968233507
laptop,5,5,550,50,-9.61844763929872,0.00006649075521441059
laptop,5,5,550,0,-9.625594751542499,0.00006601723249939123
laptop,5,5,650,650,-7.890107752115397,0.00037442922727103653
laptop,5,5,650,600,-8.16727606692758,0.0002837899895035462
laptop,5,5,650,550,-8.429488708946376,0.00021833309361454656
laptop,5,5,650,500,-8.67476766835887,0.00017084263841048785
laptop,5,5,650,450,-8.886300219739109,0.00013827028246165128
laptop,5,5,650,400,-9.072839377193395,0.00011474028473881078
laptop,5,5,650,350,-9.234344818453794,0.00009762813687350101
laptop,5,5,650,300,-9.362418106384771,0.00008589215103903462
laptop,5,5,650,250,-9.465249574326686,0.00007749868617520373
laptop,5,5,650,200,-9.54124135268989,0.00007182762887248732
laptop,5,5,650,150,-9.59007897545255,0.00006840401915728957
laptop,5,5,650,100,-9.620400630187193,0.00006636102609643596
laptop,5,5,650,50,-9.633935542604585,0.00006546888655506923
laptop,5,5,650,0,-9.64108265484836,0.00006500264121297817
laptop,5,5,700,700,-7.610972293136995,0.0004949903487120909
laptop,5,5,700,650,-7.894708434001484,0.0003727105540733247
laptop,5,5,700,600,-8.171876748813663,0.00028248736082711216
laptop,5,5,700,550,-8.43408939083246,0.00021733091961519444
laptop,5,5,700,500,-8.679368350244953,0.0001700584510600444
laptop,5,5,700,450,-8.890900901625196,0.00013763560596954382
laptop,5,5,700,400,-9.077440059079482,0.00011421361364126938
laptop,5,5,700,350,-9.238945500339879,0.0000971800125018811
laptop,5,5,700,300,-9.367018788270856,0.00008549789619156864
laptop,5,5,700,250,-9.469850256212773,0.00007714295829637875
laptop,5,5,700,200,-9.545842034575974,0.000071497931798629
laptop,5,5,700,150,-9.59467965733863,0.00006809003684560397
laptop,5,5,700,100,-9.625001312073273,0.00006605642135776298
laptop,5,5,700,50,-9.63853622449067,0.00006516837683945149
laptop,5,5,700,0,-9.645683336734447,0.00006470427161708026
laptop,5,5,500,450,-8.891552316117144,0.00013754597733707172
laptop,5,5,500,400,-9.07809147357143,0.00011413923746565513
laptop,5,5,500,350,-9.239596914831827,0.0000971167286476574
laptop,5,5,500,300,-9.367670202762804,0.00008544221975914469
laptop,5,5,500,250,-9.47050167070472,0.00007709272261929322
laptop,5,5,500,200,-9.546493449067922,0.00007145137217616392
laptop,5,5,500,150,-9.595331071830586,0.0000680456964524003
laptop,5,5,500,100,-9.625652726565228,0.00006601340525977977
laptop,5,5,500,50,-9.639187638982618,0.00006512593903816161
laptop,5,5,500,0,-9.646334751226394,0.00006466213604221001
laptop,5,5,500,500,-8.680019764736901,0.00016994770859408536
laptop,5,5,750,750,-7.347284736248384,0.00064433953905074
laptop,5,5,750,700,-7.642799367968856,0.0004794843185311153
laptop,5,5,750,650,-7.92653550883334,0.00036103505147965767
laptop,5,5,750,600,-8.203703823645524,0.00027363818315298923
laptop,5,5,750,550,-8.46591646566432,0.00021052282768455294
laptop,5,5,750,500,-8.711195425076811,0.00016473121289968892
laptop,5,5,750,450,-8.922727976457052,0.00013332404339929743
laptop,5,5,750,400,-9.109267133911343,0.00011063576662908469
laptop,5,5,750,350,-9.27077257517174,0.00009413575878913198
laptop,5,5,750,300,-9.398845863102718,0.00008281959556973674
laptop,5,5,750,250,-9.501677331044634,0.00007472638382638005
laptop,5,5,750,200,-9.577669109407838,0.00006925819300123322
laptop,5,5,750,150,-9.626506732170492,0.00006595705350744643
laptop,5,5,750,100,-9.656828386905135,0.00006398714290438351
laptop,5,5,750,50,-9.670363299322524,0.00006312691720140657
laptop,5,5,750,0,-9.677510411566308,0.00006267735050408689
laptop,5,5,800,800,-7.069604891539245,0.0008505691098357478
laptop,5,5,800,750,-7.36804577782975,0.000631100284969691
laptop,5,5,800,700,-7.6635604095502226,0.0004696323471151377
laptop,5,5,800,650,-7.94729655041471,0.0003536168589134426
laptop,5,5,800,600,-8.22446486522689,0.0002680157353386331
laptop,5,5,800,550,-8.486677507245686,0.0002061972120166353
laptop,5,5,800,500,-8.731956466658184,0.0001613464782210254
laptop,5,5,800,450,-8.943489018038422,0.0001305846322989375
laptop,5,5,800,400,-9.13002817549271,0.00010836253188857506
laptop,5,5,800,350,-9.291533616753107,0.00009220154995483054
laptop,5,5,800,300,-9.419606904684084,0.00008111790010921476
laptop,5,5,800,250,-9.522438372626,0.00007319097970777988
laptop,5,5,800,200,-9.598430150989204,0.00006783514388075164
laptop,5,5,800,150,-9.647267773751858,0.00006460183294918472
laptop,5,5,800,100,-9.677589428486508,0.00006267239812854708
laptop,5,5,800,50,-9.691124340903897,0.00006182984749586855
laptop,5,5,800,0,-9.698271453147674,0.0000613895180521578
laptop,5,5,850,850,-6.769267230648642,0.001148535954569451
laptop,5,5,850,800,-7.072072285105189,0.0008484730081041394
laptop,5,5,850,750,-7.370513171395694,0.0006295450316870988
laptop,5,5,850,700,-7.666027803116166,0.0004684750076766087
laptop,5,5,850,650,-7.949763943980654,0.00035274542248138414
laptop,5,5,850,600,-8.226932258792841,0.0002673552502111498
laptop,5,5,850,550,-8.489144900811636,0.0002056890694939829
laptop,5,5,850,500,-8.734423860224128,0.00016094886369625935
laptop,5,5,850,450,-8.945956411604365,0.00013026282579230793
laptop,5,5,850,400,-9.132495569058653,0.00010809548846070242
laptop,5,5,850,350,-9.29400101031905,0.00009197433287595657
laptop,5,5,850,300,-9.422074298250028,0.00008091799704558692
laptop,5,5,850,250,-9.524905766191944,0.00007301061136671324
laptop,5,5,850,200,-9.600897544555147,0.00006766797420469814
laptop,5,5,850,150,-9.64973516731781,0.00006444263128956132
laptop,5,5,850,100,-9.680056822052451,0.0000625179512755845
laptop,5,5,850,50,-9.693591734469841,0.00006167747698428696
laptop,5,5,850,0,-9.700738846713625,0.00006123823266734414
laptop,5,5,450,450,-8.997232507483492,0.0001237518128309859
laptop,5,5,450,400,-9.183771664937778,0.0001026924801799654
laptop,5,5,450,350,-9.345277106198177,0.00008737711897535301
laptop,5,5,450,300,-9.473350394129154,0.00007687341929008774
laptop,5,5,450,250,-9.576181862071069,0.00006936127369856963
laptop,5,5,450,200,-9.652173640434272,0.00006428568110278391
laptop,5,5,450,150,-9.701011263196927,0.00006122155263541825
laptop,5,5,450,100,-9.731332917931576,0.00005939307517532527
laptop,5,5,450,50,-9.744867830348968,0.00005859461086631543
laptop,5,5,450,0,-9.752014942592742,0.00005817732158852883
laptop,5,5,900,900,-6.579788636772416,0.001388142666145147
laptop,5,5,900,850,-6.8896828864382575,0.0010182366864657363
laptop,5,5,900,800,-7.192487940894805,0.0007522153232472729
laptop,5,5,900,750,-7.490928827185314,0.000558124318612503
laptop,5,5,900,700,-7.786443458905789,0.0004153273892826941
laptop,5,5,900,650,-8.070179599770272,0.0003127271103045653
laptop,5,5,900,600,-8.347347914582453,0.00023702429427755316
laptop,5,5,900,550,-8.609560556601252,0.00018235402708162153
laptop,5,5,900,500,-8.854839516013744,0.00014268951442790434
laptop,5,5,900,450,-9.066372067393983,0.00011548475045706747
laptop,5,5,900,400,-9.25291122484827,0.00009583225632094483
laptop,5,5,900,350,-9.414416666108666,0.00008154001585663692
laptop,5,5,900,300,-9.54248995403965,0.0000717380007646594
laptop,5,5,900,250,-9.64532142198156,0.00006472769328562131
laptop,5,5,900,200,-9.721313200344762,0.000059991168373888666
laptop,5,5,900,150,-9.770150823107425,0.00005713173461427605
laptop,5,5,900,100,-9.800472477842067,0.00005542540596854095
laptop,5,5,900,50,-9.814007390259457,0.000054680281922553836
laptop,5,5,900,0,-9.82115450250324,0.000054290869056501754
laptop,5,5,400,400,-9.27204261772552,0.00009401627825837697
laptop,5,5,400,350,-9.433548058985917,0.00007999486930889004
laptop,5,5,400,300,-9.561621346916901,0.00007037859798481857
laptop,5,5,400,250,-9.66445281485881,0.00006350113267273475
laptop,5,5,400,200,-9.740444593222014,0.00005885436277317355
laptop,5,5,400,150,-9.789282215984676,0.00005604911399446594
laptop,5,5,400,100,-9.819603870719318,0.00005437511950746971
laptop,5,5,400,50,-9.833138783136707,0.000053644115226302414
laptop,5,5,400,0,-9.840285895380491,0.00005326208155854098
laptop,5,5,950,950,-6.3516461679318885,0.0017438740625699803
laptop,5,5,950,900,-6.629223630096965,0.0013211884188748689
laptop,5,5,950,850,-6.939117879762805,0.0009691241042016849
laptop,5,5,950,800,-7.241922934219359,0.0007159337421234424
laptop,5,5,950,750,-7.540363820509865,0.0005312043236096044
laptop,5,5,950,700,-7.835878452230337,0.00039529491466870224
laptop,5,5,950,650,-8.119614593094822,0.0002976433521418707
laptop,5,5,950,600,-8.396782907907005,0.00022559190797089693
laptop,5,5,950,550,-8.6589955499258,0.00017355855027817544
laptop,5,5,950,500,-8.904274509338292,0.0001358071749790263
laptop,5,5,950,450,-9.115807060718529,0.00010991457764513271
laptop,5,5,950,400,-9.302346218172824,0.00009120998172146157
laptop,5,5,950,350,-9.463851659433221,0.00007760709850077964
laptop,5,5,950,300,-9.591924947364198,0.0000682778637347887
laptop,5,5,950,250,-9.694756415306115,0.00006160568422475471
laptop,5,5,950,200,-9.770748193669318,0.0000570976159896132
laptop,5,5,950,150,-9.819585816431973,0.00005437610122036376
laptop,5,5,950,100,-9.849907471166615,0.00005275207387755464
laptop,5,5,950,50,-9.863442383584005,0.000052042889379309105
laptop,5,5,950,0,-9.870589495827788,0.00005167225905338043
laptop,5,5,1000,1000,-6.144081955811998,0.0021461452439665873
laptop,5,5,1000,950,-6.405803579849935,0.001651942220713652
laptop,5,5,1000,900,-6.6833810420150135,0.0012515393040715762
laptop,5,5,1000,850,-6.993275291680852,0.0009180347705170456
laptop,5,5,1000,800,-7.296080346137406,0.0006781918495331566
laptop,5,5,1000,750,-7.594521232427911,0.000503200815260207
laptop,5,5,1000,700,-7.890035864148383,0.0003744561451945014
laptop,5,5,1000,650,-8.173772005012871,0.0002819524819316846
laptop,5,5,1000,600,-8.450940319825051,0.00021369937510239134
laptop,5,5,1000,550,-8.713152961843846,0.00016440906090881534
laptop,5,5,1000,500,-8.958431921256345,0.0001286478255735258
laptop,5,5,1000,450,-9.169964472636584,0.0001041202087817713
laptop,5,5,1000,400,-9.35650363009087,0.00008640166339428908
laptop,5,5,1000,350,-9.518009071351267,0.00007351588362498304
laptop,5,5,1000,300,-9.646082359282245,0.00006467845830415565
laptop,5,5,1000,250,-9.748913827224161,0.00005835801620722906
laptop,5,5,1000,200,-9.824905605587363,0.00005408759989028855
laptop,5,5,1000,150,-9.873743228350019,0.00005150955526647348
laptop,5,5,1000,100,-9.904064883084661,0.00004997114180373404
laptop,5,5,1000,50,-9.917599795502058,0.0000492993433980616
laptop,5,5,1000,0,-9.924746907745835,0.00004894825159801754
laptop,5,5,350,350,-9.544541176475422,0.00007159100098415944
laptop,5,5,350,300,-9.672614464406399,0.00006298496792512423
laptop,5,5,350,250,-9.775445932348314,0.00005683001536154493
laptop,5,5,350,200,-9.851437710711517,0.00005267141229953982
laptop,5,5,350,150,-9.900275333474172,0.000050160869188309036
laptop,5,5,350,100,-9.930596988208821,0.000048662736345522645
laptop,5,5,350,50,-9.944131900626212,0.00004800852778609115
laptop,5,5,350,0,-9.951279012869987,0.00004766662870030044
laptop,5,5,1050,1050,-5.950042749192462,0.002605729123211697
laptop,5,5,1050,1000,-6.189797495752602,0.0020502418939326588
laptop,5,5,1050,950,-6.451519119790539,0.0015781229890123921
laptop,5,5,1050,900,-6.729096581955614,0.0011956126083844994
laptop,5,5,1050,850,-7.038990831621455,0.0008770111677633524
laptop,5,5,1050,800,-7.3417958860780095,0.000647885946184451
laptop,5,5,1050,750,-7.640236772368511,0.00048071461864377453
laptop,5,5,1050,700,-7.935751404088987,0.00035772307511646205
laptop,5,5,1050,650,-8.219487544953472,0.00026935306087961706
laptop,5,5,1050,600,-8.496655859765655,0.00020414993476041443
laptop,5,5,1050,550,-8.75886850178445,0.00015706222370783182
laptop,5,5,1050,500,-9.004147461196942,0.00012289902665986203
laptop,5,5,1050,450,-9.21568001257718,0.00009946745899399529
laptop,5,5,1050,400,-9.402219170031467,0.00008254069033512184
laptop,5,5,1050,350,-9.563724611291864,0.00007023072874547992
laptop,5,5,1050,300,-9.691797899222848,0.00006178821551008738
laptop,5,5,1050,250,-9.794629367164765,0.00005575021076100331
laptop,5,5,1050,200,-9.870621145527968,0.00005167062366775365
laptop,5,5,1050,150,-9.919458768290623,0.00004920778239126844
laptop,5,5,1050,100,-9.949780423025265,0.00004773811497692846
laptop,5,5,1050,50,-9.963315335442655,0.000047096336775076465
laptop,5,5,1050,0,-9.970462447686439,0.0000467609339783222
laptop,5,5,1100,1100,-5.817511970161926,0.002974997827723083
laptop,5,5,1100,1050,-6.032546865134585,0.002399375304899702
laptop,5,5,1100,1000,-6.272301611694725,0.001887878415892104
laptop,5,5,1100,950,-6.534023235732666,0.0014531477175431626
laptop,5,5,1100,900,-6.811600697897741,0.0011009292336759183
laptop,5,5,1100,850,-7.121494947563583,0.0008075585905333837
laptop,5,5,1100,800,-7.424300002020133,0.0005965783341863716
laptop,5,5,1100,750,-7.722740888310638,0.00044264569728433723
laptop,5,5,1100,700,-8.018255520031111,0.00032939414338252666
laptop,5,5,1100,650,-8.3019916608956,0.0002480223584319167
laptop,5,5,1100,600,-8.579159975707778,0.00018798282123710531
laptop,5,5,1100,550,-8.84137261772658,0.00014462409677975762
laptop,5,5,1100,500,-9.086651577139072,0.00011316636366270675
laptop,5,5,1100,450,-9.298184128519312,0.00009159039695467397
laptop,5,5,1100,400,-9.484723285973597,0.00007600409892006014
laptop,5,5,1100,350,-9.646228727233995,0.0000646689921434795
laptop,5,5,1100,300,-9.774302015164972,0.00005689506138918795
laptop,5,5,1100,250,-9.877133483106888,0.000051335220438428296
laptop,5,5,1100,200,-9.95312526147009,0.00004757870544286122
laptop,5,5,1100,150,-10.001962884232753,0.000045310902360012834
laptop,5,5,1100,100,-10.032284538967396,0.00004395762136508087
laptop,5,5,1100,50,-10.045819451384785,0.00004336666708858699
laptop,5,5,1100,0,-10.052966563628562,0.00004305782562822299
laptop,5,5,1150,1150,-5.667959327967524,0.0034549084222753497
laptop,5,5,1150,1100,-5.847854652195944,0.002886084175557551
laptop,5,5,1150,1050,-6.062889547168606,0.002327665262194323
laptop,5,5,1150,1000,-6.302644293728744,0.0018314554621550515
laptop,5,5,1150,950,-6.564365917766682,0.0014097175444187523
laptop,5,5,1150,900,-6.841943379931761,0.001068025801602877
laptop,5,5,1150,850,-7.151837629597602,0.000783423116230558
laptop,5,5,1150,800,-7.454642684054153,0.000578748419152135
laptop,5,5,1150,750,-7.753083570344658,0.0004294163613856175
laptop,5,5,1150,700,-8.048598202065131,0.0003195495525673147
laptop,5,5,1150,650,-8.332334342929618,0.00024060972320193822
laptop,5,5,1150,600,-8.609502657741798,0.00018236458547746308
laptop,5,5,1150,550,-8.8717152997606,0.000140301721645228
laptop,5,5,1150,500,-9.116994259173092,0.00010978416465678504
laptop,5,5,1150,450,-9.32852681055333,0.00008885303808313377
laptop,5,5,1150,400,-9.515065968007617,0.00007373256717252095
laptop,5,5,1150,350,-9.676571409268014,0.00006273623232101544
laptop,5,5,1150,300,-9.804644697198992,0.00005519464075319485
laptop,5,5,1150,250,-9.907476165140908,0.00004980096656725931
laptop,5,5,1150,200,-9.983467943504111,0.0000461567223991052
laptop,5,5,1150,150,-10.032305566266766,0.00004395669706473463
laptop,5,5,1150,100,-10.062627221001415,0.00004264386152981054
laptop,5,5,1150,50,-10.076162133418805,0.00004207056908234264
laptop,5,5,1150,0,-10.083309245662582,0.00004177095795550199
laptop,5,5,1200,1200,-5.564465564313074,0.0038316277567568007
laptop,5,5,1200,1150,-5.71742023702503,0.0032881827020171633
laptop,5,5,1200,1100,-5.897315561253451,0.002746808569931314
laptop,5,5,1200,1050,-6.112350456226113,0.002215337634388857
laptop,5,5,1200,1000,-6.352105202786251,0.0017430737472939985
laptop,5,5,1200,950,-6.613826826824192,0.0013416879053584371
laptop,5,5,1200,900,-6.891404288989269,0.0010164853990039283
laptop,5,5,1200,850,-7.2012985386551085,0.0007456169670202613
laptop,5,5,1200,800,-7.504103593111663,0.0005508193873985567
laptop,5,5,1200,750,-7.802544479402168,0.0004086937420301903
laptop,5,5,1200,700,-8.098059111122641,0.0003041288459093701
laptop,5,5,1200,650,-8.381795251987128,0.00022899846625998167
laptop,5,5,1200,600,-8.658963566799308,0.000173564101312012
laptop,5,5,1200,550,-8.921176208818103,0.00013353109193940294
laptop,5,5,1200,500,-9.166455168230595,0.00010448624017133952
laptop,5,5,1200,450,-9.377987719610841,0.0000845652003285852
laptop,5,5,1200,400,-9.564526877065127,0.00007017440763084822
laptop,5,5,1200,350,-9.726032318325524,0.00005970872992686564
laptop,5,5,1200,300,-9.854105606256502,0.00005253107775550811
laptop,5,5,1200,250,-9.956937074198418,0.00004739768954638463
laptop,5,5,1200,200,-10.03292885256162,0.000043929307994389926
laptop,5,5,1200,150,-10.081766475324276,0.00004183545068638266
laptop,5,5,1200,100,-10.112088130058918,0.00004058596949356805
laptop,5,5,1200,50,-10.125623042476315,0.000040040342785546505
laptop,5,5,1200,0,-10.132770154720092,0.0000397551901840311
laptop,5,5,300,300,-9.876798834954924,0.000051352402549899284
laptop,5,5,300,250,-9.97963030289684,0.0000463341956327154
laptop,5,5,300,200,-10.055622081260042,0.00004294363649582426
laptop,5,5,300,150,-10.104459704022698,0.000040896760475817934
laptop,5,5,300,100,-10.13478135875734,0.000039675314734868595
laptop,5,5,300,50,-10.148316271174737,0.000039141930621131064
laptop,5,5,300,0,-10.155463383418514,0.00003886317618077248
laptop,5,5,1250,1250,-5.516908928914711,0.004018249459948491
laptop,5,5,1250,1200,-5.639513089279331,0.003554598757166504
laptop,5,5,1250,1150,-5.792467761991289,0.003050445107908861
laptop,5,5,1250,1100,-5.972363086219711,0.002548212652347126
laptop,5,5,1250,1050,-6.187397981192373,0.0020551673862411165
laptop,5,5,1250,1000,-6.427152727752511,0.0016170484632424724
laptop,5,5,1250,950,-6.688874351790452,0.001244683059956004
laptop,5,5,1250,900,-6.966451813955524,0.000942992891103697
laptop,5,5,1250,850,-7.276346063621369,0.0006917084102490734
laptop,5,5,1250,800,-7.579151118077916,0.0005109948132141599
laptop,5,5,1250,750,-7.877592004368421,0.00037914493779319785
laptop,5,5,1250,700,-8.173106636088901,0.0002821401467774529
laptop,5,5,1250,650,-8.456842776953382,0.00021244173892553703
laptop,5,5,1250,600,-8.734011091765561,0.00016101531202357872
laptop,5,5,1250,550,-8.996223733784364,0.00012387671339259823
laptop,5,5,1250,500,-9.241502693196855,0.0000969318219388859
laptop,5,5,1250,450,-9.453035244577093,0.0000784510853011357
laptop,5,5,1250,400,-9.63957440203138,0.00006510075560175092
laptop,5,5,1250,350,-9.801079843291777,0.00005539175271286642
laptop,5,5,1250,300,-9.929153131222762,0.000048733049125940263
laptop,5,5,1250,250,-10.031984599164671,0.00004397080798285826
laptop,5,5,1250,200,-10.107976377527875,0.00004075319251059346
laptop,5,5,1250,150,-10.156814000290536,0.00003881072234981061
laptop,5,5,1250,100,-10.187135655025179,0.00003765157940142539
laptop,5,5,1250,50,-10.200670567442568,0.00003714540183373524
laptop,5,5,1250,0,-10.207817679686352,0.00003688086593742772
laptop,5,5,1300,1300,-5.487999275282861,0.004136111121308374
laptop,5,5,1300,1250,-5.580445723635607,0.003770884371864898
laptop,5,5,1300,1200,-5.70304988400023,0.0033357761968868206
laptop,5,5,1300,1150,-5.856004556712185,0.00286265845346314
laptop,5,5,1300,1100,-6.035899880940607,0.0023913436342619067
laptop,5,5,1300,1050,-6.25093477591327,0.0019286504373579611
laptop,5,5,1300,1000,-6.490689522473404,0.0015175022953073127
laptop,5,5,1300,950,-6.7524111465113466,0.001168059859273457
laptop,5,5,1300,900,-7.029988608676425,0.0008849418611974848
laptop,5,5,1300,850,-7.339882858342263,0.0006491265562514832
laptop,5,5,1300,800,-7.642687912798817,0.00047953776251561704
laptop,5,5,1300,750,-7.941128799089323,0.0003558046196102461
laptop,5,5,1300,700,-8.236643430809796,0.00026477148339426506
laptop,5,5,1300,650,-8.520379571674278,0.00019936373817278595
laptop,5,5,1300,600,-8.797547886486463,0.00015110314324497974
laptop,5,5,1300,550,-9.05976052850526,0.00011625081200810345
laptop,5,5,1300,500,-9.305039487917757,0.00009096465914548249
laptop,5,5,1300,450,-9.516572039297989,0.00007362160424994731
laptop,5,5,1300,400,-9.703111196752282,0.00006109312633327252
laptop,5,5,1300,350,-9.864616638012679,0.00005198181365221393
laptop,5,5,1300,300,-9.992689925943656,0.00004573302259454251
laptop,5,5,1300,250,-10.095521393885573,0.000041263946973306365
laptop,5,5,1300,200,-10.171513172248774,0.00003824440923181701
laptop,5,5,1300,150,-10.22035079501143,0.00003642151833240455
laptop,5,5,1300,100,-10.250672449746073,0.000035333732700280245
laptop,5,5,1300,50,-10.264207362163463,0.000034858715631674495
laptop,5,5,1300,0,-10.271354474407246,0.00003461046467385663
laptop,5,5,1350,1350,-5.4595208549009575,0.00425559430354747
laptop,5,5,1350,1300,-5.527938107881881,0.0039741749670328935
laptop,5,5,1350,1250,-5.620384556234627,0.003623247498606969
laptop,5,5,1350,1200,-5.74298871659925,0.0032051745875478883
laptop,5,5,1350,1150,-5.895943389311207,0.0027505802506871476
laptop,5,5,1350,1100,-6.0758387135396275,0.0022977182503382204
laptop,5,5,1350,1050,-6.290873608512288,0.0018531403203404418
laptop,5,5,1350,1000,-6.530628355072428,0.0014580893640298357
laptop,5,5,1350,950,-6.792349979110365,0.0011223282248887258
laptop,5,5,1350,900,-7.069927441275444,0.0008502948032348908
laptop,5,5,1350,850,-7.379821690941282,0.0006237120896004529
laptop,5,5,1350,800,-7.682626745397836,0.00046076300071301823
laptop,5,5,1350,750,-7.981067631688341,0.0003418742318418186
laptop,5,5,1350,700,-8.276582263408814,0.00025440520586323084
laptop,5,5,1350,650,-8.560318404273302,0.00019155829095078886
laptop,5,5,1350,600,-8.837486719085481,0.0001451871847036416
laptop,5,5,1350,550,-9.099699361104284,0.00011169938462236125
laptop,5,5,1350,500,-9.344978320516775,0.00008740322990797711
laptop,5,5,1350,450,-9.556510871897013,0.00007073918665666524
laptop,5,5,1350,400,-9.7430500293513,0.00005870122107712303
laptop,5,5,1350,350,-9.904555470611697,0.00004994663259730043
laptop,5,5,1350,300,-10.032628758542675,0.00004394249289523142
laptop,5,5,1350,250,-10.135460226484591,0.00003964838958446847
laptop,5,5,1350,200,-10.211452004847795,0.00003674707215070419
laptop,5,5,1350,150,-10.26028962761045,0.00003499555069308311
laptop,5,5,1350,100,-10.290611282345099,0.000033950353815654934
laptop,5,5,1350,50,-10.304146194762488,0.000033493934515592907
laptop,5,5,1350,0,-10.311293307006265,0.000033255403027157315
laptop,5,5,250,250,-10.176892008966965,0.000038039251049990305
laptop,5,5,250,200,-10.252883787330168,0.00003525568421675111
laptop,5,5,250,150,-10.30172141009283,0.000033575248639312104
laptop,5,5,250,100,-10.332043064827472,0.000032572471305003385
laptop,5,5,250,50,-10.345577977244862,0.000032134575881731985
laptop,5,5,250,0,-10.352725089488645,0.000031905725245753244
laptop,5,5,1400,1400,-5.467953480907607,0.00421985934985624
laptop,5,5,1400,1350,-5.518253734942646,0.004012849325733377
laptop,5,5,1400,1300,-5.586670987923569,0.003747482536930348
laptop,5,5,1400,1250,-5.679117436276315,0.003416572456079738
laptop,5,5,1400,1200,-5.801721596640937,0.0030223470013994577
laptop,5,5,1400,1150,-5.954676269352896,0.0025936833534964667
laptop,5,5,1400,1100,-6.134571593581316,0.0021666532272375835
laptop,5,5,1400,1050,-6.3496064885539765,0.001747434636513284
laptop,5,5,1400,1000,-6.589361235114116,0.0013749179324797605
laptop,5,5,1400,950,-6.851082859152053,0.001058309072540571
laptop,5,5,1400,900,-7.128660321317132,0.0008017928130487885
laptop,5,5,1400,850,-7.43855457098297,0.0005881346904047087
laptop,5,5,1400,800,-7.741359625439524,0.00043448044264765003
laptop,5,5,1400,750,-8.03980051173003,0.00032237325338753446
laptop,5,5,1400,700,-8.335315143450503,0.0002398935814817478
laptop,5,5,1400,650,-8.61905128431499,0.0001806315414135521
laptop,5,5,1400,600,-8.89621959912717,0.00013690550712446137
laptop,5,5,1400,550,-9.158432241145972,0.00010532789742035041
laptop,5,5,1400,500,-9.403711200558464,0.00008241762893393555
laptop,5,5,1400,450,-9.615243751938701,0.00006670412572962974
laptop,5,5,1400,400,-9.801782909392989,0.000055352822336165025
laptop,5,5,1400,350,-9.963288350653386,0.00004709760767694711
laptop,5,5,1400,300,-10.091361638584363,0.00004143595239768986
laptop,5,5,1400,250,-10.19419310652628,0.00003738679067170948
laptop,5,5,1400,200,-10.270184884889483,0.00003465096839228913
laptop,5,5,1400,150,-10.319022507652138,0.000032999356138187924
laptop,5,5,1400,100,-10.349344162386787,0.00003201377873449839
laptop,5,5,1400,50,-10.362879074804177,0.000031583394221816153
laptop,5,5,1400,0,-10.370026187047953,0.00003135846889899178
laptop,5,5,1450,1450,-5.443614205059236,0.004323827796436139
laptop,5,5,1450,1400,-5.478901824426254,0.004173910868941908
laptop,5,5,1450,1350,-5.529202078461294,0.003969154900073942
laptop,5,5,1450,1300,-5.597619331442217,0.003706677591658701
laptop,5,5,1450,1250,-5.6900657797949625,0.0033793706677556893
laptop,5,5,1450,1200,-5.812669940159587,0.0029894377876089426
laptop,5,5,1450,1150,-5.965624612871541,0.002565441698932792
laptop,5,5,1450,1100,-6.145519937099963,0.002143061345090352
laptop,5,5,1450,1050,-6.3605548320726255,0.0017284074698738034
laptop,5,5,1450,1000,-6.600309578632762,0.0013599469618521577
laptop,5,5,1450,950,-6.862031202670704,0.0010467855381785156
laptop,5,5,1450,900,-7.139608664835776,0.0007930623889485485
laptop,5,5,1450,850,-7.449502914501621,0.0005817307102346003
laptop,5,5,1450,800,-7.752307968958168,0.0004297495465036069
laptop,5,5,1450,750,-8.050748855248674,0.00031886305078301686
laptop,5,5,1450,700,-8.346263486969153,0.0002372814693859824
laptop,5,5,1450,650,-8.629999627833636,0.0001786647116580892
laptop,5,5,1450,600,-8.907167942645819,0.00013541479391351264
laptop,5,5,1450,550,-9.169380584664616,0.00010418102107137236
laptop,5,5,1450,500,-9.414659544077107,0.00008152021398805516
laptop,5,5,1450,450,-9.626192095457347,0.00006597780928306406
laptop,5,5,1450,400,-9.812731252911632,0.000054750106015595367
laptop,5,5,1450,350,-9.97423669417203,0.00004658477932224664
laptop,5,5,1450,300,-10.102309982103014,0.0000409847717041964
laptop,5,5,1450,250,-10.20514145004493,0.00003697969979611283
laptop,5,5,1450,200,-10.281133228408125,0.000034273666869220674
laptop,5,5,1450,150,-10.329970851170788,0.00003264003840743159
laptop,5,5,1450,100,-10.36029250590543,0.00003166519258997977
laptop,5,5,1450,50,-10.37382741832282,0.000031239494374381686
laptop,5,5,1450,0,-10.380974530566604,0.000031017018179844584
laptop,5,5,1500,1500,-5.572972952548711,0.0037991688777674034
laptop,5,5,1500,1400,-5.633457875956426,0.0035761879084116955
laptop,5,5,1500,1350,-5.683758129991467,0.0034007539226288686
laptop,5,5,1500,1300,-5.752175382972388,0.0031758645548247647
laptop,5,5,1500,1200,-5.967225991689758,0.0025613367426090385
laptop,5,5,1500,1150,-6.120180664401716,0.0021980588161874984
laptop,5,5,1500,1100,-6.300075988630135,0.0018361652440459179
laptop,5,5,1500,1000,-6.754865630162937,0.0011651963910503397
laptop,5,5,1500,950,-7.016587254200874,0.0008968811030895897
laptop,5,5,1500,900,-7.294164716365953,0.0006794922591849318
laptop,5,5,1500,850,-7.604058966031792,0.0004984242350196873
laptop,5,5,1500,800,-7.906864020488345,0.00036820746300248597
laptop,5,5,1500,750,-8.205304906778851,0.000273200416217454
laptop,5,5,1500,700,-8.500819538499323,0.00020330168715927184
laptop,5,5,1500,600,-9.06172399417599,0.0001160227814678584
laptop,5,5,1500,550,-9.323936636194786,0.0000892618265075397
laptop,5,5,1500,500,-9.569215595607284,0.0000698461497404038
laptop,5,5,1500,400,-9.96728730444181,0.0000469096426026137
laptop,5,5,1500,350,-10.128792745702206,0.000039913627712533586
laptop,5,5,1500,300,-10.256866033633184,0.00003511556657526729
laptop,5,5,1500,200,-10.435689279938304,0.000029365522380143246
laptop,5,5,1500,150,-10.484526902700958,0.000027965836920791964
laptop,5,5,1500,100,-10.5148485574356,0.000027130593444253448
laptop,5,5,1500,50,-10.52838346985299,0.000026765857143202487
laptop,5,5,1500,1050,-6.515110883602797,0.0014808916837599055
laptop,5,5,1500,0,-10.535530582096774,0.000026575240548408085
laptop,5,5,1500,1450,-5.59817025658941,0.0037046360521802747
laptop,5,5,1500,1250,-5.844621831325136,0.0028954294664017754
laptop,5,5,1500,650,-8.78455567936381,0.0001530791149005754
laptop,5,5,1500,450,-9.780748146987515,0.00005652948785688877
laptop,5,5,1500,250,-10.359697501575093,0.00003168403912302014
laptop,5,5,1550,1550,-5.602389605866118,0.0036890378290499208
laptop,5,5,1550,1500,-5.6177485144310255,0.0036328111300062598
laptop,5,5,1550,1450,-5.642945818471724,0.003542417701339916
laptop,5,5,1550,1350,-5.728533691873781,0.003251841941756127
laptop,5,5,1550,1300,-5.7969509448547045,0.00303680001425462
laptop,5,5,1550,1250,-5.88939739320745,0.0027686445983611347
laptop,5,5,1550,1150,-6.164956226284029,0.002101810366625986
laptop,5,5,1550,1100,-6.344851550512448,0.0017557633655444628
laptop,5,5,1550,1050,-6.55988644548511,0.0014160464996907864
laptop,5,5,1550,950,-7.061362816083187,0.0008576085345042237
laptop,5,5,1550,900,-7.338940278248264,0.000649738698473107
laptop,5,5,1550,850,-7.648834527914109,0.00047659926860330173
laptop,5,5,1550,800,-7.951639582370656,0.00035208441971994317
laptop,5,5,1550,750,-8.250080468661162,0.0002612375350211731
laptop,5,5,1550,700,-8.545595100381634,0.00019439952674472102
laptop,5,5,1550,650,-8.829331241246122,0.0001463760970555008
laptop,5,5,1550,550,-9.368712198077096,0.00008535323573503225
laptop,5,5,1550,500,-9.613991157489595,0.00006678773129825536
laptop,5,5,1550,450,-9.825523708869833,0.00005405417849725587
laptop,5,5,1550,350,-10.173568307584517,0.00003816589250389623
laptop,5,5,1550,300,-10.301641595515495,0.000033577928540537334
laptop,5,5,1550,250,-10.404473063457411,0.000030296660578379228
laptop,5,5,1550,150,-10.529302464583276,0.000026741270760644666
laptop,5,5,1550,100,-10.559624119317919,0.000025942600868503062
laptop,5,5,1550,50,-10.573159031735308,0.000025593835615731805
laptop,5,5,1550,1000,-6.7996411920452475,0.0011141748509316907
laptop,5,5,1550,1400,-5.678233437838741,0.003419594036132026
laptop,5,5,1550,1200,-6.012001553572072,0.0024491811039766484
laptop,5,5,1550,600,-9.106499556058301,0.0001109423838243303
laptop,5,5,1550,400,-10.01206286632412,0.000044855566371015296
laptop,5,5,1550,200,-10.480464841820615,0.000028079666888544116
laptop,5,5,1550,0,-10.580306143979092,0.000025411565727392457
laptop,5,5,200,200,-10.53805610407428,0.000026508208874956584
laptop,5,5,200,100,-10.61721538157158,0.000024490742191193013
laptop,5,5,200,50,-10.630750293988976,0.000024161495330627007
laptop,5,5,200,0,-10.637897406232753,0.00002398942604323525
laptop,5,5,200,150,-10.586893726836937,0.000025244715107149017
laptop,5,5,1600,1600,-5.671476842216303,0.0034427770812625303
laptop,5,5,1600,1550,-5.681905147176356,0.00340706130313504
laptop,5,5,1600,1500,-5.697264055741264,0.0033551323668129054
laptop,5,5,1600,1450,-5.7224613597819625,0.003271648280409239
laptop,5,5,1600,1400,-5.757748979148981,0.0031582128058408447
laptop,5,5,1600,1350,-5.808049233184019,0.0030032830665014257
laptop,5,5,1600,1250,-5.9689129345176895,0.002557019556408138
laptop,5,5,1600,1200,-6.091517094882312,0.002261974680231847
laptop,5,5,1600,1150,-6.244471767594269,0.0019411556884207138
laptop,5,5,1600,1050,-6.6394019867953515,0.0013078090971430367
laptop,5,5,1600,1000,-6.879156733355486,0.0010290114104124699
laptop,5,5,1600,950,-7.14087835739343,0.0007920560825206264
laptop,5,5,1600,850,-7.728350069224347,0.0004401697679470444
laptop,5,5,1600,800,-8.031155123680895,0.00032517237758266965
laptop,5,5,1600,750,-8.3295960099714,0.00024126949566311405
laptop,5,5,1600,700,-8.62511064169188,0.00017954033967992056
laptop,5,5,1600,650,-8.908846782556362,0.00013518764487979612
laptop,5,5,1600,600,-9.186015097368545,0.0001024623547714543
laptop,5,5,1600,550,-9.448227739387342,0.00007882914734031966
laptop,5,5,1600,450,-9.905039250180073,0.00004992247528081994
laptop,5,5,1600,400,-10.091578407634358,0.0000414269713390959
laptop,5,5,1600,350,-10.253083848894756,0.0000352486316149069
laptop,5,5,1600,250,-10.48398860476765,0.000027980894925492476
laptop,5,5,1600,200,-10.559980383130851,0.000025933360104772865
laptop,5,5,1600,150,-10.608818005893514,0.000024697266069703956
laptop,5,5,1600,50,-10.652674573045546,0.000023637536660234444
laptop,5,5,1600,0,-10.65982168528933,0.000023469198813873115
laptop,5,5,1600,1300,-5.876466486164944,0.0028046781554938705
laptop,5,5,1600,1100,-6.4243670918226865,0.0016215592513317465
laptop,5,5,1600,500,-9.693506698799833,0.00006168272199286995
laptop,5,5,1600,900,-7.418455819558502,0.0006000750546077126
laptop,5,5,1600,300,-10.38115713682574,0.000031011354795285685
laptop,5,5,1600,100,-10.639139660628157,0.000023959643575820368
laptop,5,5,1650,1600,-5.697912814293937,0.003352956401908826
laptop,5,5,1650,1550,-5.70834111925399,0.0033181724341714174
laptop,5,5,1650,1500,-5.723700027818897,0.0032675983030627707
laptop,5,5,1650,1450,-5.748897331859596,0.0031862922831382883
laptop,5,5,1650,1400,-5.784184951226613,0.0030758162948067505
laptop,5,5,1650,1350,-5.834485205261653,0.002924928610503447
laptop,5,5,1650,1300,-5.902902458242576,0.0027315052223213974
laptop,5,5,1650,1200,-6.117953066959945,0.0022029606640281635
laptop,5,5,1650,1150,-6.270907739671901,0.001890511711610776
laptop,5,5,1650,1100,-6.450803063900323,0.0015792534179510083
laptop,5,5,1650,1000,-6.905592705433119,0.0010021649135977335
laptop,5,5,1650,950,-7.167314329471059,0.0007713916555946365
laptop,5,5,1650,900,-7.4448917916361355,0.0005844193360421905
laptop,5,5,1650,800,-8.057591095758529,0.0003166887600924475
laptop,5,5,1650,750,-8.356031982049034,0.0002349748708598609
laptop,5,5,1650,700,-8.651546613769506,0.00017485620390789806
laptop,5,5,1650,650,-8.935282754633993,0.00013166065320513418
laptop,5,5,1650,600,-9.212451069446173,0.0000997891528485533
laptop,5,5,1650,550,-9.474663711464968,0.00007677252636258782
laptop,5,5,1650,500,-9.719942670877467,0.00006007344440590707
laptop,5,5,1650,400,-10.118014379711992,0.000040346158198594954
laptop,5,5,1650,350,-10.27951982097239,0.000034329008890806985
laptop,5,5,1650,300,-10.407593108903367,0.000030202280931470747
laptop,5,5,1650,200,-10.586416355208486,0.000025256769094796438
laptop,5,5,1650,150,-10.635253977971148,0.000024052924259531773
laptop,5,5,1650,100,-10.66557563270579,0.0000233345460419819
laptop,5,5,1650,0,-10.686257657366964,0.00002285689678803989
laptop,5,5,1650,1650,-5.691174957772588,0.003375624422243369
laptop,5,5,1650,1050,-6.665837958872982,0.0012736888800050602
laptop,5,5,1650,1250,-5.995348906595322,0.0024903079371960527
laptop,5,5,1650,850,-7.754786041301981,0.00042868591446052493
laptop,5,5,1650,450,-9.931475222257705,0.000048620017834723226
laptop,5,5,1650,250,-10.510424576845283,0.000027250884549621526
laptop,5,5,1650,50,-10.67911054512318,0.00002302084276720674
laptop,5,5,1700,1600,-5.798004627807349,0.00303360187505728
laptop,5,5,1700,1000,-7.005684518946535,0.0009067130605324702
laptop,5,5,1700,1200,-6.218044880473356,0.0019931382338490055
laptop,5,5,1700,800,-8.157682909271944,0.00028652553187959233
laptop,5,5,1700,200,-10.686508168721902,0.00002285117159299896
laptop,5,5,1700,400,-10.218106193225408,0.00003650336195631304
laptop,5,5,1700,0,-10.786349470880372,0.000020679876694702772
laptop,5,5,1700,1700,-5.786754468691936,0.0030679230763413323
laptop,5,5,1700,1650,-5.791266771286,0.00305411086495991
laptop,5,5,1700,1550,-5.808432932767402,0.003002130929091487
laptop,5,5,1700,1500,-5.8237918413323095,0.002956373764198665
laptop,5,5,1700,1450,-5.848989145373008,0.0028828117893528434
laptop,5,5,1700,1400,-5.884276764740025,0.0027828581588312637
laptop,5,5,1700,1350,-5.934577018775065,0.0026463418707682977
laptop,5,5,1700,1300,-6.0029942717559885,0.002471341219780127
laptop,5,5,1700,1250,-6.095440720108734,0.002253116927928787
laptop,5,5,1700,1150,-6.370999553185315,0.0017104486863877024
laptop,5,5,1700,1100,-6.550894877413733,0.0014288363926114296
laptop,5,5,1700,1050,-6.765929772386396,0.0011523755490597093
laptop,5,5,1700,950,-7.2674061429844725,0.0006979199525180874
laptop,5,5,1700,900,-7.544983605149551,0.0005287559339059733
laptop,5,5,1700,850,-7.854877854815389,0.0003878554439830322
laptop,5,5,1700,750,-8.45612379556245,0.00021259453550484815
laptop,5,5,1700,700,-8.751638427282922,0.00015820191033155573
laptop,5,5,1700,650,-9.03537456814741,0.00011912054812492628
laptop,5,5,1700,600,-9.312542882959589,0.00009028466967820101
laptop,5,5,1700,550,-9.574755524978384,0.00006946027684518728
laptop,5,5,1700,500,-9.820034484390883,0.000054351709878231754
laptop,5,5,1700,450,-10.03156703577112,0.00004398917241654755
laptop,5,5,1700,350,-10.379611634485805,0.00003105931997228562
laptop,5,5,1700,300,-10.507684922416782,0.00002732564491818509
laptop,5,5,1700,250,-10.610516390358699,0.000024655356216274763
laptop,5,5,1700,150,-10.735345791484557,0.000021761987746928873
laptop,5,5,1700,100,-10.765667446219206,0.00002111203193285403
laptop,5,5,1700,50,-10.779202358636596,0.000020828207531788817
laptop,5,5,1750,750,-8.483214756124719,0.00020691245929064657
laptop,5,5,1750,1550,-5.8355238933296745,0.002921892099322869
laptop,5,5,1750,1150,-6.398090513747586,0.0016647330250069566
laptop,5,5,1750,950,-7.294497103546744,0.0006792664421999461
laptop,5,5,1750,350,-10.406702595048074,0.000030229188460087012
laptop,5,5,1750,150,-10.762436752046833,0.000021180348747332933
laptop,5,5,1750,1750,-5.811082938531496,0.002994185796797594
laptop,5,5,1750,1700,-5.813845429254209,0.002985925800646144
laptop,5,5,1750,1650,-5.818357731848272,0.00297248275227058
laptop,5,5,1750,1600,-5.825095588369622,0.0029525219121283672
laptop,5,5,1750,1500,-5.850882801894582,0.002877357899534251
laptop,5,5,1750,1450,-5.876080105935281,0.0028057620370654413
laptop,5,5,1750,1400,-5.911367725302298,0.002708479896406765
laptop,5,5,1750,1350,-5.961667979337338,0.0025756123190287263
laptop,5,5,1750,1300,-6.030085232318261,0.0024052889615283142
laptop,5,5,1750,1250,-6.122531680671007,0.0021928972140325717
laptop,5,5,1750,1200,-6.245135841035627,0.0019398670464063177
laptop,5,5,1750,1100,-6.577985837976008,0.0013906474652188936
laptop,5,5,1750,1050,-6.7930207329486665,0.0011215756713413528
laptop,5,5,1750,1000,-7.032775479508804,0.0008824790758624363
laptop,5,5,1750,900,-7.57207456571182,0.00051462371969816
laptop,5,5,1750,850,-7.8819688153776655,0.0003774891183031565
laptop,5,5,1750,800,-8.184773869834213,0.0002788674803422452
laptop,5,5,1750,700,-8.77872938784519,0.00015397360168946606
laptop,5,5,1750,650,-9.062465528709678,0.0001159367784597466
laptop,5,5,1750,600,-9.339633843521865,0.0000878716049544655
laptop,5,5,1750,550,-9.601846485540653,0.00006760379174806729
laptop,5,5,1750,500,-9.847125444953152,0.000052899035861155506
laptop,5,5,1750,450,-10.05865799633339,0.00004281346096339603
laptop,5,5,1750,400,-10.245197153787677,0.000035527725944701495
laptop,5,5,1750,300,-10.534775882979051,0.00002659530442914746
laptop,5,5,1750,250,-10.637607350920968,0.000023996385312923544
laptop,5,5,1750,200,-10.713599129284171,0.000022240421658778484
laptop,5,5,1750,100,-10.792758406781475,0.0000205477644920458
laptop,5,5,1750,50,-10.806293319198865,0.000020271525948606105
laptop,5,5,1750,0,-10.813440431442649,0.000020127159593105664
laptop,5,5,1800,1500,-5.927195862635572,0.0026659471992999395
laptop,5,5,1800,900,-7.648387626452814,0.00047681230911340465
laptop,5,5,1800,1100,-6.654298898716996,0.0012884711754884508
laptop,5,5,1800,700,-8.855042448586184,0.00014266056101557578
laptop,5,5,1800,100,-10.869071467522462,0.00001903804014381089
laptop,5,5,1800,300,-10.611088943720045,0.000024641243749653576
laptop,5,5,1800,1800,-5.885603473457215,0.002779168564702773
laptop,5,5,1800,1750,-5.887395999272486,0.002774191295579977
laptop,5,5,1800,1650,-5.894670792589262,0.002754082858328413
laptop,5,5,1800,1600,-5.9014086491106115,0.0027355886189147412
laptop,5,5,1800,1550,-5.911836954070664,0.0027072092978448403
laptop,5,5,1800,1450,-5.952393166676271,0.002599611763912815
laptop,5,5,1800,1400,-5.9876807860432875,0.0025094773213143184
laptop,5,5,1800,1350,-6.037981040078328,0.0023863720427370213
laptop,5,5,1800,1300,-6.10639829305925,0.002228563006197952
laptop,5,5,1800,1250,-6.198844741411995,0.002031776508250532
laptop,5,5,1800,1200,-6.321448901776619,0.0017973374532998718
laptop,5,5,1800,1150,-6.474403574488577,0.0015424186008691461
laptop,5,5,1800,1050,-6.869333793689659,0.0010391691350941825
laptop,5,5,1800,1000,-7.109088540249798,0.0008176398984349731
laptop,5,5,1800,950,-7.370810164287735,0.0006293580890491593
laptop,5,5,1800,850,-7.958281876118652,0.00034975352140566334
laptop,5,5,1800,800,-8.261086930575207,0.00025837799959281267
laptop,5,5,1800,750,-8.559527816865712,0.00019170979440390388
laptop,5,5,1800,650,-9.138778589450672,0.00010741845144834014
laptop,5,5,1800,600,-9.415946904262851,0.00008141533563282758
laptop,5,5,1800,550,-9.678159546281647,0.00006263667766251417
laptop,5,5,1800,500,-9.923438505694145,0.000049012337506759774
laptop,5,5,1800,450,-10.134971057074376,0.00003966778910825747
laptop,5,5,1800,400,-10.32151021452867,0.00003291736543969857
laptop,5,5,1800,350,-10.483015655789067,0.00002800813215669955
laptop,5,5,1800,250,-10.713920411661954,0.000022233277350956612
laptop,5,5,1800,200,-10.789912190025165,0.000020606331190870412
laptop,5,5,1800,150,-10.83874981278782,0.000019624145968177385
laptop,5,5,1800,50,-10.882606379939851,0.000018782097922879333
laptop,5,5,1800,0,-10.889753492183635,0.00001864833872622818
laptop,5,5,1800,1700,-5.890158489995199,0.0027665381935415576
laptop,5,5,1850,1850,-5.926348805842681,0.002668206364670201
laptop,5,5,1850,250,-10.755746920511621,0.000021322516721996486
laptop,5,5,1850,300,-10.652915452569705,0.000023631843547356144
laptop,5,5,1850,1700,-5.931984998844858,0.0026532101391383103
laptop,5,5,1850,350,-10.524842164638727,0.000026860811244160664
laptop,5,5,1850,150,-10.880576321637479,0.000018820265404702538
laptop,5,5,1850,1100,-6.696125407566655,0.0012356904360742427
laptop,5,5,1850,950,-7.412636673137395,0.0006035771589606495
laptop,5,5,1850,1750,-5.9292225081221455,0.002660549740656047
laptop,5,5,1850,1450,-5.9942196755259305,0.002493121658662942
laptop,5,5,1850,1650,-5.936497301438922,0.0026412650224032406
laptop,5,5,1850,1500,-5.969022371485232,0.002556739739253388
laptop,5,5,1850,1550,-5.953663462920324,0.0025963115834003537
laptop,5,5,1850,900,-7.690214135302473,0.0004572802414074577
laptop,5,5,1850,1250,-6.240671250261657,0.0019485471209968882
laptop,5,5,1850,1150,-6.516230083338237,0.0014792351973217288
laptop,5,5,1850,1050,-6.911160302539318,0.0009966007669613831
laptop,5,5,1850,850,-8.000108384968312,0.00033542627076653576
laptop,5,5,1850,700,-8.896868957435844,0.00013681663525387346
laptop,5,5,1850,650,-9.180605098300331,0.00010301817816164957
laptop,5,5,1850,750,-8.601354325715372,0.00018385662322392154
laptop,5,5,1850,1800,-5.927429982306875,0.002665323121675203
laptop,5,5,1850,450,-10.176797565924042,0.000038042843762260615
laptop,5,5,1850,1600,-5.943235157960271,0.002623528378230912
laptop,5,5,1850,1400,-6.029507294892947,0.0024066794698125614
laptop,5,5,1850,1350,-6.079807548927987,0.0022886170573487717
laptop,5,5,1850,1300,-6.14822480190891,0.002137272486444037
laptop,5,5,1850,1200,-6.3632754106262785,0.001723711592227695
laptop,5,5,1850,1000,-7.150915049099457,0.0007841462206291068
laptop,5,5,1850,50,-10.924432888789518,0.00001801271088886672
laptop,5,5,1850,800,-8.302913439424866,0.0002477938420840482
laptop,5,5,1850,600,-9.45777341311251,0.00007808025007088045
laptop,5,5,1850,550,-9.719986055131306,0.000060070838220880075
laptop,5,5,1850,500,-9.965265014543805,0.00004700460348582226
laptop,5,5,1850,400,-10.36333672337833,0.00003156894343342718
laptop,5,5,1850,200,-10.831738698874824,0.00001976221653967855
laptop,5,5,1850,100,-10.910897976372128,0.00001825816873116019
laptop,5,5,1850,0,-10.931580001033295,0.000017884430983826566
laptop,5,5,1900,400,-10.396910054562186,0.00003052666315125405
laptop,5,5,1900,0,-10.965153332217158,0.000017293958584531924
laptop,5,5,1900,700,-8.930442288619707,0.00013229949702594593
laptop,5,5,1900,1600,-5.976808489144134,0.0025369099614910946
laptop,5,5,1900,1100,-6.729698738750519,0.0011948928788450496
laptop,5,5,1900,1400,-6.06308062607681,0.0023272205369475178
laptop,5,5,1900,1450,-6.027793006709794,0.0024108087503654724
laptop,5,5,1900,1200,-6.396848741810142,0.0016668015277993044
laptop,5,5,1900,200,-10.865312030058687,0.00001910974716974909
laptop,5,5,1900,1000,-7.184488380283315,0.0007582568478717996
laptop,5,5,1900,600,-9.491346744296374,0.00007550235242132304
laptop,5,5,1900,650,-9.214178429484194,0.00009961692984208705
laptop,5,5,1900,1050,-6.944733633723181,0.000963696994594304
laptop,5,5,1900,800,-8.33648677060873,0.00023961268023449747
laptop,5,5,1900,1750,-5.9627958393060085,0.00257270902656072
laptop,5,5,1900,1350,-6.11338088011185,0.0022130560732648245
laptop,5,5,1900,1300,-6.181798133092772,0.0020667082949325337
laptop,5,5,1900,1150,-6.5498034145220965,0.0014303967659020523
laptop,5,5,1900,950,-7.446210004321258,0.0005836494546052112
laptop,5,5,1900,550,-9.75355938631517,0.00005808753933907612
laptop,5,5,1900,500,-9.99883834572766,0.000045452699428977475
laptop,5,5,1900,350,-10.558415495822583,0.000025973974661175167
laptop,5,5,1900,300,-10.686488783753568,0.0000228516145665302
laptop,5,5,1900,150,-10.914149652821342,0.000018198895494811283
laptop,5,5,1900,1550,-5.987236794104187,0.002510591756398127
laptop,5,5,1900,1500,-6.002595702669095,0.002472326416314897
laptop,5,5,1900,1700,-5.965558330028721,0.002565611749337336
laptop,5,5,1900,1250,-6.274244581445518,0.0018842138864246434
laptop,5,5,1900,1850,-5.9599221370265445,0.002580112859465321
laptop,5,5,1900,1650,-5.970070632622785,0.002554061012593712
laptop,5,5,1900,850,-8.033681716152175,0.000324351836524536
laptop,5,5,1900,750,-8.634927656899235,0.0001777864126849664
laptop,5,5,1900,50,-10.958006219973374,0.000017418003200041392
laptop,5,5,1900,900,-7.723787466486336,0.00044218267629408763
laptop,5,5,1900,250,-10.789320251695477,0.000020618532478985314
laptop,5,5,1900,450,-10.210370897107898,0.00003678682117744354
laptop,5,5,1900,100,-10.944471307555984,0.00001765535700585778
laptop,5,5,1900,1900,-5.959262183105479,0.002581816177057456
laptop,5,5,1900,1800,-5.961003313490738,0.002577324809625227
laptop,5,5,1950,1750,-6.05554792011185,0.0023448169962406217
laptop,5,5,1950,1550,-6.079988874910028,0.0022882021092349063
laptop,5,5,1950,1350,-6.206132960917691,0.0020170223063126556
laptop,5,5,1950,850,-8.126433796958016,0.00029562056617856764
laptop,5,5,1950,450,-10.30312297791374,0.000033528223613319764
laptop,5,5,1950,1850,-6.052674217832386,0.002351564993411231
laptop,5,5,1950,750,-8.727679737705076,0.00016203799102833347
laptop,5,5,1950,1150,-6.6425554953279375,0.0013036914059956907
laptop,5,5,1950,1650,-6.062822713428626,0.00232782083396788
laptop,5,5,1950,1900,-6.05201426391132,0.0023531174301612877
laptop,5,5,1950,1700,-6.0583104108345625,0.0023383483998744518
laptop,5,5,1950,1600,-6.069560569949975,0.00231218903273672
laptop,5,5,1950,1500,-6.095347783474936,0.0022533263347622556
laptop,5,5,1950,1300,-6.274550213898613,0.0018836380975067511
laptop,5,5,1950,1250,-6.366996662251359,0.001717309147605941
laptop,5,5,1950,1200,-6.489600822615983,0.0015191552994892874
laptop,5,5,1950,1100,-6.8224508195563605,0.0010890485873360895
laptop,5,5,1950,900,-7.8165395472921775,0.00040301388307546743
laptop,5,5,1950,800,-8.42923885141457,0.00021838765259813125
laptop,5,5,1950,700,-9.023194369425548,0.00012058033225593067
laptop,5,5,1950,500,-10.091590426533509,0.000041426473435497396
laptop,5,5,1950,400,-10.489662135368034,0.000027822593949251214
laptop,5,5,1950,300,-10.779240864559409,0.000020827405537878122
laptop,5,5,1950,100,-11.037223388361825,0.00001609143543036976
laptop,5,5,1950,1050,-7.037485714529022,0.000878332166141447
laptop,5,5,1950,950,-7.538962085127099,0.0005319494536210306
laptop,5,5,1950,0,-11.057905413022999,0.00001576204988696369
laptop,5,5,1950,1000,-7.2772404610891614,0.0006910900245810066
laptop,5,5,1950,1800,-6.053755394296579,0.002349023910613322
laptop,5,5,1950,1450,-6.120545087515635,0.0021972579386871274
laptop,5,5,1950,1400,-6.155832706882651,0.0021210740168038874
laptop,5,5,1950,1950,-6.051623165463394,0.0023540379107235376
laptop,5,5,1950,650,-9.306930510290035,0.00009079280548072596
laptop,5,5,1950,350,-10.651167576628431,0.000023673185197653327
laptop,5,5,1950,600,-9.584098825102215,0.00006881431105729792
laptop,5,5,1950,250,-10.882072332501318,0.000018792131133031953
laptop,5,5,1950,200,-10.958064110864528,0.000017416994885500403
laptop,5,5,1950,550,-9.84631146712101,0.00005294211203283418
laptop,5,5,1950,50,-11.050758300779215,0.00001587510655980771
laptop,5,5,1950,150,-11.006901733627183,0.000016586826970513305
laptop,5,5,150,50,-11.060772385220966,0.00001571692524461093
laptop,5,5,150,150,-11.016915818068933,0.00001642155399453345
laptop,5,5,150,0,-11.067919497464748,0.000015604995080942475
laptop,5,5,150,100,-11.047237472803575,0.0000159310985904128
laptop,5,5,2000,1950,-6.169862266470784,0.0020915240536667173
laptop,5,5,2000,1900,-6.17025336491871,0.0020907062217923413
laptop,5,5,2000,2000,-6.169651062752938,0.0020919658379744185
laptop,5,5,2000,1800,-6.171994495303969,0.002087069196849063
laptop,5,5,2000,1600,-6.187799670957365,0.0020543420123199448
laptop,5,5,2000,1500,-6.213586884482326,0.0020020434711127337
laptop,5,5,2000,1400,-6.274071807890041,0.0018845394568812522
laptop,5,5,2000,1200,-6.607839923623373,0.0013497445540970577
laptop,5,5,2000,1150,-6.7607945963353275,0.0011583084205132827
laptop,5,5,2000,1100,-6.9406899205637504,0.0009676017984455881
laptop,5,5,2000,1000,-7.395479562096546,0.0006140221459798146
laptop,5,5,2000,800,-8.54747795242196,0.0001940338455689575
laptop,5,5,2000,700,-9.141433470432938,0.00010713364647338603
laptop,5,5,2000,600,-9.702337926109605,0.00006114038612428496
laptop,5,5,2000,400,-10.607901236375424,0.000024719918152199677
laptop,5,5,2000,350,-10.769406677635821,0.000021033236568641528
laptop,5,5,2000,200,-11.076303211871918,0.000015474714141038512
laptop,5,5,2000,300,-10.897479965566799,0.000018504808040476528
laptop,5,5,2000,0,-11.176144514030389,0.000014004322667661143
laptop,5,5,2000,1700,-6.1765495118419524,0.0020775841807438374
laptop,5,5,2000,1650,-6.181061814436016,0.002068230611194318
laptop,5,5,2000,1300,-6.392789314906003,0.0016735815389343003
laptop,5,5,2000,1250,-6.485235763258749,0.001525800996423094
laptop,5,5,2000,950,-7.657201186134489,0.0004726283601954774
laptop,5,5,2000,900,-7.9347786482995675,0.00035807122161209717
laptop,5,5,2000,650,-9.425169611297418,0.00008066791775008279
laptop,5,5,2000,850,-8.244672897965406,0.000262654021884893
laptop,5,5,2000,450,-10.42136207892113,0.000029789276478738204
laptop,5,5,2000,250,-11.000311433508708,0.000016696500130839
laptop,5,5,2000,50,-11.168997401786605,0.000014104771666211093
laptop,5,5,2000,150,-11.125140834634573,0.000014737123571715782
laptop,5,5,2000,100,-11.155462489369215,0.000014296976317725823
laptop,5,5,2000,1550,-6.198227975917418,0.0020330300244165355
laptop,5,5,2000,1050,-7.155724815536412,0.0007803837160929115
laptop,5,5,2000,750,-8.845918838712466,0.0001439680959680997
laptop,5,5,2000,500,-10.209829527540899,0.0000368067418346279
laptop,5,5,2000,550,-9.9645505681284,0.000047038197755514024
laptop,5,5,2000,1350,-6.324372061925082,0.001792091219609368
laptop,5,5,2000,1850,-6.170913318839776,0.0020893269072155677
laptop,5,5,2000,1450,-6.238784188523025,0.0019522276212882933
laptop,5,5,2000,1750,-6.17378702111924,0.0020833314224648286
laptop,5,5,2050,1950,-6.258130801298614,0.0019148216357294948
laptop,5,5,2050,1900,-6.2585218997465395,0.001914072898384257
laptop,5,5,2050,1850,-6.259181853667605,0.001912810115204951
laptop,5,5,2050,1750,-6.262055555947069,0.0019073211590070651
laptop,5,5,2050,1550,-6.2864965107452475,0.001861269474771613
laptop,5,5,2050,1450,-6.327052723350854,0.0017872936629908943
laptop,5,5,2050,1350,-6.412640596752911,0.001640686385840481
laptop,5,5,2050,1150,-6.849063131163159,0.0010604487290299732
laptop,5,5,2050,1100,-7.028958455391581,0.0008858539566811123
laptop,5,5,2050,1050,-7.2439933503642395,0.0007144529947556644
laptop,5,5,2050,950,-7.7454697209623165,0.0004326983513171039
laptop,5,5,2050,750,-8.934187373540292,0.00013180495081144635
laptop,5,5,2050,650,-9.513438146125251,0.0000738526884002641
laptop,5,5,2050,550,-10.052819102956226,0.00004306417543230114
laptop,5,5,2050,350,-10.857675212463647,0.00001925624349404184
laptop,5,5,2050,150,-11.213409369462406,0.000013492057628535923
laptop,5,5,2050,1650,-6.269330349263846,0.0018934961398364026
laptop,5,5,2050,2050,-6.257810114638387,0.001915435791955378
laptop,5,5,2050,250,-11.088579968336541,0.000015285896251320508
laptop,5,5,2050,50,-11.25726593661444,0.000012913129976266071
laptop,5,5,2050,600,-9.790606460937438,0.00005597494036102121
laptop,5,5,2050,1500,-6.301855419310155,0.0018329008205461045
laptop,5,5,2050,1800,-6.260263030131799,0.0019107431475076787
laptop,5,5,2050,1700,-6.264818046669782,0.0019020594730255781
laptop,5,5,2050,1600,-6.276068205785195,0.0018807809192928032
laptop,5,5,2050,1400,-6.3623403427178715,0.0017253241334212028
laptop,5,5,2050,1300,-6.481057849733834,0.00153218899600545
laptop,5,5,2050,1200,-6.6961084584512,0.0012357113801116015
laptop,5,5,2050,1250,-6.57350429808658,0.0013968936932121545
laptop,5,5,2050,700,-9.229702005260764,0.00009808245992781892
laptop,5,5,2050,1000,-7.483748096924377,0.0005621464825508313
laptop,5,5,2050,900,-8.023047183127394,0.00032781957303953284
laptop,5,5,2050,800,-8.635746487249786,0.00017764089535947616
laptop,5,5,2050,300,-10.985748500394624,0.000016941429260068164
laptop,5,5,2050,500,-10.298098062368725,0.00003369712410531347
laptop,5,5,2050,400,-10.69616977120325,0.000022631455769447757
laptop,5,5,2050,450,-10.509630613748962,0.000027272529337740486
laptop,5,5,2050,850,-8.33294143279324,0.00024046369580825387
laptop,5,5,2050,200,-11.164571746699744,0.00001416733285569545
laptop,5,5,2050,100,-11.243731024197048,0.00001308909621703824
laptop,5,5,2050,0,-11.264413048858222,0.000012821167411755492
laptop,5,5,2050,2000,-6.257919597580767,0.0019152260958882146
laptop,5,5,2100,2100,-6.276412665627135,0.0018801331773615649
laptop,5,5,2100,1900,-6.27718191705003,0.0018786874383793248
laptop,5,5,2100,1850,-6.277841870971096,0.0018774480002689156
laptop,5,5,2100,1700,-6.283478063973273,0.0018668961051796806
laptop,5,5,2100,1500,-6.320515436613647,0.0017990159885038174
laptop,5,5,2100,1400,-6.381000360021363,0.0016934280712752631
laptop,5,5,2100,1300,-6.499717867037325,0.0015038634225730512
laptop,5,5,2100,1100,-7.047618472695068,0.0008694771772069318
laptop,5,5,2100,1000,-7.502408114227868,0.0005517540821924086
laptop,5,5,2100,900,-8.04170720043089,0.0003217591735634107
laptop,5,5,2100,500,-10.316758079672216,0.00003307416547175445
laptop,5,5,2100,300,-11.004408517698122,0.000016628233107500097
laptop,5,5,2100,200,-11.183231764003233,0.000013905421415141171
laptop,5,5,2100,100,-11.262391041500539,0.000012847118134030174
laptop,5,5,2100,700,-9.248362022564262,0.00009626920978155112
laptop,5,5,2100,600,-9.809266478240929,0.0000549401318043067
laptop,5,5,2100,1800,-6.278923047435289,0.0018754192445973445
laptop,5,5,2100,2050,-6.276470131941877,0.0018800251361410338
laptop,5,5,2100,1150,-6.867723148466649,0.0010408442165163448
laptop,5,5,2100,1450,-6.345712740654346,0.0017542519703352892
laptop,5,5,2100,1950,-6.276790818602104,0.0018794223338194783
laptop,5,5,2100,2000,-6.276579614884258,0.0018798193167244416
laptop,5,5,2100,1550,-6.305156528048738,0.0018268601915026588
laptop,5,5,2100,1600,-6.294728223088685,0.0018460109280067584
laptop,5,5,2100,1650,-6.287990366567337,0.0018584910823058176
laptop,5,5,2100,1750,-6.28071557325056,0.0018720605183880075
laptop,5,5,2100,1200,-6.714768475754695,0.0012128667874863688
laptop,5,5,2100,750,-8.95284739084379,0.0001293682730760637
laptop,5,5,2100,1250,-6.592164315390071,0.001371069323641891
laptop,5,5,2100,1350,-6.4313006140564015,0.0016103550214834584
laptop,5,5,2100,1050,-7.262653367667734,0.0007012449043570823
laptop,5,5,2100,850,-8.35160145009673,0.00023601824417585063
laptop,5,5,2100,800,-8.654406504553277,0.00017435684865295352
laptop,5,5,2100,950,-7.7641297382658125,0.00042469905817750584
laptop,5,5,2100,650,-9.532098163428744,0.00007248737396848332
laptop,5,5,2100,400,-10.71482978850674,0.000022213068113648862
laptop,5,5,2100,450,-10.528290631052455,0.00002676834216862656
laptop,5,5,2100,550,-10.071479120259726,0.000042268048148595214
laptop,5,5,2100,250,-11.107239985640032,0.000015003305932583308
laptop,5,5,2100,0,-11.283073066161712,0.000012584142527777361
laptop,5,5,2100,350,-10.876335229767138,0.0000189002533775845
laptop,5,5,2100,50,-11.275925953917929,0.000012674404980630154
laptop,5,5,2100,150,-11.232069386765897,0.000013242629999106654
laptop,5,5,2150,1850,-6.33061203069206,0.0017809434434309366
laptop,5,5,2150,1750,-6.333485732971524,0.0017758328888211512
laptop,5,5,2150,1650,-6.3407605262883004,0.001762960948709805
laptop,5,5,2150,1450,-6.398482900375309,0.0016640799341696498
laptop,5,5,2150,1350,-6.484070773777366,0.0015275795743457396
laptop,5,5,2150,1250,-6.644934475111036,0.00130059363672366
laptop,5,5,2150,1050,-7.315423527388696,0.0006651995232225977
laptop,5,5,2150,1000,-7.555178273948836,0.0005233928262865721
laptop,5,5,2150,650,-9.584868323149712,0.00006876137894748895
laptop,5,5,2150,250,-11.160010145361,0.000014232106202992244
laptop,5,5,2150,50,-11.328696113638896,0.000012022915386422659
laptop,5,5,2150,950,-7.816899897986773,0.0004028686829058317
laptop,5,5,2150,300,-11.057178677419083,0.000015773508893136794
laptop,5,5,2150,1150,-6.920493308187615,0.0009873427561095055
laptop,5,5,2150,1550,-6.3579266877697025,0.0017329559485299332
laptop,5,5,2150,1300,-6.5524880267582875,0.0014265618551690716
laptop,5,5,2150,1100,-7.100388632416035,0.0008247843230479471
laptop,5,5,2150,1200,-6.767538635475658,0.0011505230252020827
laptop,5,5,2150,1700,-6.336248223694238,0.0017709339367110403
laptop,5,5,2150,1900,-6.3299520767709945,0.001782119171960278
laptop,5,5,2150,800,-8.707176664274245,0.00016539456026546642
laptop,5,5,2150,1600,-6.34749838280965,0.0017511222991340324
laptop,5,5,2150,400,-10.767599948227708,0.00002107127228547539
laptop,5,5,2150,450,-10.581060790773423,0.000025392396204796483
laptop,5,5,2150,1400,-6.433770519742326,0.0016063825043503737
laptop,5,5,2150,1500,-6.37328559633461,0.0017065429928788361
laptop,5,5,2150,0,-11.335843225882673,0.000011937292602956492
laptop,5,5,2150,1800,-6.3316932071562535,0.0017790189698310868
laptop,5,5,2150,600,-9.86203663796189,0.00005211609988883687
laptop,5,5,2150,550,-10.124249279980685,0.000040095386506620635
laptop,5,5,2150,900,-8.094477360151853,0.0003052201128550221
laptop,5,5,2150,2150,-6.329152104467162,0.0017835453883307138
laptop,5,5,2150,1950,-6.329560978323069,0.0017828162923149093
laptop,5,5,2150,700,-9.301132182285222,0.00009132078115621517
laptop,5,5,2150,750,-9.00561755056475,0.0001227184868448013
laptop,5,5,2150,500,-10.369528239393183,0.000031374087663378037
laptop,5,5,2150,2000,-6.329349774605222,0.001783192869509935
laptop,5,5,2150,850,-8.40437160981769,0.0002238864375657051
laptop,5,5,2150,2050,-6.329240291662841,0.0017833881093996461
laptop,5,5,2150,350,-10.929105389488106,0.000017928742807881277
laptop,5,5,2150,100,-11.3151612012215,0.000012186750740636544
laptop,5,5,2150,2100,-6.3291828253480995,0.0017834905970868138
laptop,5,5,2150,200,-11.236001923724201,0.00001319065513073733
laptop,5,5,2150,150,-11.284839546486857,0.000012561932510148247
laptop,5,5,2200,450,-10.65811593719562,0.000023509265517147404
laptop,5,5,2200,350,-11.006160535910302,0.000016599125646106232
laptop,5,5,2200,1250,-6.721989621533232,0.0012041400460612406
laptop,5,5,2200,1300,-6.629543173180484,0.001320766309698218
laptop,5,5,2200,300,-11.13423382384128,0.000014603726474455066
laptop,5,5,2200,0,-11.41289837230487,0.000011052008605071034
laptop,5,5,2200,1800,-6.40874835357845,0.0016470847802028566
laptop,5,5,2200,900,-8.17153250657405,0.00028258462164854677
laptop,5,5,2200,800,-8.784231810696442,0.00015312870045869117
laptop,5,5,2200,1200,-6.844593781897854,0.0010651988518499192
laptop,5,5,2200,750,-9.082672696986947,0.00011361753604616605
laptop,5,5,2200,850,-8.481426756239888,0.00020728274968496977
laptop,5,5,2200,650,-9.661923469571908,0.00006366195226177016
laptop,5,5,2200,700,-9.37818732870742,0.00008454832202993269
laptop,5,5,2200,1450,-6.475538046797506,0.0015406697618699596
laptop,5,5,2200,1550,-6.434981834191899,0.0016044378480442336
laptop,5,5,2200,1500,-6.450340742756807,0.0015799837089985854
laptop,5,5,2200,250,-11.237065291783196,0.000013176636064428757
laptop,5,5,2200,400,-10.844655094649905,0.000019508601352470143
laptop,5,5,2200,1100,-7.177443778838231,0.0007636173241992894
laptop,5,5,2200,950,-7.89395504440897,0.000372991456126839
laptop,5,5,2200,1050,-7.392478673810893,0.0006158675253486282
laptop,5,5,2200,1150,-6.997548454609812,0.0009141202280636247
laptop,5,5,2200,100,-11.392216347643696,0.0000112829666267888
laptop,5,5,2200,2000,-6.40640492102742,0.0016509491384540645
laptop,5,5,2200,1850,-6.407667177114257,0.001648866532522516
laptop,5,5,2200,2050,-6.406295438085038,0.0016511298991183899
laptop,5,5,2200,2100,-6.406237971770296,0.0016512247861952308
laptop,5,5,2200,1900,-6.407007223193192,0.001649955067607957
laptop,5,5,2200,550,-10.201304426402883,0.00003712186434845947
laptop,5,5,2200,1950,-6.406616124745265,0.0016506004886774096
laptop,5,5,2200,1650,-6.417815672710497,0.0016322176412697904
laptop,5,5,2200,1350,-6.561125920199564,0.0014142924331450575
laptop,5,5,2200,50,-11.405751260061093,0.000011131281499782843
laptop,5,5,2200,1750,-6.4105408793937215,0.001644134982798246
laptop,5,5,2200,500,-10.446583385815378,0.000029047347532222623
laptop,5,5,2200,600,-9.939091784384086,0.00004825110714732021
laptop,5,5,2200,1700,-6.4133033701164335,0.001639599342877404
laptop,5,5,2200,2150,-6.406207250889358,0.0016512755140544874
laptop,5,5,2200,1400,-6.510825666164522,0.001487251242942545
laptop,5,5,2200,200,-11.313057070146398,0.00001221242025811845
laptop,5,5,2200,150,-11.361894692909054,0.000011630324464367662
laptop,5,5,2200,2200,-6.406192635357544,0.0016512996485006654
laptop,5,5,2200,1600,-6.424553529231847,0.0016212569602061903
laptop,5,5,2200,1000,-7.632233420371031,0.000484577383863323
laptop,5,5,2250,2050,-6.433470862608535,0.0016068639404566787
laptop,5,5,2250,1200,-6.871769206421349,0.0010366414086301796
laptop,5,5,2250,1900,-6.434182647716689,0.00160572060558567
laptop,5,5,2250,1000,-7.659408844894526,0.0004715861089467063
laptop,5,5,2250,600,-9.966267208907587,0.00004695751933481328
laptop,5,5,2250,1050,-7.419654098334388,0.0005993564280493016
laptop,5,5,2250,700,-9.405362753230913,0.00008228162421900218
laptop,5,5,2250,900,-8.198707931097543,0.00027500867066673285
laptop,5,5,2250,300,-11.161409248364773,0.000014212207943556771
laptop,5,5,2250,1450,-6.502713471321003,0.0014993651836979463
laptop,5,5,2250,2100,-6.433413396293793,0.001606956283658914
laptop,5,5,2250,1150,-7.024723879133307,0.0008896131264425459
laptop,5,5,2250,1250,-6.74916504605673,0.001171857659599509
laptop,5,5,2250,1300,-6.656718597703983,0.0012853572320126263
laptop,5,5,2250,250,-11.26424071630669,0.00001282337710664489
laptop,5,5,2250,1750,-6.437716303917218,0.0016000565543101675
laptop,5,5,2250,1100,-7.204619203361726,0.0007431451294165418
laptop,5,5,2250,400,-10.871830519173399,0.000018985585603389933
laptop,5,5,2250,1400,-6.538001090688019,0.0014473787882829658
laptop,5,5,2250,500,-10.473758810338873,0.000028268602815783176
laptop,5,5,2250,1700,-6.4404787946399304,0.0015956425126047932
laptop,5,5,2250,150,-11.389070117432555,0.000011318521339588113
laptop,5,5,2250,1850,-6.434842601637754,0.001604661253576085
laptop,5,5,2250,1600,-6.451728953755344,0.0015777918799488356
laptop,5,5,2250,2000,-6.433580345550916,0.0016066880258944686
laptop,5,5,2250,350,-11.033335960433796,0.00001615411147122918
laptop,5,5,2250,50,-11.432926684584586,0.000010832857464833026
laptop,5,5,2250,1500,-6.477516167280304,0.0015376251437602885
laptop,5,5,2250,450,-10.685291361719111,0.000022878993982421582
laptop,5,5,2250,650,-9.6890988940954,0.00006195520747527729
laptop,5,5,2250,800,-8.811407235219935,0.00014902339733987273
laptop,5,5,2250,850,-8.508602180763388,0.00020172560385789637
laptop,5,5,2250,1800,-6.435923778101947,0.0016029272691362088
laptop,5,5,2250,1550,-6.462157258715396,0.0015614236796891376
laptop,5,5,2250,200,-11.340232494669893,0.000011885011439106736
laptop,5,5,2250,950,-7.921130468932465,0.0003629917435743034
laptop,5,5,2250,0,-11.44007379682837,0.000010755709836390125
laptop,5,5,2250,2250,-6.433361840449516,0.0016070391337825204
laptop,5,5,2250,1350,-6.58830134472306,0.0013763759673269557
laptop,5,5,2250,2200,-6.433368059881041,0.0016070291389437504
laptop,5,5,2250,100,-11.419391772167197,0.00001098047599019525
laptop,5,5,2250,550,-10.228479850926375,0.00003612664591436071
laptop,5,5,2250,1950,-6.433791549268762,0.0016063487232422327
laptop,5,5,2250,2150,-6.433382675412855,0.0016070056515298848
laptop,5,5,2250,1650,-6.444991097233994,0.0015884587106890149
laptop,5,5,2250,750,-9.10984812151044,0.00011057150728940388
laptop,5,5,2300,2200,-6.494460898264754,0.0015117900022599527
laptop,5,5,2300,750,-9.17094095989416,0.00010401858634921994
laptop,5,5,2300,2100,-6.494506234677506,0.0015117214646780516
laptop,5,5,2300,1800,-6.49701661648566,0.0015079312260776556
laptop,5,5,2300,1550,-6.523250097099109,0.0014688873095340988
laptop,5,5,2300,300,-11.222502086748493,0.000013369934221124604
laptop,5,5,2300,450,-10.746384200102826,0.00002152309097962235
laptop,5,5,2300,700,-9.466455591614626,0.00007740527775728894
laptop,5,5,2300,100,-11.48048461055091,0.000010329727955613427
laptop,5,5,2300,800,-8.872500073603648,0.0001401916597164563
laptop,5,5,2300,1250,-6.810257884440442,0.0011024085692800222
laptop,5,5,2300,1050,-7.480746936718101,0.0005638361083550249
laptop,5,5,2300,250,-11.325333554690403,0.000012063411194757102
laptop,5,5,2300,1650,-6.506083935617708,0.001494320133734949
laptop,5,5,2300,0,-11.501166635212083,0.000010118282365776548
laptop,5,5,2300,1850,-6.495935440021467,0.001509562447489112
laptop,5,5,2300,2000,-6.494673183934629,0.0015114691049687662
laptop,5,5,2300,1450,-6.563806309704716,0.0014105066544972916
laptop,5,5,2300,2250,-6.494454678833228,0.001511799404763593
laptop,5,5,2300,350,-11.094428798817509,0.000015196752582625015
laptop,5,5,2300,1350,-6.649394183106772,0.001294806283427694
laptop,5,5,2300,1750,-6.498809142300931,0.0015052306415840845
laptop,5,5,2300,1100,-7.265712041745439,0.0006991033016479926
laptop,5,5,2300,1900,-6.495275486100401,0.0015105590179545483
laptop,5,5,2300,2050,-6.494563700992249,0.0015116345941126492
laptop,5,5,2300,1700,-6.5015716330236435,0.0015010781940907368
laptop,5,5,2300,2300,-6.49445223278686,0.0015118031026995589
laptop,5,5,2300,1500,-6.538609005664017,0.0014464991724345401
laptop,5,5,2300,600,-10.027360047291298,0.000044174624181337924
laptop,5,5,2300,500,-10.534851648722587,0.000026593289492465398
laptop,5,5,2300,550,-10.28957268931009,0.00003398563273371204
laptop,5,5,2300,650,-9.750191732479115,0.00005828348782189913
laptop,5,5,2300,1200,-6.9328620448050655,0.0009752057878215169
laptop,5,5,2300,1600,-6.512821792139057,0.0014842854631256786
laptop,5,5,2300,150,-11.450162955816268,0.000010647739351385941
laptop,5,5,2300,1000,-7.720501683278239,0.00044363798230746197
laptop,5,5,2300,850,-8.569695019147101,0.00018977051736141168
laptop,5,5,2300,50,-11.4940195229683,0.000010190857909400295
laptop,5,5,2300,200,-11.401325333053604,0.000011180656924613285
laptop,5,5,2300,1400,-6.599093929071732,0.0013616011860541016
laptop,5,5,2300,400,-10.932923357557112,0.000017860421946748556
laptop,5,5,2300,2150,-6.494475513796568,0.0015117679068065472
laptop,5,5,2300,950,-7.9822233073161835,0.0003414793643376154
laptop,5,5,2300,1950,-6.494884387652475,0.001511149910783073
laptop,5,5,2300,1300,-6.717811436087696,0.0012091816916066703
laptop,5,5,2300,900,-8.259800769481261,0.00025871052912085173
laptop,5,5,2300,1150,-7.08581671751702,0.0008368910045520554
laptop,5,5,2350,700,-9.501903889406467,0.00007470945585693357
laptop,5,5,2350,100,-11.515932908342744,0.000009969970744551316
laptop,5,5,2350,1850,-6.531383737813305,0.0014569883643800105
laptop,5,5,2350,450,-10.781832497894667,0.00002077349842330931
laptop,5,5,2350,1150,-7.12126501530886,0.000807744295649906
laptop,5,5,2350,200,-11.436773630845446,0.000010791264099330205
laptop,5,5,2350,1450,-6.599254607496554,0.0013613824236959578
laptop,5,5,2350,250,-11.360781852482244,0.00001164327436385792
laptop,5,5,2350,650,-9.78564003027095,0.00005625362748870571
laptop,5,5,2350,850,-8.605143316938936,0.0001831613101914731
laptop,5,5,2350,2300,-6.529900530578698,0.0014591509834724758
laptop,5,5,2350,1550,-6.558698394890947,0.0014177298343214628
laptop,5,5,2350,2250,-6.529902976625066,0.0014591474143258773
laptop,5,5,2350,2050,-6.530011998784086,0.0014589883435957142
laptop,5,5,2350,2000,-6.530121481726467,0.0014588286180027307
laptop,5,5,2350,1900,-6.530723783892239,0.001457950226921597
laptop,5,5,2350,1800,-6.532464914277498,0.001455413954112868
laptop,5,5,2350,2200,-6.529909196056592,0.001459138339286668
laptop,5,5,2350,1300,-6.753259733879532,0.0011670690788729142
laptop,5,5,2350,0,-11.536614933003918,0.000009765889247555795
laptop,5,5,2350,500,-10.570299946514428,0.00002566711527937012
laptop,5,5,2350,1400,-6.63454222686357,0.0013141802038773602
laptop,5,5,2350,2350,-6.529899775709006,0.001459152084941745
laptop,5,5,2350,750,-9.206389257685995,0.00010039589302327587
laptop,5,5,2350,800,-8.90794837139549,0.00013530915354296476
laptop,5,5,2350,550,-10.32502098710193,0.00003280200268062637
laptop,5,5,2350,1350,-6.684842480898611,0.0012497115917384938
laptop,5,5,2350,400,-10.968371655348953,0.000017238390503561873
laptop,5,5,2350,300,-11.257950384540328,0.000012904294635247434
laptop,5,5,2350,50,-11.529467820760141,0.00000983593717619507
laptop,5,5,2350,1050,-7.516195234509941,0.0005441991821252575
laptop,5,5,2350,1000,-7.7559499810700805,0.00042818724014639134
laptop,5,5,2350,950,-8.017671605108019,0.0003295865377039182
laptop,5,5,2350,1600,-6.548270089930894,0.0014325917107898306
laptop,5,5,2350,350,-11.12987709660935,0.00001466748972596322
laptop,5,5,2350,900,-8.295249067273097,0.0002497003229635495
laptop,5,5,2350,1100,-7.301160339537279,0.0006747553754367745
laptop,5,5,2350,2100,-6.529954532469345,0.0014590721886881812
laptop,5,5,2350,150,-11.485611253608102,0.000010276906641208975
laptop,5,5,2350,1700,-6.5370199308154815,0.001448799595175765
laptop,5,5,2350,1750,-6.534257440092769,0.0014528074238625277
laptop,5,5,2350,1200,-6.968310342596902,0.000941241939407904
laptop,5,5,2350,1500,-6.574057303455855,0.0013961214170556137
laptop,5,5,2350,600,-10.062808345083134,0.00004263613839899362
laptop,5,5,2350,1950,-6.530332685444313,0.0014585205405096091
laptop,5,5,2350,2150,-6.529923811588406,0.0014591170133596942
laptop,5,5,2350,1650,-6.541532233409545,0.0014422769002580846
laptop,5,5,2350,1250,-6.84570618223228,0.001064014583103487
laptop,5,5,100,100,-11.516188706151308,0.00000996742077403576
laptop,5,5,100,50,-11.529723618568704,0.00000983342148678787
laptop,5,5,100,0,-11.536870730812481,0.000009763391473963724
laptop,5,5,2400,1550,-6.65169694939373,0.0012918280775421826
laptop,5,5,2400,1950,-6.623331239947096,0.0013289963576199177
laptop,5,5,2400,1850,-6.6243822923160876,0.0013276002466712455
laptop,5,5,2400,2250,-6.622901531127849,0.0013295675617924804
laptop,5,5,2400,1400,-6.727540781366353,0.001197474190935267
laptop,5,5,2400,0,-11.6296134875067,0.000008898627669917044
laptop,5,5,2400,950,-8.110670159610802,0.000300317545048781
laptop,5,5,2400,300,-11.35094893904311,0.000011758326394159614
laptop,5,5,2400,1700,-6.630018485318264,0.0013201386826112494
laptop,5,5,2400,450,-10.874831052397449,0.00001892870410310093
laptop,5,5,2400,50,-11.622466375262924,0.00000896245497946449
laptop,5,5,2400,100,-11.608931462845534,0.000009084585672311585
laptop,5,5,2400,1750,-6.627255994595552,0.0013237905953397539
laptop,5,5,2400,700,-9.59490244390925,0.00006807486898946185
laptop,5,5,2400,550,-10.418019541604712,0.000029889014843739883
laptop,5,5,2400,200,-11.52977218534823,0.00000983294392077155
laptop,5,5,2400,1200,-7.061308897099685,0.0008576547771313134
laptop,5,5,2400,1250,-6.938704736735063,0.0009695245737882655
laptop,5,5,2400,350,-11.222875651112133,0.000013364940622928618
laptop,5,5,2400,1800,-6.625463468780281,0.001326165652195325
laptop,5,5,2400,2350,-6.622898330211789,0.0013295718176334532
laptop,5,5,2400,1150,-7.214263569811644,0.000736012416000608
laptop,5,5,2400,1050,-7.609193789012724,0.0004958714743993285
laptop,5,5,2400,650,-9.878638584773737,0.00005125801382905146
laptop,5,5,2400,150,-11.578609808110885,0.00000936426407062773
laptop,5,5,2400,2400,-6.622898158955112,0.0013295720453315233
laptop,5,5,2400,250,-11.453780406985027,0.000010609291258201923
laptop,5,5,2400,1600,-6.641268644433677,0.0013053701423573663
laptop,5,5,2400,1450,-6.692253161999337,0.0012404846090049175
laptop,5,5,2400,1350,-6.777841035401393,0.0011387307256677658
laptop,5,5,2400,2000,-6.62312003622925,0.0013292770762350153
laptop,5,5,2400,2300,-6.622899085081481,0.0013295708139803636
laptop,5,5,2400,1650,-6.634530787912328,0.0013141952368066162
laptop,5,5,2400,1900,-6.623722338395022,0.001328476690834214
laptop,5,5,2400,2100,-6.622953086972127,0.0013294990165812755
laptop,5,5,2400,400,-11.061370209851736,0.000015707532087589803
laptop,5,5,2400,2200,-6.622907750559375,0.001329559292663785
laptop,5,5,2400,1000,-7.848948535572863,0.00039016199410880356
laptop,5,5,2400,500,-10.663298501017211,0.00002338774242080596
laptop,5,5,2400,2150,-6.622922366091189,0.0013295398605896497
laptop,5,5,2400,850,-8.698141871441718,0.00016689563659919943
laptop,5,5,2400,750,-9.299387812188778,0.00009148021741353974
laptop,5,5,2400,1300,-6.846258288382315,0.0010634272962456895
laptop,5,5,2400,600,-10.155806899585917,0.00003884982834416785
laptop,5,5,2400,1100,-7.3941588940400615,0.0006148336011274881
laptop,5,5,2400,900,-8.38824762177588,0.00022752564019367546
laptop,5,5,2400,2050,-6.623010553286869,0.0013294226173675519
laptop,5,5,2400,800,-9.000946925898273,0.0001232929994584808
laptop,5,5,2400,1500,-6.667055857958638,0.0012721385997167892
laptop,5,5,2450,300,-11.434599646275855,0.00001081474966034235
laptop,5,5,2450,850,-8.781792578674462,0.00015350267280557267
laptop,5,5,2450,1000,-7.932599242805606,0.00035885245500265426
laptop,5,5,2450,450,-10.958481759630194,0.000017409722217900903
laptop,5,5,2450,1300,-6.92990899561506,0.000978089874812819
laptop,5,5,2450,1650,-6.718181495145072,0.0012087343057543768
laptop,5,5,2450,1400,-6.811191488599097,0.0011013798363446001
laptop,5,5,2450,1900,-6.707373045627766,0.0012218697082697276
laptop,5,5,2450,800,-9.084597633131017,0.0001133990399074556
laptop,5,5,2450,0,-11.713264194739445,0.000008184534715633445
laptop,5,5,2450,2100,-6.706603794204871,0.0012228099948934502
laptop,5,5,2450,1550,-6.735347656626474,0.0011881620559333473
laptop,5,5,2450,2350,-6.706549037444533,0.0012228769538404907
laptop,5,5,2450,400,-11.14502091708448,0.000014447041323283446
laptop,5,5,2450,1250,-7.022355443967807,0.0008917226145617297
laptop,5,5,2450,1600,-6.724919351666421,0.0012006174033995553
laptop,5,5,2450,600,-10.239457606818661,0.000035732225301905024
laptop,5,5,2450,500,-10.746949208249955,0.000021510933692673967
laptop,5,5,2450,1450,-6.7759038692320805,0.0011409387742935396
laptop,5,5,2450,200,-11.613422892580973,0.00000904387438846309
laptop,5,5,2450,1800,-6.709114176013025,0.0012197441247898048
laptop,5,5,2450,650,-9.962289292006483,0.00004714468446146383
laptop,5,5,2450,750,-9.383038519421522,0.00008413915527064536
laptop,5,5,2450,100,-11.692582170078271,0.00000835557004632761
laptop,5,5,2450,2200,-6.70655845779212,0.0012228654339687898
laptop,5,5,2450,2400,-6.706548866187856,0.0012228771632663514
laptop,5,5,2450,2000,-6.706770743461994,0.0012226058647133655
laptop,5,5,2450,1500,-6.750706565191382,0.0011700526102106756
laptop,5,5,2450,1950,-6.70698194717984,0.001222347673075754
laptop,5,5,2450,2250,-6.706552238360593,0.0012228730395202742
laptop,5,5,2450,2450,-6.706548846753594,0.0012228771870320672
laptop,5,5,2450,550,-10.501670248837456,0.000027490495015503095
laptop,5,5,2450,50,-11.706117082495668,0.000008243240040788535
laptop,5,5,2450,950,-8.194320866843546,0.00027621780170385227
laptop,5,5,2450,1050,-7.692844496245468,0.00045607900984933323
laptop,5,5,2450,1700,-6.713669192551008,0.0012142008046711656
laptop,5,5,2450,2300,-6.706549792314225,0.0012228760307280895
laptop,5,5,2450,700,-9.678553151141994,0.00006261202841310061
laptop,5,5,2450,900,-8.471898329008624,0.00020926726793584578
laptop,5,5,2450,1750,-6.7109067018282955,0.0012175596603974201
laptop,5,5,2450,1100,-7.4778096012728055,0.0005654947188966683
laptop,5,5,2450,350,-11.306526358344877,0.000012292437054146204
laptop,5,5,2450,250,-11.537431114217771,0.000009757921764112819
laptop,5,5,2450,1850,-6.7080329995488315,0.0012210635965922629
laptop,5,5,2450,2050,-6.7066612605196125,0.0012227397265284659
laptop,5,5,2450,2150,-6.706573073323933,0.001222847561270746
laptop,5,5,2450,1350,-6.861491742634137,0.0010473503894868745
laptop,5,5,2450,1200,-7.144959604332429,0.0007888300935649258
laptop,5,5,2450,150,-11.662260515343629,0.000008612804941992377
laptop,5,5,2450,1150,-7.297914277044387,0.0006769492323247618
laptop,5,5,50,50,-12.332050179129695,0.000004408173268590632
laptop,5,5,50,0,-12.339197291373479,0.00000437677987912334
laptop,5,5,0,0,-12.975749621565436,0.00000231581328393655
