"item","condition","exp","UB","LB","low","high","y","x","group"
"sweater","original","03",40,0,0.254313309977768,0.366524891264555,0.303021985781548,20,"sweater original 03"
"sweater","original","03",80,40,0.220910508970786,0.288063220677437,0.250720654845985,60,"sweater original 03"
"sweater","original","03",120,80,0.142946946386809,0.204979880705057,0.175858612609352,100,"sweater original 03"
"sweater","original","03",160,120,0.084028105372169,0.121748446215757,0.10497578985942,140,"sweater original 03"
"sweater","original","03",200,160,0.0368745619900282,0.0770816225470588,0.0574876581547223,180,"sweater original 03"
"sweater","original","03",240,200,0.0261890485486783,0.0584303829124195,0.0414037007530404,220,"sweater original 03"
"sweater","original","03",280,240,0.0136402405994777,0.0371117116111526,0.0246291438067703,260,"sweater original 03"
"sweater","original","03",320,280,0.0102423155489692,0.0316434275125218,0.0206820748640619,300,"sweater original 03"
"sweater","original","03",360,320,0.00565914949677354,0.0203476896065408,0.0122657375618596,340,"sweater original 03"
"sweater","original","03",400,400,0.00201372868355537,0.0174702127970047,0.00895464176324064,400,"sweater original 03"
"sweater","original","04",40,0,0.250403761923272,0.367480205019839,0.303021985781548,20,"sweater original 04"
"sweater","original","04",80,40,0.220514473775244,0.285431054725766,0.250720654845985,60,"sweater original 04"
"sweater","original","04",120,80,0.145466631671154,0.203137473028576,0.175858612609352,100,"sweater original 04"
"sweater","original","04",160,120,0.0873210104590083,0.122676344120646,0.10497578985942,140,"sweater original 04"
"sweater","original","04",200,160,0.0360081660865449,0.0775343492655937,0.0574876581547223,180,"sweater original 04"
"sweater","original","04",240,200,0.025257884488317,0.0569772619245471,0.0414037007530404,220,"sweater original 04"
"sweater","original","04",280,240,0.0124721185193796,0.0364937237360621,0.0246291438067703,260,"sweater original 04"
"sweater","original","04",320,280,0.00991895342961117,0.0317082228946219,0.0206820748640619,300,"sweater original 04"
"sweater","original","04",360,320,0.005702251727665,0.0204857324279825,0.0122657375618596,340,"sweater original 04"
"sweater","original","04",400,400,0.00215757969988275,0.0170244334286237,0.00895464176324064,400,"sweater original 04"
"sweater","original","05",3,0,0.000560981144256411,0.0144308933252145,0.00545377807042066,1.5,"sweater original 05"
"sweater","original","05",6,3,0.000449540331904737,0.0149309480904314,0.0055335468837346,4.5,"sweater original 05"
"sweater","original","05",9,6,0.00239381106307576,0.0218957802958429,0.0112266746446397,7.5,"sweater original 05"
"sweater","original","05",12,9,0.00728922134452304,0.0323708988050584,0.019132494459705,10.5,"sweater original 05"
"sweater","original","05",15,12,0.0128569575160368,0.0361050885717283,0.0242823779634426,13.5,"sweater original 05"
"sweater","original","05",18,15,0.0189928594099352,0.0381106968244679,0.0291024013763343,16.5,"sweater original 05"
"sweater","original","05",21,18,0.0267914034423837,0.0452159287991634,0.0363249846313495,19.5,"sweater original 05"
"sweater","original","05",24,21,0.0307154904284272,0.0483492383867063,0.0402799983709435,22.5,"sweater original 05"
"sweater","original","05",27,24,0.0367106742215962,0.0542641937458973,0.0457957196632401,25.5,"sweater original 05"
"sweater","original","05",30,27,0.0399337267657372,0.0558649637894986,0.0481081199201787,28.5,"sweater original 05"
"sweater","original","05",33,30,0.0416146814661274,0.0632391022655627,0.0517232233133166,31.5,"sweater original 05"
"sweater","original","05",36,33,0.0438449820941156,0.0633512927104044,0.0529259568098516,34.5,"sweater original 05"
"sweater","original","05",39,36,0.0434057018129703,0.0622053287367927,0.0514788543119239,37.5,"sweater original 05"
"sweater","original","05",42,39,0.0437559637284912,0.060317350383286,0.0512128446571687,40.5,"sweater original 05"
"sweater","original","05",45,42,0.0443914562314158,0.0581512206244862,0.0510039840432376,43.5,"sweater original 05"
"sweater","original","05",48,45,0.0433542949108472,0.0563028007760502,0.0501676128874749,46.5,"sweater original 05"
"sweater","original","05",51,48,0.0405018962052774,0.056072307202485,0.0483314579206549,49.5,"sweater original 05"
"sweater","original","05",54,51,0.0311208775989699,0.0472548202924029,0.0390463709785512,52.5,"sweater original 05"
"sweater","original","05",57,54,0.0298949487226454,0.0463236621133913,0.0376137722950978,55.5,"sweater original 05"
"sweater","original","05",60,57,0.0279438769954668,0.0425830602388152,0.0353318366683106,58.5,"sweater original 05"
"sweater","original","05",63,60,0.0246019735965172,0.0374335520860202,0.0299715507280605,61.5,"sweater original 05"
"sweater","original","05",66,63,0.0223093047543656,0.0336695831289575,0.0271715359812531,64.5,"sweater original 05"
"sweater","original","05",69,66,0.0194459999207466,0.0302302489805781,0.024501047139784,67.5,"sweater original 05"
"sweater","original","05",72,69,0.0149341215279505,0.0260474974574634,0.0209435316861371,70.5,"sweater original 05"
"sweater","original","05",75,72,0.0113182467249633,0.0242065630583751,0.0179819268646213,73.5,"sweater original 05"
"sweater","original","05",78,75,0.00976765742447402,0.0220314916032691,0.0162596064178548,76.5,"sweater original 05"
"sweater","original","05",81,78,0.00845529083751202,0.0184953897239648,0.0137236345171792,79.5,"sweater original 05"
"sweater","original","05",84,81,0.00740864276886425,0.0168742833372047,0.0123667996434806,82.5,"sweater original 05"
"sweater","original","05",87,84,0.0060269565608896,0.014860106421416,0.0106013753388966,85.5,"sweater original 05"
"sweater","original","05",90,87,0.00544908079418914,0.0142693588576256,0.0096695322111281,88.5,"sweater original 05"
"sweater","original","05",93,90,0.00563685426640733,0.0201661914818513,0.0125958526621347,91.5,"sweater original 05"
"sweater","original","05",96,93,0.00580231615392951,0.0219479850797861,0.0129522460234093,94.5,"sweater original 05"
"sweater","original","05",99,96,0.00312767212548769,0.0235205132521386,0.0122159417829703,97.5,"sweater original 05"
"sweater","original","05",102,99,0.00173360777730689,0.0273217679858721,0.0114240969446629,100.5,"sweater original 05"
"sweater","original","05",105,102,0.00138876890907148,0.0220471828013609,0.00955800779332793,103.5,"sweater original 05"
"sweater","original","05",108,105,0.000529604914733609,0.0159073767042286,0.00649034503695797,106.5,"sweater original 05"
"sweater","original","05",111,108,0.000894741581730814,0.0129059299343337,0.00582728986161798,109.5,"sweater original 05"
"sweater","original","05",114,111,0.00063552589768033,0.0113524691988423,0.00521401255539142,112.5,"sweater original 05"
"sweater","original","05",117,114,0.00063552589768033,0.00909132638943917,0.00422595401691478,115.5,"sweater original 05"
"sweater","original","05",120,117,0.000317762948840165,0.00452164094956026,0.00222970292464099,118.5,"sweater original 05"
"sweater","original","06",3,0,0.00132370214150145,0.012308177217897,0.00553558201273319,1.5,"sweater original 06"
"sweater","original","06",6,3,0.00146461827342149,0.0113775935207622,0.00546399289413889,4.5,"sweater original 06"
"sweater","original","06",9,6,0.0016182783362518,0.0137510344780412,0.00631233537940375,7.5,"sweater original 06"
"sweater","original","06",12,9,0.002128091756167,0.0114054299183607,0.00591806658633757,10.5,"sweater original 06"
"sweater","original","06",15,12,0.00263793654815917,0.0131514589358306,0.00692625845255039,13.5,"sweater original 06"
"sweater","original","06",18,15,0.00305864898242572,0.00945635390490317,0.00598647262565066,16.5,"sweater original 06"
"sweater","original","06",21,18,0.00439196044143186,0.0120397397026261,0.00780147669452085,19.5,"sweater original 06"
"sweater","original","06",24,21,0.00551000602365592,0.0145286270094726,0.00992447419574657,22.5,"sweater original 06"
"sweater","original","06",27,24,0.00688453390832075,0.0184040991906092,0.0121398440745741,25.5,"sweater original 06"
"sweater","original","06",30,27,0.00804702561851291,0.0243700064756678,0.0149905959585757,28.5,"sweater original 06"
"sweater","original","06",33,30,0.00813691451983016,0.0212805282979193,0.0144535180583379,31.5,"sweater original 06"
"sweater","original","06",36,33,0.0106871305328538,0.0245324212732156,0.0172773926221227,34.5,"sweater original 06"
"sweater","original","06",39,36,0.0102195241119876,0.0254428884884037,0.0173454121926067,37.5,"sweater original 06"
"sweater","original","06",42,39,0.011250498461699,0.0257818110839084,0.0183626933578691,40.5,"sweater original 06"
"sweater","original","06",45,42,0.0107703272645007,0.0273850347312825,0.0185002801382742,43.5,"sweater original 06"
"sweater","original","06",48,45,0.0110101232016223,0.0271623665350891,0.0183669963148529,46.5,"sweater original 06"
"sweater","original","06",51,48,0.0121661668338734,0.0287041070389015,0.0198304608153561,49.5,"sweater original 06"
"sweater","original","06",54,51,0.0116591754367579,0.0294173390814447,0.0192236951816635,52.5,"sweater original 06"
"sweater","original","06",57,54,0.0113741296985741,0.0218006753542465,0.0163328790582619,55.5,"sweater original 06"
"sweater","original","06",60,57,0.0118924021483039,0.02616974175804,0.0186664363707124,58.5,"sweater original 06"
"sweater","original","06",63,60,0.0143156933388447,0.0263986509370587,0.019839172056554,61.5,"sweater original 06"
"sweater","original","06",66,63,0.0129179655784709,0.0234090024153897,0.018222592192016,64.5,"sweater original 06"
"sweater","original","06",69,66,0.0121611694377187,0.020729559815336,0.0159839833531966,67.5,"sweater original 06"
"sweater","original","06",72,69,0.0127686551896449,0.0209748006189144,0.0170051716571011,70.5,"sweater original 06"
"sweater","original","06",75,72,0.0132736207890379,0.0216901638879696,0.0175086861687636,73.5,"sweater original 06"
"sweater","original","06",78,75,0.0134860040455772,0.0218807441912177,0.0177712006505599,76.5,"sweater original 06"
"sweater","original","06",81,78,0.0134605257826329,0.0214053959892478,0.0174112381153381,79.5,"sweater original 06"
"sweater","original","06",84,81,0.0121334514753474,0.0208914459559819,0.0164910134340612,82.5,"sweater original 06"
"sweater","original","06",87,84,0.0137635245466067,0.0212522894370107,0.0175599631891095,85.5,"sweater original 06"
"sweater","original","06",90,87,0.0121437648445329,0.0205568531133158,0.0164481204888288,88.5,"sweater original 06"
"sweater","original","06",93,90,0.0133286867955138,0.0218150498907814,0.0175099120864536,91.5,"sweater original 06"
"sweater","original","06",96,93,0.0124882306388772,0.0209765777918688,0.0166892452115783,94.5,"sweater original 06"
"sweater","original","06",99,96,0.013726252651256,0.0218351646497088,0.0176824501926894,97.5,"sweater original 06"
"sweater","original","06",102,99,0.0145553187983102,0.0234193605257801,0.0187646345458662,100.5,"sweater original 06"
"sweater","original","06",105,102,0.013547000718316,0.0226047306156335,0.0178953744109501,103.5,"sweater original 06"
"sweater","original","06",108,105,0.0136105304752684,0.0230917430541422,0.0179921738075587,106.5,"sweater original 06"
"sweater","original","06",111,108,0.0136320360307795,0.0229124545736798,0.0182297450400448,109.5,"sweater original 06"
"sweater","original","06",114,111,0.0131604645633615,0.0226627344554928,0.0175583600467927,112.5,"sweater original 06"
"sweater","original","06",117,114,0.0142655894447704,0.0230849147346775,0.0180500699305635,115.5,"sweater original 06"
"sweater","original","06",120,117,0.0136088411490708,0.0224344301170823,0.017635676722411,118.5,"sweater original 06"
"sweater","original","06",123,120,0.0128406255773445,0.0216437347368009,0.016539596893349,121.5,"sweater original 06"
"sweater","original","06",126,123,0.0120669130333317,0.0198003489786736,0.0156469850340124,124.5,"sweater original 06"
"sweater","original","06",129,126,0.0127138636947536,0.0193619728430214,0.0158362929092603,127.5,"sweater original 06"
"sweater","original","06",132,129,0.0117426432272702,0.0180571091007016,0.0146259006218903,130.5,"sweater original 06"
"sweater","original","06",135,132,0.0106422460453266,0.0160371392401933,0.0133660561297232,133.5,"sweater original 06"
"sweater","original","06",138,135,0.00999535325580412,0.0153610814263402,0.0126971194867146,136.5,"sweater original 06"
"sweater","original","06",141,138,0.00915894348263042,0.0145638190019182,0.0118450792641317,139.5,"sweater original 06"
"sweater","original","06",144,141,0.00900992824771348,0.0146897135840655,0.0117883948421191,142.5,"sweater original 06"
"sweater","original","06",147,144,0.00843283656471332,0.0144863528525201,0.0113341393935986,145.5,"sweater original 06"
"sweater","original","06",150,147,0.00829902623051871,0.0140483093514502,0.0111285238766255,148.5,"sweater original 06"
"sweater","original","06",153,150,0.00836382178143877,0.014677654736607,0.0114025879901901,151.5,"sweater original 06"
"sweater","original","06",156,153,0.0070869231307146,0.0144920440109015,0.0106284507346359,154.5,"sweater original 06"
"sweater","original","06",159,156,0.00718716857339615,0.0150214775903347,0.0106535826330637,157.5,"sweater original 06"
"sweater","original","06",162,159,0.00762251639702409,0.0148655758886205,0.0109894975325776,160.5,"sweater original 06"
"sweater","original","06",165,162,0.00752991575837371,0.0149965278725691,0.0109528350855838,163.5,"sweater original 06"
"sweater","original","06",168,165,0.00721551371675247,0.0148858610228278,0.0107285628575434,166.5,"sweater original 06"
"sweater","original","06",171,168,0.00711046247560491,0.0140010711860371,0.0104858416416327,169.5,"sweater original 06"
"sweater","original","06",174,171,0.00645613728747189,0.0142225356233966,0.0100890071389244,172.5,"sweater original 06"
"sweater","original","06",177,174,0.00709983656079092,0.013712133881867,0.0104306054253363,175.5,"sweater original 06"
"sweater","original","06",180,177,0.00618141566315935,0.0128910905693198,0.00934745884204855,178.5,"sweater original 06"
"sweater","original","06",183,180,0.00592497591782197,0.0129046934939328,0.00920554871399804,181.5,"sweater original 06"
"sweater","original","06",186,183,0.00558811545978462,0.0119695616093945,0.00874664899045438,184.5,"sweater original 06"
"sweater","original","06",189,186,0.00483474852249946,0.0107795965373792,0.00783165160093286,187.5,"sweater original 06"
"sweater","original","06",192,189,0.00466542409106158,0.011144381275925,0.00788870764980293,190.5,"sweater original 06"
"sweater","original","06",195,192,0.00519708998702329,0.0111117940127737,0.00796343668773451,193.5,"sweater original 06"
"sweater","original","06",198,195,0.00467242656309135,0.0106710024359304,0.00761674328157662,196.5,"sweater original 06"
"sweater","original","06",201,198,0.00483028712009231,0.0115222505745209,0.00810413914628658,199.5,"sweater original 06"
"sweater","original","06",204,201,0.0054281364576572,0.0112101026852048,0.00821048426670434,202.5,"sweater original 06"
"sweater","original","06",207,204,0.00444880766426778,0.0108289595597888,0.00741979032627534,205.5,"sweater original 06"
"sweater","original","06",210,207,0.00511352189417602,0.0130214194078774,0.00876529259883093,208.5,"sweater original 06"
"sweater","original","06",213,210,0.0045729295853945,0.0108592133606838,0.00771682331200369,211.5,"sweater original 06"
"sweater","original","06",216,213,0.0044080482047595,0.0108935645138489,0.0073456682413532,214.5,"sweater original 06"
"sweater","original","06",219,216,0.00337890140252501,0.0094327181699151,0.00620297586743809,217.5,"sweater original 06"
"sweater","original","06",222,219,0.00407159757656122,0.00980578281281173,0.006809586373215,220.5,"sweater original 06"
"sweater","original","06",225,222,0.00366538243980376,0.00968748004373229,0.00636308764709694,223.5,"sweater original 06"
"sweater","original","06",228,225,0.00353564222821822,0.00956704132350555,0.00624332298328171,226.5,"sweater original 06"
"sweater","original","06",231,228,0.0033848596043844,0.00928529113050803,0.00607441361154368,229.5,"sweater original 06"
"sweater","original","06",234,231,0.00346068361705363,0.00962875290014238,0.00646121847817719,232.5,"sweater original 06"
"sweater","original","06",237,234,0.00349588239705551,0.00973356652945838,0.00648362460876217,235.5,"sweater original 06"
"sweater","original","06",240,237,0.00337149704029334,0.0101088712998288,0.00642267099684457,238.5,"sweater original 06"
"sweater","original","08",50,0,0.234448772176938,0.583522320094102,0.395351511079304,25,"sweater original 08"
"sweater","original","08",100,50,0.175089983741616,0.29930381453819,0.239626855797062,75,"sweater original 08"
"sweater","original","08",150,100,0.0753453155213056,0.185565272894687,0.136276483925783,125,"sweater original 08"
"sweater","original","08",200,150,0.0764428519001595,0.149830659193073,0.116336371419141,175,"sweater original 08"
"sweater","original","08",250,200,0.0250482750239289,0.113291321140079,0.068761720753021,225,"sweater original 08"
"sweater","original","08",300,250,0.0102801726866446,0.0886426987273933,0.0436470570256898,275,"sweater original 08"
"coffee maker","original","03",40,0,0.157877845105782,0.250957573045046,0.203344028992641,20,"coffee maker original 03"
"coffee maker","original","03",80,40,0.179346565556317,0.244311401434608,0.212226705989537,60,"coffee maker original 03"
"coffee maker","original","03",120,80,0.186913053412413,0.224830756349594,0.206675315617965,100,"coffee maker original 03"
"coffee maker","original","03",160,120,0.123161239162493,0.176363658496203,0.150171287920747,140,"coffee maker original 03"
"coffee maker","original","03",200,160,0.0847772790268388,0.156862805274639,0.117196560160638,180,"coffee maker original 03"
"coffee maker","original","03",240,200,0.0304050261670185,0.0651508510292226,0.047937039448441,220,"coffee maker original 03"
"coffee maker","original","03",280,240,0.0160821100245971,0.0465532478047727,0.0309340621387039,260,"coffee maker original 03"
"coffee maker","original","03",320,280,0.00959350893208894,0.0280859465824113,0.0181504790469042,300,"coffee maker original 03"
"coffee maker","original","03",360,320,0.00326221201411732,0.0161440538207009,0.00932393055999867,340,"coffee maker original 03"
"coffee maker","original","03",400,400,0.00132932049634059,0.00749835033759903,0.00404059012442477,400,"coffee maker original 03"
"coffee maker","original","04",40,0,0.157866568399031,0.249474640195135,0.203344028992641,20,"coffee maker original 04"
"coffee maker","original","04",80,40,0.178888076994093,0.245780222865644,0.212226705989537,60,"coffee maker original 04"
"coffee maker","original","04",120,80,0.186919886057948,0.22563792152513,0.206675315617965,100,"coffee maker original 04"
"coffee maker","original","04",160,120,0.123350360743943,0.177750288084312,0.150171287920747,140,"coffee maker original 04"
"coffee maker","original","04",200,160,0.0835028797417512,0.155459525219817,0.117196560160638,180,"coffee maker original 04"
"coffee maker","original","04",240,200,0.0304916186046998,0.0667149491730478,0.047937039448441,220,"coffee maker original 04"
"coffee maker","original","04",280,240,0.0162714583600407,0.0466334754424951,0.0309340621387039,260,"coffee maker original 04"
"coffee maker","original","04",320,280,0.0094524118378713,0.0286606599820146,0.0181504790469042,300,"coffee maker original 04"
"coffee maker","original","04",360,320,0.00362419332700795,0.0168915005618135,0.00932393055999867,340,"coffee maker original 04"
"coffee maker","original","04",400,400,0.00123533327278634,0.00745386767743191,0.00404059012442477,400,"coffee maker original 04"
"coffee maker","original","05",4,0,9.72384286269934e-05,0.00393926254624166,0.0015333132898987,2,"coffee maker original 05"
"coffee maker","original","05",8,4,0.000194476857253987,0.00403650097486866,0.0016305517185257,6,"coffee maker original 05"
"coffee maker","original","05",12,8,0.00134134632384341,0.0157802758375903,0.00730655117954417,10,"coffee maker original 05"
"coffee maker","original","05",16,12,0.00202201532423236,0.0186554934787635,0.0097939472055822,14,"coffee maker original 05"
"coffee maker","original","05",20,16,0.00606060606060606,0.0400382126798395,0.0215097044912706,18,"coffee maker original 05"
"coffee maker","original","05",24,20,0.0230679668542016,0.065320881778266,0.0442525129705444,22,"coffee maker original 05"
"coffee maker","original","05",28,24,0.0299972043217127,0.0943068644697823,0.0610512336509466,26,"coffee maker original 05"
"coffee maker","original","05",32,28,0.0374311455695033,0.075845277947005,0.0561320200617174,30,"coffee maker original 05"
"coffee maker","original","05",36,32,0.0401389340234385,0.0586124026376356,0.0495472282290331,34,"coffee maker original 05"
"coffee maker","original","05",40,36,0.0237592733725693,0.0566455606775743,0.0419391413699424,38,"coffee maker original 05"
"coffee maker","original","05",44,40,0.0269041731475275,0.0560732837601026,0.0424596310675292,42,"coffee maker original 05"
"coffee maker","original","05",48,44,0.0249020751310046,0.056464052092629,0.042502435170865,46,"coffee maker original 05"
"coffee maker","original","05",52,48,0.0248967409504945,0.0525348239617332,0.0405267423642022,50,"coffee maker original 05"
"coffee maker","original","05",56,52,0.0255095749973901,0.0521392193975591,0.0405382571129481,54,"coffee maker original 05"
"coffee maker","original","05",60,56,0.0236956474199303,0.0509547633012878,0.0398697110137659,58,"coffee maker original 05"
"coffee maker","original","05",64,60,0.0239144696015013,0.0487855043125715,0.0387356793892923,62,"coffee maker original 05"
"coffee maker","original","05",68,64,0.0215720972430628,0.0463277530198621,0.0368058042872872,66,"coffee maker original 05"
"coffee maker","original","05",72,68,0.0232318334435807,0.0452104144814571,0.0359233803232527,70,"coffee maker original 05"
"coffee maker","original","05",76,72,0.0200924165112482,0.040885929833553,0.0308490458779672,74,"coffee maker original 05"
"coffee maker","original","05",80,76,0.0172298021374731,0.040480047197959,0.0300097901446389,78,"coffee maker original 05"
"coffee maker","original","05",84,80,0.0196046468214533,0.0418668691018677,0.032214810753862,82,"coffee maker original 05"
"coffee maker","original","05",88,84,0.0181352260252532,0.0420726857390587,0.0308883278493017,86,"coffee maker original 05"
"coffee maker","original","05",92,88,0.0108493606743315,0.0385223643546026,0.0252158660410343,90,"coffee maker original 05"
"coffee maker","original","05",96,92,0.00937423588242688,0.0375195328192592,0.0237724310345922,94,"coffee maker original 05"
"coffee maker","original","05",100,96,0.00904798401712422,0.0374017401208345,0.0227952839922858,98,"coffee maker original 05"
"coffee maker","original","05",104,100,0.00339020122484689,0.0245367965265543,0.0129171436165199,102,"coffee maker original 05"
"coffee maker","original","05",108,104,0.00309087238221096,0.0228579191168508,0.0116825630407645,106,"coffee maker original 05"
"coffee maker","original","05",112,108,0.00232534307337457,0.0227037296466212,0.0110886560875608,110,"coffee maker original 05"
"coffee maker","original","05",116,112,0.00188789775403949,0.0214475136145263,0.0104567339109717,114,"coffee maker original 05"
"coffee maker","original","05",120,116,0.00123172977503686,0.0203002009761535,0.00923427623642311,118,"coffee maker original 05"
"coffee maker","original","05",124,120,0.00202601423073864,0.0181682531797,0.00957093667601653,122,"coffee maker original 05"
"coffee maker","original","05",128,124,0.00194476857253987,0.0160066022690068,0.00809520007159439,126,"coffee maker original 05"
"coffee maker","original","05",132,128,0.000466200466200466,0.0155562589502293,0.00640377862806203,130,"coffee maker original 05"
"coffee maker","original","05",136,132,0.000932400932400932,0.0151022022075675,0.00641592235160068,134,"coffee maker original 05"
"coffee maker","original","05",140,136,0.0011789840447307,0.0176247751198463,0.00940187958228851,138,"coffee maker original 05"
"coffee maker","original","05",144,140,0.000972384286269934,0.0485977956678592,0.0192271662972299,142,"coffee maker original 05"
"coffee maker","original","05",148,144,0.000972384286269934,0.0700616608359607,0.0262788003669858,146,"coffee maker original 05"
"coffee maker","original","05",152,148,0.000680669000388954,0.0440373123570323,0.0173294787299236,150,"coffee maker original 05"
"coffee maker","original","05",156,152,0.000777907429015947,0.0302166177027528,0.011566313604572,154,"coffee maker original 05"
"coffee maker","original","05",160,156,0.00058343057176196,0.064368562062137,0.0225277502096566,158,"coffee maker original 05"
"coffee maker","original","06",4,0,0.000750259000184895,0.00944771181394464,0.00381759882420042,2,"coffee maker original 06"
"coffee maker","original","06",8,4,0.000641161817630007,0.00771079363166002,0.00327341514153643,6,"coffee maker original 06"
"coffee maker","original","06",12,8,0.00089540846557252,0.0108629591650757,0.00446299383948897,10,"coffee maker original 06"
"coffee maker","original","06",16,12,0.00111896608390107,0.01317815430595,0.00591557029757259,14,"coffee maker original 06"
"coffee maker","original","06",20,16,0.00172137954949171,0.0096736802764137,0.00522553901593892,18,"coffee maker original 06"
"coffee maker","original","06",24,20,0.00223659207277015,0.0109642461693659,0.00592006247796431,22,"coffee maker original 06"
"coffee maker","original","06",28,24,0.0028264015966802,0.0144639386751967,0.0078998272600027,26,"coffee maker original 06"
"coffee maker","original","06",32,28,0.00318756837417441,0.014558918841213,0.00820139263235097,30,"coffee maker original 06"
"coffee maker","original","06",36,32,0.00402326055817454,0.015861679824809,0.00923329094363091,34,"coffee maker original 06"
"coffee maker","original","06",40,36,0.00448194868466878,0.0145590273093379,0.00934548048771011,38,"coffee maker original 06"
"coffee maker","original","06",44,40,0.00591239850957986,0.0169413776340802,0.0110308649457376,42,"coffee maker original 06"
"coffee maker","original","06",48,44,0.00747422114755669,0.0202071613165362,0.0134516113059936,46,"coffee maker original 06"
"coffee maker","original","06",52,48,0.00986724245027763,0.0208693178476263,0.0149918799997096,50,"coffee maker original 06"
"coffee maker","original","06",56,52,0.0119380275735878,0.0231873902267986,0.0173674447583177,54,"coffee maker original 06"
"coffee maker","original","06",60,56,0.0137298689811938,0.0259422092099992,0.0196664640698109,58,"coffee maker original 06"
"coffee maker","original","06",64,60,0.0154550676844176,0.0293606783866411,0.0218370547484883,62,"coffee maker original 06"
"coffee maker","original","06",68,64,0.0152420076103961,0.0321269588574022,0.0231980452065411,66,"coffee maker original 06"
"coffee maker","original","06",72,68,0.0149955981988306,0.0348316326751674,0.0239293566032835,70,"coffee maker original 06"
"coffee maker","original","06",76,72,0.014447380964604,0.0374874107087818,0.0253484579580892,74,"coffee maker original 06"
"coffee maker","original","06",80,76,0.0156263987262731,0.0382179376987509,0.0259527101461976,78,"coffee maker original 06"
"coffee maker","original","06",84,80,0.0183070197812796,0.0402239256389398,0.0282493115420472,82,"coffee maker original 06"
"coffee maker","original","06",88,84,0.0186048465707157,0.0394408676706967,0.0281476247872133,86,"coffee maker original 06"
"coffee maker","original","06",92,88,0.0197596204632872,0.0371959880579689,0.0279073920252734,90,"coffee maker original 06"
"coffee maker","original","06",96,92,0.0196045830443182,0.0351539384493401,0.0266747845792048,94,"coffee maker original 06"
"coffee maker","original","06",100,96,0.0202192698708057,0.0336836201764605,0.0266177243706031,98,"coffee maker original 06"
"coffee maker","original","06",104,100,0.0195198716814989,0.0298423092087957,0.024417494108915,102,"coffee maker original 06"
"coffee maker","original","06",108,104,0.0190984909317775,0.0274152300112832,0.0230109177029976,106,"coffee maker original 06"
"coffee maker","original","06",112,108,0.0172541935030907,0.0250011517655964,0.021105203103568,110,"coffee maker original 06"
"coffee maker","original","06",116,112,0.0157733154713917,0.0244214676212613,0.020383521799066,114,"coffee maker original 06"
"coffee maker","original","06",120,116,0.0152601172554996,0.0232308192591421,0.019409118164464,118,"coffee maker original 06"
"coffee maker","original","06",124,120,0.0167180275699504,0.0240757523844362,0.0205528238522234,122,"coffee maker original 06"
"coffee maker","original","06",128,124,0.0168898728725032,0.0236613783979014,0.0203318039393456,126,"coffee maker original 06"
"coffee maker","original","06",132,128,0.0152901485452585,0.0228407479510529,0.0193604204612001,130,"coffee maker original 06"
"coffee maker","original","06",136,132,0.0147919142399542,0.0223498920397142,0.0187141129130027,134,"coffee maker original 06"
"coffee maker","original","06",140,136,0.0131264331071744,0.0217948412185297,0.0174045382025617,138,"coffee maker original 06"
"coffee maker","original","06",144,140,0.0128376023288513,0.0214272000974379,0.0173889107167211,142,"coffee maker original 06"
"coffee maker","original","06",148,144,0.0124123454915468,0.0213755177301607,0.0172579943355148,146,"coffee maker original 06"
"coffee maker","original","06",152,148,0.0127923808551192,0.021173592913748,0.0170381067177336,150,"coffee maker original 06"
"coffee maker","original","06",156,152,0.0121017710023403,0.0210502190587191,0.0167279108607167,154,"coffee maker original 06"
"coffee maker","original","06",160,156,0.0122710669192914,0.0211725804639177,0.0166929878425579,158,"coffee maker original 06"
"coffee maker","original","06",164,160,0.0119678880272601,0.0199184875010748,0.0161564411407514,162,"coffee maker original 06"
"coffee maker","original","06",168,164,0.0118838278899226,0.0201389444050512,0.0160436294940636,166,"coffee maker original 06"
"coffee maker","original","06",172,168,0.0115207539062572,0.020100626811334,0.0158578269715784,170,"coffee maker original 06"
"coffee maker","original","06",176,172,0.0105802340326261,0.0191344697511889,0.0150310350090949,174,"coffee maker original 06"
"coffee maker","original","06",180,176,0.00977992990604542,0.0186665992995723,0.0142119718599374,178,"coffee maker original 06"
"coffee maker","original","06",184,180,0.00994221846569594,0.0183999442344317,0.0141384408023456,182,"coffee maker original 06"
"coffee maker","original","06",188,184,0.00982147652708961,0.0187195603050348,0.014136608315977,186,"coffee maker original 06"
"coffee maker","original","06",192,188,0.0101810288275316,0.0184248448062349,0.0143235155273178,190,"coffee maker original 06"
"coffee maker","original","06",196,192,0.00932689482026934,0.0186528387634886,0.0140920156637875,194,"coffee maker original 06"
"coffee maker","original","06",200,196,0.00860429177210419,0.0172410352236306,0.0129362084389917,198,"coffee maker original 06"
"coffee maker","original","06",204,200,0.00820593660124852,0.0160240816310199,0.0120324956014439,202,"coffee maker original 06"
"coffee maker","original","06",208,204,0.00745256715394657,0.0147407605220965,0.011022148878171,206,"coffee maker original 06"
"coffee maker","original","06",212,208,0.00745559964917898,0.0151244483497848,0.0110708781037016,210,"coffee maker original 06"
"coffee maker","original","06",216,212,0.00697081239239519,0.0143663615908463,0.0104850858170282,214,"coffee maker original 06"
"coffee maker","original","06",220,216,0.00651322556448031,0.0145127069338009,0.010365078175834,218,"coffee maker original 06"
"coffee maker","original","06",224,220,0.00636197212739656,0.0140140495193299,0.0100043885216059,222,"coffee maker original 06"
"coffee maker","original","06",228,224,0.00607767573668158,0.0134997647990489,0.00972285339184416,226,"coffee maker original 06"
"coffee maker","original","06",232,228,0.00624988901200951,0.0134586165987603,0.00965294338352722,230,"coffee maker original 06"
"coffee maker","original","06",236,232,0.0067433968204825,0.0137303152082134,0.0103959434757813,234,"coffee maker original 06"
"coffee maker","original","06",240,236,0.00683937178446746,0.0137166365488513,0.0102088534298341,238,"coffee maker original 06"
"coffee maker","original","06",244,240,0.0057831897198139,0.012887822580566,0.00914317014046981,242,"coffee maker original 06"
"coffee maker","original","06",248,244,0.0056754663628799,0.0125974665039521,0.00901493382323406,246,"coffee maker original 06"
"coffee maker","original","06",252,248,0.00531088804331155,0.012651871978717,0.00876733859557565,250,"coffee maker original 06"
"coffee maker","original","06",256,252,0.00426847498078315,0.0115236937027397,0.00771061744597832,254,"coffee maker original 06"
"coffee maker","original","06",260,256,0.00364994350516994,0.0108276618385771,0.00698956723325607,258,"coffee maker original 06"
"coffee maker","original","06",264,260,0.00353188720160848,0.0108758342178265,0.00677024143260392,262,"coffee maker original 06"
"coffee maker","original","06",268,264,0.00344304643746028,0.0100299844696809,0.00628873538326897,266,"coffee maker original 06"
"coffee maker","original","06",272,268,0.00280062849709257,0.00985380273733181,0.00596527125550115,270,"coffee maker original 06"
"coffee maker","original","08",50,0,0.234399692152473,0.443672907076108,0.335232727453412,25,"coffee maker original 08"
"coffee maker","original","08",100,50,0.234592960084024,0.368685875295307,0.294057512290999,75,"coffee maker original 08"
"coffee maker","original","08",150,100,0.0824477234854593,0.206218644635968,0.154642050840337,125,"coffee maker original 08"
"coffee maker","original","08",200,150,0.0565445749648731,0.146212853110897,0.106044676818868,175,"coffee maker original 08"
"coffee maker","original","08",250,200,0.0215840840840841,0.106212615159733,0.0619152344312462,225,"coffee maker original 08"
"coffee maker","original","08",300,250,0.00713557594291539,0.0897744648318043,0.0481077981651376,275,"coffee maker original 08"
"laptop","original","03",560,0,0.104895140940387,0.215980317561238,0.157876277375595,280,"laptop original 03"
"laptop","original","03",1120,560,0.236781482811814,0.368940429715598,0.303170550695326,840,"laptop original 03"
"laptop","original","03",1680,1120,0.198057685124712,0.300844057420684,0.246116105221781,1400,"laptop original 03"
"laptop","original","03",2240,1680,0.0875179510744847,0.174552284501274,0.131801487629254,1960,"laptop original 03"
"laptop","original","03",2800,2240,0.0345512744175007,0.0893132164591824,0.0608506163380255,2520,"laptop original 03"
"laptop","original","03",3360,2800,0.0180319211492809,0.0643602995935354,0.0412768097581846,3080,"laptop original 03"
"laptop","original","03",3920,3360,0.0144529348215864,0.0462126180582459,0.0297313275835787,3640,"laptop original 03"
"laptop","original","03",4480,3920,0.00522422236170851,0.0264442612444811,0.0145850361642488,4200,"laptop original 03"
"laptop","original","03",5040,4480,0.00425803480394768,0.0188036691304351,0.0106315502836112,4760,"laptop original 03"
"laptop","original","03",5600,5000,0.00107681263460158,0.00738407207485825,0.00396023895039404,5300,"laptop original 03"
"laptop","original","04",560,0,0.104206121749436,0.210324420439187,0.157876277375595,280,"laptop original 04"
"laptop","original","04",1120,560,0.239140651682346,0.366167997060435,0.303170550695326,840,"laptop original 04"
"laptop","original","04",1680,1120,0.194783799425359,0.296095766150514,0.246116105221781,1400,"laptop original 04"
"laptop","original","04",2240,1680,0.0941779912187602,0.172160778645725,0.131801487629254,1960,"laptop original 04"
"laptop","original","04",2800,2240,0.0339350171518289,0.0913641820426259,0.0608506163380255,2520,"laptop original 04"
"laptop","original","04",3360,2800,0.0194826527031503,0.0662128269671428,0.0412768097581846,3080,"laptop original 04"
"laptop","original","04",3920,3360,0.0148882933904565,0.0454689512701031,0.0297313275835787,3640,"laptop original 04"
"laptop","original","04",4480,3920,0.004694971822116,0.0260854985245218,0.0145850361642488,4200,"laptop original 04"
"laptop","original","04",5040,4480,0.00443486839386378,0.0185198215450984,0.0106315502836112,4760,"laptop original 04"
"laptop","original","04",5600,5000,0.00105059311469498,0.00794702898214601,0.00396023895039404,5300,"laptop original 04"
"laptop","original","05",50,0,0.000278338320228237,0.00176649705350513,0.00103069214516566,25,"laptop original 05"
"laptop","original","05",100,50,0.000480082129246548,0.00161235271204537,0.00103788315892174,75,"laptop original 05"
"laptop","original","05",150,100,0.000360997021693533,0.00734140577049897,0.00287497199040535,125,"laptop original 05"
"laptop","original","05",200,150,0.00242131045871551,0.0108176151828824,0.00627550476799227,175,"laptop original 05"
"laptop","original","05",250,200,0.00710526449777754,0.0194147780038577,0.0125682421091038,225,"laptop original 05"
"laptop","original","05",300,250,0.0108824099612907,0.0345234550695836,0.0215486821006162,275,"laptop original 05"
"laptop","original","05",350,300,0.0180044158575984,0.0493150524065206,0.0318779764713338,325,"laptop original 05"
"laptop","original","05",400,350,0.0209567751677432,0.0468671043437897,0.033296514931056,375,"laptop original 05"
"laptop","original","05",450,400,0.0201012859677102,0.0473168310906917,0.0318547384278799,425,"laptop original 05"
"laptop","original","05",500,450,0.0198989302800207,0.0542208785374892,0.0370359906900339,475,"laptop original 05"
"laptop","original","05",550,500,0.0272458810300598,0.0606090371251343,0.0410860528432651,525,"laptop original 05"
"laptop","original","05",600,550,0.0315519364921502,0.0621387565132289,0.044972001560173,575,"laptop original 05"
"laptop","original","05",650,600,0.0332848787020231,0.0556901342294103,0.0441575032512687,625,"laptop original 05"
"laptop","original","05",700,650,0.0344431653049435,0.059273193047568,0.0464053329079051,675,"laptop original 05"
"laptop","original","05",750,700,0.0349049351230367,0.0517912479889007,0.0433462553562462,725,"laptop original 05"
"laptop","original","05",800,750,0.0341356915437105,0.0459422087262314,0.0402885483413469,775,"laptop original 05"
"laptop","original","05",850,800,0.0308969896848742,0.0423651555598705,0.0367267005738547,825,"laptop original 05"
"laptop","original","05",900,850,0.0217566562756023,0.0405201026129706,0.0319869408125574,875,"laptop original 05"
"laptop","original","05",950,900,0.0229468766943841,0.0441475053987025,0.0342872779444734,925,"laptop original 05"
"laptop","original","05",1000,950,0.0213754667480868,0.0463446105714123,0.034781643841705,975,"laptop original 05"
"laptop","original","05",1050,1000,0.0234892161438724,0.0388731347272177,0.0309341898506049,1025,"laptop original 05"
"laptop","original","05",1100,1050,0.0236241808176609,0.0381152783959269,0.0311356580145877,1075,"laptop original 05"
"laptop","original","05",1150,1100,0.0230748279994758,0.0371709248047491,0.0301223086691202,1125,"laptop original 05"
"laptop","original","05",1200,1150,0.0210487232383568,0.0348708234231334,0.0284444442064599,1175,"laptop original 05"
"laptop","original","05",1250,1200,0.0219416533035128,0.0335626865540443,0.0279733818413213,1225,"laptop original 05"
"laptop","original","05",1300,1250,0.019982786583708,0.0333217282589715,0.0270392215994332,1275,"laptop original 05"
"laptop","original","05",1350,1300,0.0189413013295836,0.0317096664860026,0.0257877711919927,1325,"laptop original 05"
"laptop","original","05",1400,1350,0.015202362140448,0.0290496331429924,0.0225335183709391,1375,"laptop original 05"
"laptop","original","05",1450,1400,0.0142664129018211,0.0290993934889072,0.0215448348137128,1425,"laptop original 05"
"laptop","original","05",1500,1450,0.0131807985039936,0.0265225731269953,0.0197805455156726,1475,"laptop original 05"
"laptop","original","05",1550,1500,0.00833126628345113,0.0280660618956942,0.0179765739955499,1525,"laptop original 05"
"laptop","original","05",1600,1550,0.00721603882671551,0.0251666917537326,0.0164677566664613,1575,"laptop original 05"
"laptop","original","05",1650,1600,0.00763066767792395,0.0256803499121695,0.0159725210986288,1625,"laptop original 05"
"laptop","original","05",1700,1650,0.008928507207088,0.0261885669157567,0.017524525362132,1675,"laptop original 05"
"laptop","original","05",1750,1700,0.00843929054843094,0.0345328577464559,0.0210220953322998,1725,"laptop original 05"
"laptop","original","05",1800,1750,0.00788888575817296,0.0417630566252776,0.0233448626313157,1775,"laptop original 05"
"laptop","original","05",1850,1800,0.00609427166722521,0.033084141693884,0.0181996303150487,1825,"laptop original 05"
"laptop","original","05",1900,1850,0.00168352724911001,0.0205479255889801,0.0113449430857401,1875,"laptop original 05"
"laptop","original","05",1950,1900,0.00173477540423688,0.0178888802224691,0.00876790499102869,1925,"laptop original 05"
"laptop","original","05",2000,1950,0.0011526406255741,0.0139005442276221,0.00664385822264661,1975,"laptop original 05"
"laptop","original","06",50,0,0.000591202277037408,0.0185140855211875,0.00675137445443681,25,"laptop original 06"
"laptop","original","06",100,50,0.000729688920025571,0.0105290914971293,0.00411166364365969,75,"laptop original 06"
"laptop","original","06",150,100,0.000920761931050014,0.0177516271059967,0.00679345617211202,125,"laptop original 06"
"laptop","original","06",200,150,0.00141989705004312,0.0202560292609822,0.0080688279785711,175,"laptop original 06"
"laptop","original","06",250,200,0.00140075400315702,0.0113234667941663,0.00520084278176573,225,"laptop original 06"
"laptop","original","06",300,250,0.00170171587941405,0.0101855881400092,0.00529754274472771,275,"laptop original 06"
"laptop","original","06",350,300,0.00197061153456326,0.00732401851100039,0.00441847499044135,325,"laptop original 06"
"laptop","original","06",400,350,0.00228766702837481,0.00917009101755671,0.0054056106168738,375,"laptop original 06"
"laptop","original","06",450,400,0.00367406060392184,0.0124306309621754,0.0077790672892581,425,"laptop original 06"
"laptop","original","06",500,450,0.00531583207440435,0.016797203696037,0.0107797245005713,475,"laptop original 06"
"laptop","original","06",550,500,0.00794301445802317,0.019739688132209,0.0133503357673027,525,"laptop original 06"
"laptop","original","06",600,550,0.00910062754405591,0.0223683114027158,0.0152633928464478,575,"laptop original 06"
"laptop","original","06",650,600,0.00968983162965437,0.0233970244619096,0.0162375616634999,625,"laptop original 06"
"laptop","original","06",700,650,0.0114164667592397,0.0254690643036027,0.0181410601138894,675,"laptop original 06"
"laptop","original","06",750,700,0.0114405637887649,0.026281662334306,0.0185260268656322,725,"laptop original 06"
"laptop","original","06",800,750,0.0121500387478401,0.0268184020297044,0.0195261263310995,775,"laptop original 06"
"laptop","original","06",850,800,0.0130796147020247,0.0288689360405958,0.0208711283147209,825,"laptop original 06"
"laptop","original","06",900,850,0.014566126137857,0.0293624658787687,0.0218055403899907,875,"laptop original 06"
"laptop","original","06",950,900,0.0164462261616491,0.0307539009163224,0.0232905736346125,925,"laptop original 06"
"laptop","original","06",1000,950,0.0179138982156966,0.0319288219084228,0.0245097784117009,975,"laptop original 06"
"laptop","original","06",1050,1000,0.0200639287343691,0.0322789897775117,0.0261201098948025,1025,"laptop original 06"
"laptop","original","06",1100,1050,0.0220919063368001,0.0322764444600514,0.0273021251839375,1075,"laptop original 06"
"laptop","original","06",1150,1100,0.0205397563499798,0.0303704966437912,0.0255645727676666,1125,"laptop original 06"
"laptop","original","06",1200,1150,0.0224073325043057,0.0310431605089541,0.0266702414541236,1175,"laptop original 06"
"laptop","original","06",1250,1200,0.0219408626758232,0.0302921969716955,0.0262680810595092,1225,"laptop original 06"
"laptop","original","06",1300,1250,0.0223199007434044,0.0308817772375462,0.026731253193191,1275,"laptop original 06"
"laptop","original","06",1350,1300,0.0209681755442399,0.0304065084154789,0.0257587117554692,1325,"laptop original 06"
"laptop","original","06",1400,1350,0.0212705310841125,0.030309772988488,0.0258967783296038,1375,"laptop original 06"
"laptop","original","06",1450,1400,0.0209544733740219,0.0299850968547256,0.0254600436177888,1425,"laptop original 06"
"laptop","original","06",1500,1450,0.0220479558574368,0.0315488350838441,0.0267979523988656,1475,"laptop original 06"
"laptop","original","06",1550,1500,0.0240928035742462,0.0324997606160337,0.0283741029898289,1525,"laptop original 06"
"laptop","original","06",1600,1550,0.0230824525317237,0.0332624144653241,0.0282400452204552,1575,"laptop original 06"
"laptop","original","06",1650,1600,0.0245693141769101,0.0343590767719891,0.0293815422965442,1625,"laptop original 06"
"laptop","original","06",1700,1650,0.0244449186678269,0.0339220431680638,0.0292348096282339,1675,"laptop original 06"
"laptop","original","06",1750,1700,0.0217112502263009,0.032956762857277,0.0273077610663402,1725,"laptop original 06"
"laptop","original","06",1800,1750,0.0227187400731662,0.0320699200942201,0.0276504442604547,1775,"laptop original 06"
"laptop","original","06",1850,1800,0.0215370903506378,0.0316148077442496,0.0268331338235787,1825,"laptop original 06"
"laptop","original","06",1900,1850,0.0189762010249622,0.0300978161304993,0.0249117388972005,1875,"laptop original 06"
"laptop","original","06",1950,1900,0.0192868323725315,0.0304955899942536,0.0250915131226039,1925,"laptop original 06"
"laptop","original","06",2000,1950,0.0187311078378848,0.030262402705817,0.0247370698891253,1975,"laptop original 06"
"laptop","original","06",2050,2000,0.0176307109669713,0.0310482212556448,0.02440014259393,2025,"laptop original 06"
"laptop","original","06",2100,2050,0.0149011365439535,0.0289260136319141,0.021955157837528,2075,"laptop original 06"
"laptop","original","06",2150,2100,0.0144289540846785,0.0284993589174787,0.0215417424280825,2125,"laptop original 06"
"laptop","original","06",2200,2150,0.0151627605157563,0.0288703337290109,0.0215479302299173,2175,"laptop original 06"
"laptop","original","06",2250,2200,0.0136984550008481,0.0276209220815896,0.0208857698910353,2225,"laptop original 06"
"laptop","original","06",2300,2250,0.0143049478322403,0.0287753289071562,0.0213368242913787,2275,"laptop original 06"
"laptop","original","06",2350,2300,0.013295517779162,0.0282889185503071,0.0206691444750449,2325,"laptop original 06"
"laptop","original","06",2400,2350,0.011895951830115,0.0271978030394808,0.0195635588931782,2375,"laptop original 06"
"laptop","original","06",2450,2400,0.0123229867650972,0.0272012548889868,0.019222178815377,2425,"laptop original 06"
"laptop","original","06",2500,2450,0.0109801424732804,0.0262380769120167,0.0184174101838908,2475,"laptop original 06"
"laptop","original","08",500,0,0.146564199015435,0.243259750559414,0.196116087354328,250,"laptop original 08"
"laptop","original","08",1000,500,0.230704998417214,0.276054551010254,0.254392542079421,750,"laptop original 08"
"laptop","original","08",1500,1000,0.22796277501442,0.280203978434095,0.252634389907171,1250,"laptop original 08"
"laptop","original","08",2000,1500,0.166185199459218,0.250301190114242,0.20467136475697,1750,"laptop original 08"
"laptop","original","08",2500,2000,0.0268893932864521,0.0892609103600946,0.0575441304080205,2250,"laptop original 08"
"laptop","original","08",3000,2500,0.0098116169544741,0.0622789261690078,0.0346414854940893,2750,"laptop original 08"
"watch","original","03",60,0,0.10585832076255,0.193920156652207,0.148687928777672,30,"watch original 03"
"watch","original","03",120,60,0.147367840764421,0.200448065060192,0.172338842016957,90,"watch original 03"
"watch","original","03",180,120,0.143112971692278,0.195859385355933,0.166828914102766,150,"watch original 03"
"watch","original","03",240,180,0.126050738010039,0.173207875321491,0.145404445338222,210,"watch original 03"
"watch","original","03",300,240,0.0935128167612366,0.127017009699689,0.110905160820357,270,"watch original 03"
"watch","original","03",360,300,0.0633904553895731,0.095160633330956,0.0799120074731767,330,"watch original 03"
"watch","original","03",420,360,0.0440494097702979,0.0817642538463443,0.0641821886875269,390,"watch original 03"
"watch","original","03",480,420,0.0289058312752639,0.0598718905623071,0.0449700482043086,450,"watch original 03"
"watch","original","03",540,480,0.0235019348777861,0.0523081898757658,0.037222467192371,510,"watch original 03"
"watch","original","03",600,500,0.0133399302603649,0.0473377161539256,0.0295479973866442,550,"watch original 03"
"watch","original","04",60,0,0.107090826736965,0.191477565948317,0.148687928777672,30,"watch original 04"
"watch","original","04",120,60,0.146720754266946,0.200522772076456,0.172338842016957,90,"watch original 04"
"watch","original","04",180,120,0.142042790355834,0.194138899974272,0.166828914102766,150,"watch original 04"
"watch","original","04",240,180,0.125873901134932,0.173001809861709,0.145404445338222,210,"watch original 04"
"watch","original","04",300,240,0.0917443416804352,0.125918034349683,0.110905160820357,270,"watch original 04"
"watch","original","04",360,300,0.0620528936602822,0.0962707854529679,0.0799120074731767,330,"watch original 04"
"watch","original","04",420,360,0.0462445721869163,0.0817142119861906,0.0641821886875269,390,"watch original 04"
"watch","original","04",480,420,0.0303681526978061,0.0620625873763357,0.0449700482043086,450,"watch original 04"
"watch","original","04",540,480,0.0220637604263425,0.0517326182582461,0.037222467192371,510,"watch original 04"
"watch","original","04",600,500,0.0138166864013959,0.0476709230755908,0.0295479973866442,550,"watch original 04"
"watch","original","05",3,0,0.000368465924761238,0.00190463851279756,0.00110508569970254,1.5,"watch original 05"
"watch","original","05",6,3,0.000600641635594136,0.00254011498497623,0.00156675862050435,4.5,"watch original 05"
"watch","original","05",9,6,0.000884169292611119,0.00452103752203178,0.00261863926766972,7.5,"watch original 05"
"watch","original","05",12,9,0.00356265975866741,0.0350804409026399,0.0154523688196217,10.5,"watch original 05"
"watch","original","05",15,12,0.00760327238888848,0.0342343283724124,0.0181931192325556,13.5,"watch original 05"
"watch","original","05",18,15,0.00782837121146253,0.0227757512913196,0.0150241614992222,16.5,"watch original 05"
"watch","original","05",21,18,0.0112829415924714,0.023337919782685,0.0170521449295171,19.5,"watch original 05"
"watch","original","05",24,21,0.0128409893845287,0.0257779986381433,0.0196233265412805,22.5,"watch original 05"
"watch","original","05",27,24,0.0137278670910204,0.0270337250506741,0.020772839346732,25.5,"watch original 05"
"watch","original","05",30,27,0.0155051650351521,0.0327055101347181,0.0240111884653868,28.5,"watch original 05"
"watch","original","05",33,30,0.0146962292516907,0.0289232997232664,0.0215427912873165,31.5,"watch original 05"
"watch","original","05",36,33,0.0150067637174655,0.0316387465944584,0.023469286417433,34.5,"watch original 05"
"watch","original","05",39,36,0.0161324032703138,0.03391346742946,0.0246044863054554,37.5,"watch original 05"
"watch","original","05",42,39,0.0166589492607991,0.0353725024151883,0.0257784793548218,40.5,"watch original 05"
"watch","original","05",45,42,0.0228458447491418,0.0363255737562145,0.0290225472186145,43.5,"watch original 05"
"watch","original","05",48,45,0.0273721573212521,0.0455922614124289,0.0358145069551462,46.5,"watch original 05"
"watch","original","05",51,48,0.0293236248989035,0.0570115260621043,0.0400422886481225,49.5,"watch original 05"
"watch","original","05",54,51,0.0302475489122347,0.0455050493768054,0.0374941829097775,52.5,"watch original 05"
"watch","original","05",57,54,0.0287208125171717,0.0378310204455684,0.0333977780447596,55.5,"watch original 05"
"watch","original","05",60,57,0.0224256904007537,0.036653771819153,0.0302175845262534,58.5,"watch original 05"
"watch","original","05",63,60,0.0233121639693831,0.0360366058224623,0.0303574204574988,61.5,"watch original 05"
"watch","original","05",66,63,0.0235105961887707,0.0363060091703734,0.0308076997937748,64.5,"watch original 05"
"watch","original","05",69,66,0.0235332783277988,0.0358779039235778,0.0306984833295711,67.5,"watch original 05"
"watch","original","05",72,69,0.0230080197654146,0.0348592542538412,0.029994597356457,70.5,"watch original 05"
"watch","original","05",75,72,0.0240611191678156,0.0347010694048353,0.0302782248561304,73.5,"watch original 05"
"watch","original","05",78,75,0.0223171196519829,0.0343637222277631,0.0291993710286276,76.5,"watch original 05"
"watch","original","05",81,78,0.0230775265903176,0.0339208933932646,0.0288629533097773,79.5,"watch original 05"
"watch","original","05",84,81,0.0216795888760473,0.0335182774796868,0.0284312252165472,82.5,"watch original 05"
"watch","original","05",87,84,0.021294226788828,0.034265567260961,0.0284324789102701,85.5,"watch original 05"
"watch","original","05",90,87,0.0212540196831776,0.0338473714929239,0.0280531105523146,88.5,"watch original 05"
"watch","original","05",93,90,0.0202799699204515,0.0342847020969871,0.0277878800345909,91.5,"watch original 05"
"watch","original","05",96,93,0.0191280895875142,0.0333432028704666,0.0267237709188934,94.5,"watch original 05"
"watch","original","05",99,96,0.0164320500194526,0.0321940279437681,0.0247808834562935,97.5,"watch original 05"
"watch","original","05",102,99,0.0152221542785682,0.034946589419664,0.0250129597148011,100.5,"watch original 05"
"watch","original","05",105,102,0.0163353048460318,0.034463080950324,0.0250307461944686,103.5,"watch original 05"
"watch","original","05",108,105,0.0171270110486955,0.0339334982218609,0.0255254658376404,106.5,"watch original 05"
"watch","original","05",111,108,0.0168155076349286,0.0331359411313159,0.0250042237387715,109.5,"watch original 05"
"watch","original","05",114,111,0.0159418042460641,0.0372416033288277,0.0262355810648139,112.5,"watch original 05"
"watch","original","05",117,114,0.0165122110458792,0.0424928995536431,0.0285596972823719,115.5,"watch original 05"
"watch","original","05",120,117,0.0164459089452796,0.0524825362281955,0.0334196628564929,118.5,"watch original 05"
"watch","original","06",50,0,0.0082340228363265,0.0302019115508592,0.0184246502404518,25,"watch original 06"
"watch","original","06",100,50,0.0115836089673029,0.0375272504936124,0.023415736075811,75,"watch original 06"
"watch","original","06",150,100,0.0157509733567692,0.041039636974673,0.0273237033169146,125,"watch original 06"
"watch","original","06",200,150,0.0183356472808453,0.0448146007503147,0.0310946732246469,175,"watch original 06"
"watch","original","06",250,200,0.0206291298221649,0.0501264541664085,0.0345474132687203,225,"watch original 06"
"watch","original","06",300,250,0.0207698376109161,0.0598851415659568,0.0373699965588877,275,"watch original 06"
"watch","original","06",350,300,0.0215453811227843,0.0627382928217557,0.039131231368478,325,"watch original 06"
"watch","original","06",400,350,0.0159274380807882,0.0355476772121752,0.0258861732963993,375,"watch original 06"
"watch","original","06",450,400,0.016602476184912,0.0333051662414487,0.0247167317869065,425,"watch original 06"
"watch","original","06",500,450,0.0174768678371019,0.0327110354352521,0.0252654436173309,475,"watch original 06"
"watch","original","06",550,500,0.0184015206354034,0.0301428031595453,0.0241967154887542,525,"watch original 06"
"watch","original","06",600,550,0.0181450176449139,0.028335060949219,0.0231237574955616,575,"watch original 06"
"watch","original","06",650,600,0.0183136580125928,0.0278269323574732,0.0229822681615877,625,"watch original 06"
"watch","original","06",700,650,0.0179719759358574,0.0262830668920292,0.0223925550579795,675,"watch original 06"
"watch","original","06",750,700,0.0176243144156951,0.0268154984412169,0.022256672563935,725,"watch original 06"
"watch","original","06",800,750,0.0173449715546864,0.0261733443316169,0.0217962114505755,775,"watch original 06"
"watch","original","06",850,800,0.0168088071366654,0.0269579284853893,0.0218186467622979,825,"watch original 06"
"watch","original","06",900,850,0.0161526055276894,0.026697393766065,0.0212393255292482,875,"watch original 06"
"watch","original","06",950,900,0.0163970418205486,0.0266487985411324,0.0213878748906356,925,"watch original 06"
"watch","original","06",1000,950,0.0165422625014572,0.0269509942279981,0.0214722740005246,975,"watch original 06"
"watch","original","06",1050,1000,0.0162341087904699,0.0261398622750751,0.0209578550265398,1025,"watch original 06"
"watch","original","06",1100,1050,0.0155241017040307,0.0257104568699749,0.0204805719357987,1075,"watch original 06"
"watch","original","06",1150,1100,0.0152560447341621,0.0257055311867078,0.0201476535719627,1125,"watch original 06"
"watch","original","06",1200,1150,0.0154636134146529,0.0253985356928438,0.0201539517740159,1175,"watch original 06"
"watch","original","06",1250,1200,0.0146535212298867,0.0243639216921796,0.0192286526157512,1225,"watch original 06"
"watch","original","06",1300,1250,0.0142604329942073,0.0237111185976096,0.0187932691520359,1275,"watch original 06"
"watch","original","06",1350,1300,0.0137894441797965,0.0223322000678433,0.0179221236989346,1325,"watch original 06"
"watch","original","06",1400,1350,0.0136762679358614,0.0225242980192354,0.0176991977851998,1375,"watch original 06"
"watch","original","06",1450,1400,0.012869778899277,0.0217283145889206,0.0171380282452681,1425,"watch original 06"
"watch","original","06",1500,1450,0.0127344483090214,0.021817659499559,0.0170884779386036,1475,"watch original 06"
"watch","original","06",1550,1500,0.0118121233903518,0.0209826498649916,0.0160674767220656,1525,"watch original 06"
"watch","original","06",1600,1550,0.0111738369684168,0.0214078446620463,0.0159940740707193,1575,"watch original 06"
"watch","original","06",1650,1600,0.0104424887185338,0.0187910323008,0.0143874742823261,1625,"watch original 06"
"watch","original","06",1700,1650,0.00994062556261092,0.0177338941934788,0.0138751349481498,1675,"watch original 06"
"watch","original","06",1750,1700,0.00944311811585949,0.017251685228067,0.0132980198500863,1725,"watch original 06"
"watch","original","06",1800,1750,0.00906789155258706,0.0161249408176207,0.0127431029745746,1775,"watch original 06"
"watch","original","06",1850,1800,0.00817451816398947,0.0150478090852753,0.011729419651926,1825,"watch original 06"
"watch","original","06",1900,1850,0.00785612349196777,0.0148426177481531,0.011217953954321,1875,"watch original 06"
"watch","original","06",1950,1900,0.00749661723462375,0.0145229669983592,0.01111022109985,1925,"watch original 06"
"watch","original","06",2000,1950,0.0069057774318668,0.0139874222661493,0.0104826271684081,1975,"watch original 06"
"watch","original","06",2050,2000,0.00738975869489225,0.0151012952850879,0.0113109524280604,2025,"watch original 06"
"watch","original","06",2100,2050,0.00714345602140588,0.0148810643278373,0.0108947060401518,2075,"watch original 06"
"watch","original","06",2150,2100,0.00658411177183883,0.0139226840627677,0.00999444881358246,2125,"watch original 06"
"watch","original","06",2200,2150,0.00608874540746574,0.0138528305976329,0.0099500436158037,2175,"watch original 06"
"watch","original","06",2250,2200,0.00604511038176377,0.0132145592384151,0.00962513131351397,2225,"watch original 06"
"watch","original","06",2300,2250,0.00621377404612463,0.0133934508611135,0.00961831061320388,2275,"watch original 06"
"watch","original","06",2350,2300,0.0063730496170417,0.0132926547671551,0.00975007730078031,2325,"watch original 06"
"watch","original","06",2400,2350,0.0063268503362808,0.0134068653198705,0.00972595680766014,2375,"watch original 06"
"watch","original","06",2450,2400,0.00653433035724557,0.0135760990675981,0.00965363580251749,2425,"watch original 06"
"watch","original","06",2500,2450,0.00634211500388561,0.0133858782815899,0.00952575676395356,2475,"watch original 06"
"watch","original","06",2550,2500,0.00445021130759576,0.0122645140067916,0.007762706313546,2525,"watch original 06"
"watch","original","06",2600,2550,0.00376346789020017,0.0104022314161285,0.00714346980117882,2575,"watch original 06"
"watch","original","06",2650,2600,0.00406754517190337,0.0106114166259283,0.00713012305668096,2625,"watch original 06"
"watch","original","06",2700,2650,0.00393280514709994,0.0104249121456865,0.00693663001573202,2675,"watch original 06"
"watch","original","06",2750,2700,0.00384863113702317,0.0102782111077619,0.00679213708702814,2725,"watch original 06"
"watch","original","06",2800,2750,0.00372787380915018,0.010362535088487,0.00685468958882774,2775,"watch original 06"
"watch","original","06",2850,2800,0.00406192240329674,0.0100921990025725,0.00695406730158863,2825,"watch original 06"
"watch","original","06",2900,2850,0.00388292392512453,0.0101677681853931,0.00691874365305982,2875,"watch original 06"
"watch","original","06",2950,2900,0.00362739876700684,0.0100057421034736,0.00650997527086916,2925,"watch original 06"
"watch","original","06",3000,2950,0.00345729861898922,0.00984138860955196,0.00659109779007705,2975,"watch original 06"
"watch","original","08",300,0,0.231558728264844,0.302231090864419,0.267282863485236,150,"watch original 08"
"watch","original","08",600,300,0.182390967603589,0.256358120968511,0.215957312690842,450,"watch original 08"
"watch","original","08",900,600,0.118397317592911,0.170681988475605,0.144915267292439,750,"watch original 08"
"watch","original","08",1200,900,0.0873750241538438,0.122665871411688,0.103589357283071,1050,"watch original 08"
"watch","original","08",1500,1200,0.0656993265611853,0.0949711080444268,0.079585039247821,1350,"watch original 08"
"watch","original","08",1800,1500,0.0397227534522548,0.0810291053391624,0.0649149481032044,1650,"watch original 08"
"watch","original","08",2100,1800,0.0162665105081658,0.0589376059924428,0.0379103264436325,1950,"watch original 08"
"watch","original","08",2400,2100,0.0120111913592296,0.0486349729769487,0.0305673352043749,2250,"watch original 08"
"watch","original","08",2700,2400,0.00856138981065782,0.0422496517249466,0.0259562348620618,2550,"watch original 08"
"watch","original","08",3000,2700,0.00283687943262411,0.0595119588904732,0.0293213153873175,2850,"watch original 08"
"headphones","original","03",30,0,0.122540183139448,0.192077962304462,0.15688446099822,15,"headphones original 03"
"headphones","original","03",60,30,0.134785734463337,0.212535604987165,0.17163367958622,45,"headphones original 03"
"headphones","original","03",90,60,0.146184270070767,0.191924333830634,0.168874808482522,75,"headphones original 03"
"headphones","original","03",120,90,0.129182448946273,0.170996622264307,0.149966391715427,105,"headphones original 03"
"headphones","original","03",150,120,0.105069193106611,0.166438770181219,0.132213750316103,135,"headphones original 03"
"headphones","original","03",180,150,0.0545839201189219,0.0866256618049742,0.0721217644355902,165,"headphones original 03"
"headphones","original","03",210,180,0.0330186208577826,0.0690048663099346,0.0501725438818946,195,"headphones original 03"
"headphones","original","03",240,210,0.026047115853747,0.0605372224818381,0.0429292283676316,225,"headphones original 03"
"headphones","original","03",270,240,0.019793711994396,0.0494871348198996,0.033618381946381,255,"headphones original 03"
"headphones","original","03",300,300,0.00953438196940436,0.0346566411419732,0.0215849902700122,300,"headphones original 03"
"headphones","original","04",30,0,0.122649803553642,0.191245934658974,0.15688446099822,15,"headphones original 04"
"headphones","original","04",60,30,0.137579724769315,0.210264509716014,0.17163367958622,45,"headphones original 04"
"headphones","original","04",90,60,0.148513349034472,0.189735235551855,0.168874808482522,75,"headphones original 04"
"headphones","original","04",120,90,0.128525927869423,0.170793114726194,0.149966391715427,105,"headphones original 04"
"headphones","original","04",150,120,0.106087890884252,0.165624361418968,0.132213750316103,135,"headphones original 04"
"headphones","original","04",180,150,0.0564504021859094,0.0864537069977073,0.0721217644355902,165,"headphones original 04"
"headphones","original","04",210,180,0.032716136279857,0.0668748344044769,0.0501725438818946,195,"headphones original 04"
"headphones","original","04",240,210,0.0264769500654361,0.0598746621760489,0.0429292283676316,225,"headphones original 04"
"headphones","original","04",270,240,0.0182009371649536,0.0498366985857131,0.033618381946381,255,"headphones original 04"
"headphones","original","04",300,300,0.00957392435513998,0.0354463238697546,0.0215849902700122,300,"headphones original 04"
"headphones","original","05",6,0,0.00313622539895169,0.0211466639824162,0.0113314165639867,3,"headphones original 05"
"headphones","original","05",12,6,0.00998336685393272,0.0345453317293412,0.0219069747893522,9,"headphones original 05"
"headphones","original","05",18,12,0.0111998793233504,0.0429238730197642,0.0260012229468211,15,"headphones original 05"
"headphones","original","05",24,18,0.0240227205284642,0.0552719779618714,0.0399522699983396,21,"headphones original 05"
"headphones","original","05",30,24,0.0312866726596122,0.0623353250342255,0.0463887842215909,27,"headphones original 05"
"headphones","original","05",36,30,0.0311820545620637,0.0661367979400011,0.0477748984383423,33,"headphones original 05"
"headphones","original","05",42,36,0.0345160977528178,0.0692712006759452,0.0509110107848786,39,"headphones original 05"
"headphones","original","05",48,42,0.0368064396276509,0.0700085573530123,0.0530465750789334,45,"headphones original 05"
"headphones","original","05",54,48,0.0342463838707609,0.0652989112716254,0.0486460426565329,51,"headphones original 05"
"headphones","original","05",60,54,0.0342303088966555,0.0585572789223284,0.045923940140294,57,"headphones original 05"
"headphones","original","05",66,60,0.0318665663205503,0.0535767894676167,0.0431214687991631,63,"headphones original 05"
"headphones","original","05",72,66,0.0323829397967363,0.051233010970346,0.0420690079619127,69,"headphones original 05"
"headphones","original","05",78,72,0.0314959021297304,0.0499804721632146,0.0401356492840582,75,"headphones original 05"
"headphones","original","05",84,78,0.0278503024890765,0.0382972190472831,0.0330910509510352,81,"headphones original 05"
"headphones","original","05",90,84,0.0275053670464214,0.036720172996147,0.0319179694403647,87,"headphones original 05"
"headphones","original","05",96,90,0.0265153499237348,0.036024805103968,0.0308860043798184,93,"headphones original 05"
"headphones","original","05",102,96,0.0221711475558504,0.0311234123723998,0.0267486412127281,99,"headphones original 05"
"headphones","original","05",108,102,0.01310683162722,0.0252605368536426,0.0197662880460354,105,"headphones original 05"
"headphones","original","05",114,108,0.0124652427591755,0.0229749149674364,0.0187288254485652,111,"headphones original 05"
"headphones","original","05",120,114,0.0119514452377362,0.0218398563071203,0.0176227028743177,117,"headphones original 05"
"headphones","original","05",126,120,0.0140261878056828,0.0261278578614375,0.0208472397662313,123,"headphones original 05"
"headphones","original","05",132,126,0.0134747099955234,0.0247807426258348,0.0198589563090602,129,"headphones original 05"
"headphones","original","05",138,132,0.0138945087021249,0.0239462938546808,0.0193354784838575,135,"headphones original 05"
"headphones","original","05",144,138,0.0128544182015603,0.0241323851668754,0.0190892369915747,141,"headphones original 05"
"headphones","original","05",150,144,0.00986245796847913,0.0239156397153455,0.0171277849873341,147,"headphones original 05"
"headphones","original","05",156,150,0.00958236751596492,0.0251022018088298,0.0173083324034421,153,"headphones original 05"
"headphones","original","05",162,156,0.00825775513322278,0.0231961821029103,0.0156556392724452,159,"headphones original 05"
"headphones","original","05",168,162,0.00816012981278224,0.0231561902278275,0.0153391968980121,165,"headphones original 05"
"headphones","original","05",174,168,0.00801212848138783,0.0223006420970332,0.0150014818593314,171,"headphones original 05"
"headphones","original","05",180,174,0.00767675702314619,0.0225612686145457,0.0143984857298136,177,"headphones original 05"
"headphones","original","05",186,180,0.00754588027777341,0.0243909960789382,0.0153827344066331,183,"headphones original 05"
"headphones","original","05",192,186,0.00719069912769346,0.0234168083827505,0.0144734427962085,189,"headphones original 05"
"headphones","original","05",198,192,0.00631515196537002,0.0227781024570694,0.0141736274635199,195,"headphones original 05"
"headphones","original","05",204,198,0.00644941517090922,0.0248509844953453,0.0155787905040466,201,"headphones original 05"
"headphones","original","05",210,204,0.00693627449696795,0.0243109594727346,0.0154363142829982,207,"headphones original 05"
"headphones","original","05",216,210,0.00593704794620814,0.0212987079700799,0.0127817009002128,213,"headphones original 05"
"headphones","original","05",222,216,0.00547922493247509,0.0205000903609064,0.0120342842373253,219,"headphones original 05"
"headphones","original","05",228,222,0.00433736440367432,0.0196255833706891,0.0109845126170942,225,"headphones original 05"
"headphones","original","05",234,228,0.00291819288107749,0.0183963762144109,0.00976421718501079,231,"headphones original 05"
"headphones","original","05",240,234,0.00301134821274633,0.0174164773265192,0.00945779888877796,237,"headphones original 05"
"headphones","original","06",6,0,0.00228496036072769,0.0168586265377643,0.00764888501432685,3,"headphones original 06"
"headphones","original","06",12,6,0.00362473829450001,0.0170320429119163,0.00918084324813864,9,"headphones original 06"
"headphones","original","06",18,12,0.0055396675817699,0.0187268225805386,0.0115000928629248,15,"headphones original 06"
"headphones","original","06",24,18,0.00779492775031077,0.021910600011158,0.0142937874444214,21,"headphones original 06"
"headphones","original","06",30,24,0.00932055703735092,0.0300251711402609,0.0190388872533304,27,"headphones original 06"
"headphones","original","06",36,30,0.00959072013314392,0.0320523742972415,0.0190105367259447,33,"headphones original 06"
"headphones","original","06",42,36,0.0102830136803112,0.0309702102382871,0.0192836916986305,39,"headphones original 06"
"headphones","original","06",48,42,0.00976541513242135,0.0279512808616911,0.0181546096330384,45,"headphones original 06"
"headphones","original","06",54,48,0.0124019742249637,0.0299523686908742,0.0203897241615867,51,"headphones original 06"
"headphones","original","06",60,54,0.0126314742307171,0.0328897688466967,0.0210696505438515,57,"headphones original 06"
"headphones","original","06",66,60,0.0139183835993657,0.0307404371907353,0.0218120110900015,63,"headphones original 06"
"headphones","original","06",72,66,0.0151554649797694,0.0308551777697564,0.0225578991600033,69,"headphones original 06"
"headphones","original","06",78,72,0.015741641377726,0.0310187517964508,0.0227159491216868,75,"headphones original 06"
"headphones","original","06",84,78,0.0152353205452419,0.0276637907431802,0.0212601662216632,81,"headphones original 06"
"headphones","original","06",90,84,0.0148007383375424,0.0258431910884299,0.0201818246923698,87,"headphones original 06"
"headphones","original","06",96,90,0.0158816454513188,0.0284119767446811,0.0217536462184434,93,"headphones original 06"
"headphones","original","06",102,96,0.0166270148484596,0.02983944213016,0.0220673700712024,99,"headphones original 06"
"headphones","original","06",108,102,0.0171162267306415,0.0295859781772831,0.0229692265164015,105,"headphones original 06"
"headphones","original","06",114,108,0.017921876682931,0.0312116269266734,0.0236717347153328,111,"headphones original 06"
"headphones","original","06",120,114,0.0195272836912585,0.0325759634478393,0.0253735263012512,117,"headphones original 06"
"headphones","original","06",126,120,0.0194836260917603,0.0311199173681427,0.0252320112808197,123,"headphones original 06"
"headphones","original","06",132,126,0.0196103238450634,0.0304405360841204,0.0247432776175736,129,"headphones original 06"
"headphones","original","06",138,132,0.0180718939773676,0.0274168107742437,0.0226163232075154,135,"headphones original 06"
"headphones","original","06",144,138,0.0186069301117292,0.0280072904348142,0.0230887918635803,141,"headphones original 06"
"headphones","original","06",150,144,0.0188651885316346,0.0282262955135131,0.023263056196865,147,"headphones original 06"
"headphones","original","06",156,150,0.0184065773917528,0.0280154957016885,0.0231624738216696,153,"headphones original 06"
"headphones","original","06",162,156,0.0179799848450709,0.0272661960552922,0.0225017210339539,159,"headphones original 06"
"headphones","original","06",168,162,0.0178863310776295,0.0267538259828305,0.0223679384523492,165,"headphones original 06"
"headphones","original","06",174,168,0.0164336693854736,0.0259050553052583,0.0211189374859626,171,"headphones original 06"
"headphones","original","06",180,174,0.015895344186644,0.0253834009525291,0.020709667839156,177,"headphones original 06"
"headphones","original","06",186,180,0.0163638997289456,0.024262314671674,0.0203027830539378,183,"headphones original 06"
"headphones","original","06",192,186,0.0169153088890606,0.0245435469829339,0.020601382523665,189,"headphones original 06"
"headphones","original","06",198,192,0.0164656482145955,0.0244130770294417,0.0204247369533011,195,"headphones original 06"
"headphones","original","06",204,198,0.0142488789490069,0.0230024778337986,0.018705349973246,201,"headphones original 06"
"headphones","original","06",210,204,0.0142736212955253,0.0232219876776834,0.0185751601999819,207,"headphones original 06"
"headphones","original","06",216,210,0.0141095849239417,0.0231114950593493,0.0183228469956223,213,"headphones original 06"
"headphones","original","06",222,216,0.0135546541517651,0.0218178282582725,0.0176035273453869,219,"headphones original 06"
"headphones","original","06",228,222,0.0135039365163006,0.0220000875353478,0.017878715300727,225,"headphones original 06"
"headphones","original","06",234,228,0.0138634739365287,0.0217181562526485,0.0178269814804237,231,"headphones original 06"
"headphones","original","06",240,234,0.0138354511084111,0.0219367278552227,0.0179365840412644,237,"headphones original 06"
"headphones","original","06",246,240,0.0137611366491888,0.0228423556025786,0.0183688948675152,243,"headphones original 06"
"headphones","original","06",252,246,0.0136045302033644,0.0232857266178572,0.0185344292618602,249,"headphones original 06"
"headphones","original","06",258,252,0.0128770653010544,0.021860737170426,0.0173624137443664,255,"headphones original 06"
"headphones","original","06",264,258,0.0116419256423816,0.0205959080038543,0.0162394519463408,261,"headphones original 06"
"headphones","original","06",270,264,0.0108685105432399,0.0193108455481264,0.0150507775009897,267,"headphones original 06"
"headphones","original","06",276,270,0.0097115372862803,0.0176392182642706,0.0136647055297896,273,"headphones original 06"
"headphones","original","06",282,276,0.0095607933112071,0.0178187218576154,0.0134479015104724,279,"headphones original 06"
"headphones","original","06",288,282,0.00880603462650303,0.0172520664519145,0.0129667604151338,285,"headphones original 06"
"headphones","original","06",294,288,0.00850719124220305,0.0171794356719684,0.0125378754703668,291,"headphones original 06"
"headphones","original","06",300,294,0.00713353342921122,0.0164387273921536,0.0116789642072706,297,"headphones original 06"
"headphones","original","06",306,300,0.0056006063309011,0.015341925133067,0.0101214166491127,303,"headphones original 06"
"headphones","original","06",312,306,0.00515188736404548,0.0144618791744111,0.00956801519048184,309,"headphones original 06"
"headphones","original","06",318,312,0.00531055889806808,0.0149162291419725,0.00974819278476974,315,"headphones original 06"
"headphones","original","06",324,318,0.00508509685781338,0.0144440707938971,0.00947800355580437,321,"headphones original 06"
"headphones","original","06",330,324,0.00559841344554436,0.0159146784804017,0.0103158680041746,327,"headphones original 06"
"headphones","original","08",50,0,0.206235890980599,0.324300845911148,0.263216661451188,25,"headphones original 08"
"headphones","original","08",100,50,0.193988440623031,0.270484252336513,0.230918016309818,75,"headphones original 08"
"headphones","original","08",150,100,0.162296520432384,0.220681622450702,0.189852329947272,125,"headphones original 08"
"headphones","original","08",200,150,0.0743242752117556,0.13473532885365,0.110762118415743,175,"headphones original 08"
"headphones","original","08",250,200,0.0521682248069974,0.105536326712076,0.0802009209256208,225,"headphones original 08"
"headphones","original","08",300,250,0.0273768670531298,0.0937241101180152,0.0610528237623642,275,"headphones original 08"
"headphones","original","08",350,300,0.0136146563849598,0.0567716600649764,0.0355592374294637,325,"headphones original 08"
"headphones","original","08",400,350,0.00921126097506176,0.049694508300378,0.0284378917585296,375,"headphones original 08"
