coffee maker,1,1,24.684927618729933,42,-6.907755278982139,0.0009999999999999979
coffee maker,1,1,34.358546900267925,74,-5.809142990314028,0.002999999999999998
coffee maker,1,1,12.09194803253436,32,-6.907755278982139,0.0009999999999999979
coffee maker,1,1,24.560947451399407,94,-6.907755278982139,0.0009999999999999979
coffee maker,1,1,17.992598097828658,54,-5.809142990314028,0.002999999999999998
coffee maker,1,1,113.20801586854235,250,-6.214608098422192,0.001999999999999999
coffee maker,1,1,17.58309901819202,246,-6.214608098422192,0.001999999999999999
coffee maker,1,1,2.3117984387967905,86,-6.214608098422192,0.001999999999999999
coffee maker,1,1,111.28207306260352,206,-6.214608098422192,0.001999999999999999
coffee maker,1,1,25.063758208569375,46,-6.214608098422192,0.001999999999999999
coffee maker,1,1,23.878040119358605,96,-5.809142990314028,0.002999999999999998
coffee maker,1,1,11.491602486207018,10,-6.907755278982139,0.0009999999999999979
coffee maker,1,1,34.53836325448829,266,-5.809142990314028,0.002999999999999998
coffee maker,1,1,62.94818281589102,40,-6.214608098422192,0.001999999999999999
coffee maker,1,1,17.706056222634952,70,-6.214608098422192,0.001999999999999999
coffee maker,1,1,219.43466113951047,12,-6.907755278982139,0.0009999999999999979
coffee maker,1,1,29.034040143171307,60,-5.809142990314028,0.002999999999999998
coffee maker,1,1,108.98192815094554,262,-6.214608098422192,0.001999999999999999
coffee maker,1,1,20.34648979112363,72,-6.214608098422192,0.001999999999999999
coffee maker,1,1,88.4613067188614,124,-6.214608098422192,0.001999999999999999
coffee maker,1,1,130.16337369342438,22,-6.907755278982139,0.0009999999999999979
coffee maker,1,1,43.662162974063314,52,-6.214608098422192,0.001999999999999999
coffee maker,1,1,7.313717602977321,228,-6.214608098422192,0.001999999999999999
coffee maker,1,1,9.442094053859963,72,-6.907755278982139,0.0009999999999999979
coffee maker,1,1,38.02227313383741,144,-6.214608098422192,0.001999999999999999
coffee maker,1,1,42.00426610668533,88,-6.907755278982139,0.0009999999999999979
coffee maker,1,1,84.86845629714671,88,-6.907755278982139,0.0009999999999999979
coffee maker,1,1,224.4110131317493,46,-6.907755278982139,0.0009999999999999979
coffee maker,1,1,44.45730710924005,66,-5.809142990314028,0.002999999999999998
coffee maker,1,1,26.238863167072473,78,-5.809142990314028,0.002999999999999998
coffee maker,1,1,30.97707191853903,70,-6.907755278982139,0.0009999999999999979
coffee maker,1,1,32.311961799016736,260,-6.214608098422192,0.001999999999999999
coffee maker,1,1,68.27858492976053,236,-6.214608098422192,0.001999999999999999
coffee maker,1,1,12.10189424781278,56,-6.907755278982139,0.0009999999999999979
coffee maker,1,1,23.325881746046228,0,-6.907755278982139,0.0009999999999999979
coffee maker,1,1,48.76942697850439,90,-5.809142990314028,0.002999999999999998
coffee maker,1,1,12.78569761936917,254,-6.214608098422192,0.001999999999999999
coffee maker,1,1,31.68861120291652,90,-6.214608098422192,0.001999999999999999
coffee maker,1,1,14.011910848285856,232,-6.214608098422192,0.001999999999999999
coffee maker,1,1,63.36899697528785,8,-6.907755278982139,0.0009999999999999979
coffee maker,1,1,85.68148805059319,194,-6.214608098422192,0.001999999999999999
coffee maker,1,1,10.147092547234351,72,-5.809142990314028,0.002999999999999998
coffee maker,1,1,141.74110362372863,58,-6.907755278982139,0.0009999999999999979
coffee maker,1,1,46.13729840676025,62,-6.214608098422192,0.001999999999999999
coffee maker,1,1,55.71919894810801,154,-6.214608098422192,0.001999999999999999
coffee maker,1,1,41.62059627282541,258,-5.809142990314028,0.002999999999999998
coffee maker,1,1,8.286996551668171,74,-6.907755278982139,0.0009999999999999979
coffee maker,1,1,14.927372288247511,88,-6.907755278982139,0.0009999999999999979
coffee maker,1,1,20.905238308845146,230,-6.214608098422192,0.001999999999999999
coffee maker,1,1,36.34297843742066,82,-6.214608098422192,0.001999999999999999
coffee maker,1,1,18.240612008398667,228,-6.214608098422192,0.001999999999999999
coffee maker,1,1,16.148027135256438,34,-6.214608098422192,0.001999999999999999
coffee maker,1,1,189.393173668255,178,-5.809142990314028,0.002999999999999998
coffee maker,1,1,7.977653809311325,224,-6.214608098422192,0.001999999999999999
coffee maker,1,1,52.947940405346706,26,-6.214608098422192,0.001999999999999999
coffee maker,1,1,20.04025589628217,170,-6.214608098422192,0.001999999999999999
coffee maker,1,1,5.138142016841367,90,-6.907755278982139,0.0009999999999999979
coffee maker,1,1,35.08340358970561,6,-6.907755278982139,0.0009999999999999979
coffee maker,1,1,46.49014208154243,236,-6.214608098422192,0.001999999999999999
coffee maker,1,1,28.57631733529097,156,-6.214608098422192,0.001999999999999999
coffee maker,1,1,27.474720901550704,126,-6.214608098422192,0.001999999999999999
coffee maker,1,1,20.137489384285086,254,-6.214608098422192,0.001999999999999999
coffee maker,1,1,31.21831041400043,112,-6.214608098422192,0.001999999999999999
coffee maker,1,1,164.8814895222278,50,-6.907755278982139,0.0009999999999999979
coffee maker,1,1,18.955495334893662,52,-6.907755278982139,0.0009999999999999979
coffee maker,1,1,49.20211680764633,56,-5.809142990314028,0.002999999999999998
coffee maker,1,1,27.18864998472658,266,-6.214608098422192,0.001999999999999999
coffee maker,1,1,12.146543396867317,92,-5.809142990314028,0.002999999999999998
coffee maker,1,1,26.788687646057863,74,-6.214608098422192,0.001999999999999999
coffee maker,1,1,26.55180315388649,152,-6.214608098422192,0.001999999999999999
coffee maker,1,1,44.50112958112785,56,-6.214608098422192,0.001999999999999999
coffee maker,1,1,10.902613910247622,88,-5.809142990314028,0.002999999999999998
coffee maker,1,1,12.249921358686965,86,-6.907755278982139,0.0009999999999999979
coffee maker,1,1,109.2234172865317,58,-6.907755278982139,0.0009999999999999979
coffee maker,1,1,42.15151798223356,54,-5.809142990314028,0.002999999999999998
coffee maker,1,1,53.5788238728973,176,-6.214608098422192,0.001999999999999999
coffee maker,1,1,36.62863729455623,70,-6.907755278982139,0.0009999999999999979
coffee maker,1,1,5.776969642565473,92,-6.214608098422192,0.001999999999999999
coffee maker,1,1,41.922331376942225,116,-6.214608098422192,0.001999999999999999
coffee maker,1,1,43.53232209130742,90,-6.214608098422192,0.001999999999999999
coffee maker,1,1,164.2200282964411,88,-5.809142990314028,0.002999999999999998
coffee maker,1,1,19.960302306578754,78,-6.214608098422192,0.001999999999999999
coffee maker,1,1,23.158348995385126,72,-6.907755278982139,0.0009999999999999979
coffee maker,1,1,227.6527494757403,62,-6.907755278982139,0.0009999999999999979
coffee maker,1,1,7.593916478192401,46,-6.907755278982139,0.0009999999999999979
coffee maker,1,1,15.571900537196909,102,-6.214608098422192,0.001999999999999999
coffee maker,1,1,46.136187375050206,92,-6.907755278982139,0.0009999999999999979
coffee maker,1,1,46.12657988248414,158,-6.214608098422192,0.001999999999999999
coffee maker,1,1,40.929992306561154,90,-6.907755278982139,0.0009999999999999979
coffee maker,1,1,27.94069903712237,94,-5.809142990314028,0.002999999999999998
coffee maker,1,1,31.26345869094613,112,-6.214608098422192,0.001999999999999999
coffee maker,1,1,29.675007109321232,192,-6.214608098422192,0.001999999999999999
coffee maker,1,1,226.51488615388746,228,-6.214608098422192,0.001999999999999999
coffee maker,1,1,37.56062936126987,188,-6.214608098422192,0.001999999999999999
coffee maker,1,1,18.4073609444789,248,-6.214608098422192,0.001999999999999999
coffee maker,1,1,22.97784493003142,36,-5.521460917862247,0.003999999999999998
coffee maker,1,1,16.562834340970813,4,-6.907755278982139,0.0009999999999999979
coffee maker,1,1,87.48172506469629,32,-6.907755278982139,0.0009999999999999979
coffee maker,1,1,15.499637120197033,80,-6.907755278982139,0.0009999999999999979
coffee maker,1,1,84.26620464899182,48,-6.907755278982139,0.0009999999999999979
coffee maker,1,1,65.41646186870089,186,-6.214608098422192,0.001999999999999999
coffee maker,1,1,61.750733076019536,92,-6.907755278982139,0.0009999999999999979
coffee maker,1,1,31.90683258155463,92,-6.907755278982139,0.0009999999999999979
coffee maker,1,1,29.290072151146653,96,-6.907755278982139,0.0009999999999999979
coffee maker,1,1,14.574260884135702,96,-5.809142990314028,0.002999999999999998
coffee maker,1,1,14.775955160798553,70,-6.907755278982139,0.0009999999999999979
coffee maker,1,1,14.121123731262578,82,-6.214608098422192,0.001999999999999999
coffee maker,1,1,36.45500664322804,86,-6.907755278982139,0.0009999999999999979
coffee maker,1,1,75.56477378949282,226,-6.214608098422192,0.001999999999999999
coffee maker,1,1,35.43559931010236,62,-6.907755278982139,0.0009999999999999979
coffee maker,1,1,15.333549444448543,196,-6.214608098422192,0.001999999999999999
coffee maker,1,1,31.243735745163043,256,-6.214608098422192,0.001999999999999999
coffee maker,1,1,76.03038963527065,256,-6.214608098422192,0.001999999999999999
coffee maker,1,1,6.078921363731658,96,-6.214608098422192,0.001999999999999999
coffee maker,1,1,70.282997501543,60,-6.907755278982139,0.0009999999999999979
coffee maker,1,1,87.9202089973168,26,-6.907755278982139,0.0009999999999999979
coffee maker,1,1,39.48595272839811,90,-6.214608098422192,0.001999999999999999
coffee maker,1,1,36.058811783965254,96,-6.214608098422192,0.001999999999999999
coffee maker,1,1,49.745703041581606,70,-6.907755278982139,0.0009999999999999979
coffee maker,1,1,20.933591292434606,74,-6.907755278982139,0.0009999999999999979
coffee maker,1,1,18.613524688472168,148,-6.214608098422192,0.001999999999999999
coffee maker,1,1,42.580137111054626,150,-6.214608098422192,0.001999999999999999
coffee maker,1,1,7.085972833966259,66,-6.907755278982139,0.0009999999999999979
coffee maker,1,1,21.33015998621173,98,-6.214608098422192,0.001999999999999999
coffee maker,1,1,74.90084699478001,58,-6.907755278982139,0.0009999999999999979
coffee maker,1,1,20.62160132508506,10,-6.907755278982139,0.0009999999999999979
coffee maker,1,1,4.763722055827115,26,-6.214608098422192,0.001999999999999999
coffee maker,1,1,31.46909754869706,208,-6.214608098422192,0.001999999999999999
coffee maker,1,1,82.89714364294748,92,-6.214608098422192,0.001999999999999999
coffee maker,1,1,156.99218887078132,76,-5.809142990314028,0.002999999999999998
coffee maker,1,1,63.02140654304053,88,-5.809142990314028,0.002999999999999998
coffee maker,1,1,17.5240418051733,68,-6.214608098422192,0.001999999999999999
coffee maker,1,1,47.88629151655148,92,-6.214608098422192,0.001999999999999999
coffee maker,1,1,13.447186115166527,140,-6.214608098422192,0.001999999999999999
coffee maker,1,1,85.48162067375807,62,-6.907755278982139,0.0009999999999999979
coffee maker,1,1,15.46478311922215,30,-6.907755278982139,0.0009999999999999979
coffee maker,1,1,19.22393462131404,54,-6.907755278982139,0.0009999999999999979
coffee maker,1,1,31.91862342464822,60,-6.907755278982139,0.0009999999999999979
coffee maker,1,1,17.79554755398473,200,-6.214608098422192,0.001999999999999999
coffee maker,1,1,52.063481126399715,200,-6.214608098422192,0.001999999999999999
coffee maker,1,1,86.08725753461277,250,-6.214608098422192,0.001999999999999999
coffee maker,1,1,25.633679515034068,44,-6.907755278982139,0.0009999999999999979
coffee maker,1,1,42.236615559698556,12,-6.907755278982139,0.0009999999999999979
coffee maker,1,1,21.249637940852782,48,-6.907755278982139,0.0009999999999999979
coffee maker,1,1,68.69564081175523,186,-6.214608098422192,0.001999999999999999
coffee maker,1,1,12.619994102186793,142,-6.214608098422192,0.001999999999999999
coffee maker,1,1,54.97030306685133,6,-6.907755278982139,0.0009999999999999979
coffee maker,1,1,4.681183754414311,86,-6.907755278982139,0.0009999999999999979
coffee maker,1,1,44.12643855833631,254,-6.214608098422192,0.001999999999999999
coffee maker,1,1,90.57580588346913,266,-6.214608098422192,0.001999999999999999
coffee maker,1,1,27.451524575157187,246,-5.809142990314028,0.002999999999999998
coffee maker,1,1,24.790243422464705,96,-6.214608098422192,0.001999999999999999
coffee maker,1,1,16.33923641164585,6,-6.907755278982139,0.0009999999999999979
coffee maker,1,1,275.16761483619985,78,-6.214608098422192,0.001999999999999999
coffee maker,1,1,29.27451350214667,68,-6.214608098422192,0.001999999999999999
coffee maker,1,1,80.99588455358551,98,-6.907755278982139,0.0009999999999999979
coffee maker,1,1,21.870526986184792,92,-6.907755278982139,0.0009999999999999979
coffee maker,1,1,57.48593968108836,26,-6.907755278982139,0.0009999999999999979
coffee maker,1,1,19.961690590037183,194,-5.809142990314028,0.002999999999999998
coffee maker,1,1,25.63111364285592,228,-6.214608098422192,0.001999999999999999
coffee maker,1,1,175.59650605126976,82,-6.907755278982139,0.0009999999999999979
coffee maker,1,1,92.57872458916246,64,-6.214608098422192,0.001999999999999999
coffee maker,1,1,22.30488287130923,58,-6.214608098422192,0.001999999999999999
coffee maker,1,1,6.2009444238562015,58,-6.907755278982139,0.0009999999999999979
coffee maker,1,1,35.174532189547385,248,-6.214608098422192,0.001999999999999999
coffee maker,1,1,44.32032819987932,200,-6.214608098422192,0.001999999999999999
coffee maker,1,1,15.458583949108093,62,-6.214608098422192,0.001999999999999999
coffee maker,1,1,18.617250088278865,246,-6.214608098422192,0.001999999999999999
coffee maker,1,1,47.053580269940475,50,-6.907755278982139,0.0009999999999999979
coffee maker,1,1,36.780168167829046,96,-6.907755278982139,0.0009999999999999979
coffee maker,1,1,77.92459519687881,186,-5.809142990314028,0.002999999999999998
coffee maker,1,1,19.18447873086288,98,-6.907755278982139,0.0009999999999999979
coffee maker,1,1,12.034982501434406,230,-6.214608098422192,0.001999999999999999
coffee maker,1,1,4.919957636182117,222,-6.214608098422192,0.001999999999999999
coffee maker,1,1,11.255505215948128,78,-6.907755278982139,0.0009999999999999979
coffee maker,1,1,23.880924623463937,266,-6.214608098422192,0.001999999999999999
coffee maker,1,1,18.377572677542293,70,-6.907755278982139,0.0009999999999999979
coffee maker,1,1,24.80095497024564,90,-6.907755278982139,0.0009999999999999979
coffee maker,1,1,21.18228943396236,12,-6.907755278982139,0.0009999999999999979
coffee maker,1,1,19.610394094433413,96,-6.907755278982139,0.0009999999999999979
coffee maker,1,1,3.924061341939491,38,-6.907755278982139,0.0009999999999999979
coffee maker,1,1,14.642591865082185,2,-6.907755278982139,0.0009999999999999979
coffee maker,1,1,7.882749821322345,20,-6.907755278982139,0.0009999999999999979
coffee maker,1,1,101.33160977262166,34,-6.907755278982139,0.0009999999999999979
coffee maker,1,1,36.043875692275485,48,-6.214608098422192,0.001999999999999999
coffee maker,1,1,19.506819908509648,186,-6.214608098422192,0.001999999999999999
coffee maker,1,1,30.601166986587483,74,-6.907755278982139,0.0009999999999999979
coffee maker,1,1,15.506783887928599,220,-6.214608098422192,0.001999999999999999
coffee maker,1,1,39.844706799041916,250,-6.214608098422192,0.001999999999999999
coffee maker,1,1,73.44812557881933,72,-6.907755278982139,0.0009999999999999979
coffee maker,1,1,13.344896154552643,196,-6.214608098422192,0.001999999999999999
coffee maker,1,1,16.13332571664566,58,-6.907755278982139,0.0009999999999999979
coffee maker,1,1,24.50782792315329,190,-6.214608098422192,0.001999999999999999
coffee maker,1,1,34.183256226094116,232,-6.214608098422192,0.001999999999999999
coffee maker,1,1,32.29146866334921,182,-6.214608098422192,0.001999999999999999
coffee maker,1,1,69.82471342600586,60,-6.907755278982139,0.0009999999999999979
coffee maker,1,1,34.0909090509615,220,-6.214608098422192,0.001999999999999999
coffee maker,1,1,35.41608707138277,130,-6.214608098422192,0.001999999999999999
coffee maker,1,1,17.648973135717778,234,-6.214608098422192,0.001999999999999999
coffee maker,1,1,8.908798024694782,42,-6.907755278982139,0.0009999999999999979
coffee maker,1,1,11.241414861029828,60,-6.907755278982139,0.0009999999999999979
coffee maker,1,1,26.917939495158187,256,-6.214608098422192,0.001999999999999999
coffee maker,1,1,85.18879205571027,260,-6.214608098422192,0.001999999999999999
coffee maker,1,1,32.41553857219803,106,-6.214608098422192,0.001999999999999999
coffee maker,1,1,93.19764175879536,90,-6.907755278982139,0.0009999999999999979
coffee maker,1,1,8.506011594110278,70,-6.907755278982139,0.0009999999999999979
coffee maker,1,1,67.69666903090342,70,-6.907755278982139,0.0009999999999999979
coffee maker,1,1,56.74905068587815,210,-6.214608098422192,0.001999999999999999
coffee maker,1,1,52.43133963556008,86,-6.907755278982139,0.0009999999999999979
coffee maker,1,1,12.684026262316877,28,-6.907755278982139,0.0009999999999999979
coffee maker,1,1,6.961669057224306,202,-6.214608098422192,0.001999999999999999
coffee maker,1,1,41.26919547844012,254,-6.214608098422192,0.001999999999999999
coffee maker,1,1,44.429680137386185,92,-6.214608098422192,0.001999999999999999
coffee maker,1,1,56.996206876414696,42,-6.907755278982139,0.0009999999999999979
coffee maker,1,1,29.517754435778336,70,-6.907755278982139,0.0009999999999999979
coffee maker,1,1,33.64722528735206,70,-6.907755278982139,0.0009999999999999979
coffee maker,1,1,26.36947177415191,54,-6.907755278982139,0.0009999999999999979
coffee maker,1,1,28.864478013361413,220,-6.214608098422192,0.001999999999999999
coffee maker,1,1,31.451046769753727,256,-6.214608098422192,0.001999999999999999
coffee maker,1,1,18.98846546576747,198,-6.214608098422192,0.001999999999999999
coffee maker,1,1,7.735413228130498,260,-6.214608098422192,0.001999999999999999
coffee maker,1,1,66.40007728229055,82,-6.214608098422192,0.001999999999999999
coffee maker,1,1,27.966517295739163,76,-6.907755278982139,0.0009999999999999979
coffee maker,1,1,26.330147524040726,12,-6.907755278982139,0.0009999999999999979
coffee maker,1,1,69.59419129148941,266,-6.214608098422192,0.001999999999999999
coffee maker,1,1,34.00896624036228,180,-6.214608098422192,0.001999999999999999
coffee maker,1,1,101.50671322494428,84,-6.907755278982139,0.0009999999999999979
coffee maker,1,1,8.381934389677015,68,-6.214608098422192,0.001999999999999999
coffee maker,1,1,41.30835440200193,198,-6.214608098422192,0.001999999999999999
coffee maker,1,1,10.61754469006234,98,-6.907755278982139,0.0009999999999999979
coffee maker,1,1,88.03638874965519,96,-6.907755278982139,0.0009999999999999979
coffee maker,1,1,14.866777900681601,204,-6.214608098422192,0.001999999999999999
coffee maker,1,1,292.5386964404209,88,-6.907755278982139,0.0009999999999999979
coffee maker,1,1,36.326950192148004,236,-6.214608098422192,0.001999999999999999
coffee maker,1,1,6.917504734797828,258,-6.214608098422192,0.001999999999999999
coffee maker,1,1,6.920673739843202,238,-6.214608098422192,0.001999999999999999
coffee maker,1,1,9.092333466702677,242,-6.214608098422192,0.001999999999999999
coffee maker,1,1,10.084287419503804,252,-6.214608098422192,0.001999999999999999
coffee maker,1,1,40.14889259392645,64,-6.907755278982139,0.0009999999999999979
coffee maker,1,1,43.99362094877648,44,-6.907755278982139,0.0009999999999999979
coffee maker,1,1,60.13276477132159,76,-6.907755278982139,0.0009999999999999979
coffee maker,1,1,70.0086924913914,58,-6.214608098422192,0.001999999999999999
coffee maker,1,1,165.0932675517964,190,-6.214608098422192,0.001999999999999999
coffee maker,1,1,66.86623995743409,58,-6.907755278982139,0.0009999999999999979
coffee maker,1,1,54.52884617566422,66,-6.214608098422192,0.001999999999999999
coffee maker,1,1,22.17401250755602,142,-6.214608098422192,0.001999999999999999
coffee maker,1,1,19.198739584710072,26,-6.907755278982139,0.0009999999999999979
coffee maker,1,1,181.48190038238343,168,-6.214608098422192,0.001999999999999999
coffee maker,1,1,20.923859650406996,208,-6.214608098422192,0.001999999999999999
coffee maker,1,1,23.57895773757196,226,-6.214608098422192,0.001999999999999999
coffee maker,1,1,23.546979170412072,240,-6.214608098422192,0.001999999999999999
coffee maker,1,1,15.319264213020652,8,-6.907755278982139,0.0009999999999999979
coffee maker,1,1,8.679114430236075,246,-6.214608098422192,0.001999999999999999
coffee maker,1,1,110.24775992992105,80,-6.907755278982139,0.0009999999999999979
coffee maker,1,1,21.655659830163728,62,-6.907755278982139,0.0009999999999999979
coffee maker,1,1,91.7310643797161,252,-6.214608098422192,0.001999999999999999
coffee maker,1,1,114.18624348891203,94,-6.907755278982139,0.0009999999999999979
coffee maker,1,1,29.271616509309617,170,-6.214608098422192,0.001999999999999999
coffee maker,1,1,28.282195479966255,0,-6.907755278982139,0.0009999999999999979
coffee maker,1,1,48.021531497857055,64,-6.214608098422192,0.001999999999999999
coffee maker,1,1,35.25927298329139,84,-6.907755278982139,0.0009999999999999979
coffee maker,1,1,11.802115447812032,190,-6.214608098422192,0.001999999999999999
coffee maker,1,1,54.06347842409477,54,-6.907755278982139,0.0009999999999999979
coffee maker,1,1,75.76004476561884,88,-6.907755278982139,0.0009999999999999979
coffee maker,1,1,55.91197806560516,78,-6.907755278982139,0.0009999999999999979
coffee maker,1,1,21.40456866761406,16,-6.907755278982139,0.0009999999999999979
coffee maker,1,1,47.367786210448386,166,-6.214608098422192,0.001999999999999999
coffee maker,1,1,33.92132368373008,188,-6.214608098422192,0.001999999999999999
coffee maker,1,1,7.755754658797724,160,-6.214608098422192,0.001999999999999999
coffee maker,1,1,7.11502770356937,56,-6.907755278982139,0.0009999999999999979
coffee maker,1,1,31.81952656838835,18,-6.907755278982139,0.0009999999999999979
coffee maker,1,1,64.86090870333335,236,-6.214608098422192,0.001999999999999999
coffee maker,1,1,87.207498751267,180,-6.214608098422192,0.001999999999999999
coffee maker,1,1,40.61227479446492,34,-6.907755278982139,0.0009999999999999979
coffee maker,1,1,52.75295338346511,4,-6.907755278982139,0.0009999999999999979
coffee maker,1,1,14.532786351196371,112,-6.214608098422192,0.001999999999999999
coffee maker,1,1,88.40461739114205,202,-6.907755278982139,0.0009999999999999979
coffee maker,1,1,8.24098105861605,132,-6.907755278982139,0.0009999999999999979
coffee maker,1,1,10.434569269856237,164,-6.907755278982139,0.0009999999999999979
coffee maker,1,1,56.56821851781133,248,-6.907755278982139,0.0009999999999999979
coffee maker,1,1,19.134640424598174,148,-6.907755278982139,0.0009999999999999979
coffee maker,1,1,24.03570436077816,236,-6.907755278982139,0.0009999999999999979
coffee maker,1,1,42.31771487169365,236,-6.907755278982139,0.0009999999999999979
coffee maker,1,1,26.552174522619097,102,-6.907755278982139,0.0009999999999999979
coffee maker,1,1,21.98591438953968,124,-6.907755278982139,0.0009999999999999979
coffee maker,1,1,7.441399342151912,198,-6.907755278982139,0.0009999999999999979
coffee maker,1,1,34.853993333295584,198,-6.907755278982139,0.0009999999999999979
coffee maker,1,1,97.08773239475957,224,-6.907755278982139,0.0009999999999999979
coffee maker,1,1,41.05937388352341,260,-6.907755278982139,0.0009999999999999979
coffee maker,1,1,16.37815479037384,184,-6.907755278982139,0.0009999999999999979
coffee maker,1,1,46.726524331906354,118,-6.907755278982139,0.0009999999999999979
coffee maker,1,1,11.528028104817444,240,-6.907755278982139,0.0009999999999999979
coffee maker,1,1,39.659019824965604,230,-6.907755278982139,0.0009999999999999979
coffee maker,1,1,97.68161462726977,242,-6.907755278982139,0.0009999999999999979
coffee maker,1,1,11.256724815398355,166,-6.907755278982139,0.0009999999999999979
coffee maker,1,1,95.64468927934563,260,-6.907755278982139,0.0009999999999999979
coffee maker,1,1,58.16898018886759,156,-6.907755278982139,0.0009999999999999979
coffee maker,1,1,61.33064042588297,112,-6.907755278982139,0.0009999999999999979
coffee maker,1,1,80.39098960645849,114,-6.907755278982139,0.0009999999999999979
coffee maker,1,1,13.676649463405447,158,-6.907755278982139,0.0009999999999999979
coffee maker,1,1,17.886359125262043,262,-6.907755278982139,0.0009999999999999979
coffee maker,1,1,25.09081675901748,190,-6.907755278982139,0.0009999999999999979
coffee maker,1,1,26.028183699479577,204,-6.907755278982139,0.0009999999999999979
coffee maker,1,1,58.41105868688523,248,-6.907755278982139,0.0009999999999999979
coffee maker,1,1,23.604365552901793,174,-6.907755278982139,0.0009999999999999979
coffee maker,1,1,34.77524867352009,100,-6.907755278982139,0.0009999999999999979
coffee maker,1,1,35.32578295263542,154,-6.907755278982139,0.0009999999999999979
coffee maker,1,1,29.27202327846994,254,-6.907755278982139,0.0009999999999999979
coffee maker,1,1,56.9133876891105,184,-6.907755278982139,0.0009999999999999979
coffee maker,1,1,45.48342872523474,206,-6.907755278982139,0.0009999999999999979
coffee maker,1,1,49.41036573532925,130,-6.907755278982139,0.0009999999999999979
coffee maker,1,1,65.83388078996127,114,-6.907755278982139,0.0009999999999999979
coffee maker,1,1,63.26894053089777,220,-6.907755278982139,0.0009999999999999979
coffee maker,1,1,55.44210919030236,148,-6.907755278982139,0.0009999999999999979
coffee maker,1,1,84.82588195413855,108,-6.907755278982139,0.0009999999999999979
coffee maker,1,1,8.13172332353901,192,-6.907755278982139,0.0009999999999999979
coffee maker,1,1,70.51964242247149,226,-6.907755278982139,0.0009999999999999979
coffee maker,1,1,71.5182639254433,198,-6.907755278982139,0.0009999999999999979
coffee maker,1,1,91.72390346719406,110,-6.907755278982139,0.0009999999999999979
coffee maker,1,1,35.83519037474287,162,-6.907755278982139,0.0009999999999999979
coffee maker,1,1,4.824929524231943,108,-6.907755278982139,0.0009999999999999979
coffee maker,1,1,34.64046797159038,262,-6.907755278982139,0.0009999999999999979
coffee maker,1,1,56.0497628615,124,-6.907755278982139,0.0009999999999999979
coffee maker,1,1,54.70156298928591,156,-6.907755278982139,0.0009999999999999979
coffee maker,1,1,45.732648360661244,108,-6.907755278982139,0.0009999999999999979
coffee maker,1,1,134.806686627886,130,-6.907755278982139,0.0009999999999999979
coffee maker,1,1,25.684536863659332,112,-6.907755278982139,0.0009999999999999979
coffee maker,1,1,68.23524354200771,112,-6.907755278982139,0.0009999999999999979
coffee maker,1,1,8.909400586081317,194,-6.907755278982139,0.0009999999999999979
coffee maker,1,1,70.79295056413623,226,-6.907755278982139,0.0009999999999999979
coffee maker,1,1,8.04481299868108,114,-6.907755278982139,0.0009999999999999979
coffee maker,1,1,7.7707259451665545,122,-6.907755278982139,0.0009999999999999979
coffee maker,1,1,13.442323487913205,112,-6.907755278982139,0.0009999999999999979
coffee maker,1,1,29.80144632280928,256,-6.907755278982139,0.0009999999999999979
coffee maker,1,1,18.157183741366918,148,-6.907755278982139,0.0009999999999999979
coffee maker,1,1,12.114760196364816,250,-6.907755278982139,0.0009999999999999979
coffee maker,1,1,31.20521823769944,260,-6.907755278982139,0.0009999999999999979
coffee maker,1,1,135.7666192350804,212,-6.907755278982139,0.0009999999999999979
coffee maker,1,1,40.34753364801383,126,-6.907755278982139,0.0009999999999999979
coffee maker,1,1,20.153381694557833,110,-6.907755278982139,0.0009999999999999979
coffee maker,1,1,63.63046374081304,258,-6.907755278982139,0.0009999999999999979
coffee maker,1,1,33.97493079991574,110,-6.907755278982139,0.0009999999999999979
coffee maker,1,1,86.28087010623443,206,-6.907755278982139,0.0009999999999999979
coffee maker,1,1,38.81403648672761,132,-6.907755278982139,0.0009999999999999979
coffee maker,1,1,20.081165283133835,254,-6.907755278982139,0.0009999999999999979
coffee maker,1,1,12.865059013936992,134,-6.907755278982139,0.0009999999999999979
coffee maker,1,1,22.20947580996714,168,-6.907755278982139,0.0009999999999999979
coffee maker,1,1,38.32605249606235,244,-6.907755278982139,0.0009999999999999979
coffee maker,1,1,4.63686191152713,250,-6.907755278982139,0.0009999999999999979
coffee maker,1,1,22.601034294610162,262,-6.907755278982139,0.0009999999999999979
coffee maker,1,1,245.02816700010388,216,-6.907755278982139,0.0009999999999999979
coffee maker,1,1,60.86277998473011,148,-6.907755278982139,0.0009999999999999979
coffee maker,1,1,15.495668056307485,224,-6.907755278982139,0.0009999999999999979
coffee maker,1,1,19.78440318664281,254,-6.907755278982139,0.0009999999999999979
coffee maker,1,1,25.238130585514124,236,-6.907755278982139,0.0009999999999999979
coffee maker,1,1,32.293842274522994,150,-6.907755278982139,0.0009999999999999979
coffee maker,1,1,101.58427501749595,216,-6.907755278982139,0.0009999999999999979
coffee maker,1,1,18.59642506648265,126,-6.907755278982139,0.0009999999999999979
coffee maker,1,1,18.262851784605335,264,-6.907755278982139,0.0009999999999999979
coffee maker,1,1,27.266709050094683,180,-6.907755278982139,0.0009999999999999979
coffee maker,1,1,18.411230972745063,164,-6.907755278982139,0.0009999999999999979
coffee maker,1,1,51.60917169934941,126,-6.907755278982139,0.0009999999999999979
coffee maker,1,1,57.25138386154034,102,-6.907755278982139,0.0009999999999999979
coffee maker,1,1,5.893488816585597,262,-6.907755278982139,0.0009999999999999979
coffee maker,1,1,10.975573929924005,128,-6.907755278982139,0.0009999999999999979
coffee maker,1,1,26.302939103273204,222,-6.907755278982139,0.0009999999999999979
coffee maker,1,1,50.83656656884211,192,-6.907755278982139,0.0009999999999999979
coffee maker,1,1,67.02463372614869,124,-6.907755278982139,0.0009999999999999979
coffee maker,1,1,69.97876541726818,172,-6.907755278982139,0.0009999999999999979
coffee maker,1,1,53.07621494933226,262,-6.907755278982139,0.0009999999999999979
coffee maker,1,1,49.60760291309767,170,-6.907755278982139,0.0009999999999999979
coffee maker,1,1,56.558585302756306,148,-6.907755278982139,0.0009999999999999979
coffee maker,1,1,7.864488480950064,160,-6.907755278982139,0.0009999999999999979
coffee maker,1,1,16.55345505549725,130,-6.907755278982139,0.0009999999999999979
coffee maker,1,1,41.2035819095184,148,-6.907755278982139,0.0009999999999999979
coffee maker,1,1,93.69850010801328,112,-6.907755278982139,0.0009999999999999979
coffee maker,1,1,14.625724984540016,138,-6.907755278982139,0.0009999999999999979
coffee maker,1,1,46.47206068690546,248,-6.907755278982139,0.0009999999999999979
coffee maker,1,1,46.20093917232532,158,-6.907755278982139,0.0009999999999999979
coffee maker,1,1,18.87065038220772,246,-6.907755278982139,0.0009999999999999979
coffee maker,1,1,120.74189884777432,216,-6.907755278982139,0.0009999999999999979
coffee maker,1,1,13.06425394140231,202,-6.907755278982139,0.0009999999999999979
coffee maker,1,1,68.91490288272082,206,-6.907755278982139,0.0009999999999999979
coffee maker,1,1,11.653684034901532,114,-6.907755278982139,0.0009999999999999979
coffee maker,1,1,12.844722494181632,130,-6.907755278982139,0.0009999999999999979
coffee maker,1,1,80.46156704520132,196,-6.907755278982139,0.0009999999999999979
coffee maker,1,1,49.686043258674935,116,-6.907755278982139,0.0009999999999999979
coffee maker,1,1,54.33398764200397,262,-6.907755278982139,0.0009999999999999979
coffee maker,1,1,26.336953929976456,168,-6.907755278982139,0.0009999999999999979
coffee maker,1,1,14.003569762891997,260,-6.907755278982139,0.0009999999999999979
coffee maker,1,1,84.38718134754222,234,-6.907755278982139,0.0009999999999999979
coffee maker,1,1,14.207697487983927,206,-6.907755278982139,0.0009999999999999979
coffee maker,1,1,15.729621146463225,212,-6.907755278982139,0.0009999999999999979
coffee maker,1,1,32.3814163226455,132,-6.907755278982139,0.0009999999999999979
coffee maker,1,1,5.802259298558146,256,-6.907755278982139,0.0009999999999999979
coffee maker,1,1,31.882433328438292,264,-6.907755278982139,0.0009999999999999979
coffee maker,1,1,27.367917063745494,206,-6.907755278982139,0.0009999999999999979
coffee maker,1,1,13.372526747598561,148,-6.907755278982139,0.0009999999999999979
coffee maker,1,1,36.04035189351751,124,-6.907755278982139,0.0009999999999999979
coffee maker,1,1,15.891023488195838,136,-6.907755278982139,0.0009999999999999979
coffee maker,1,1,4.554293637376425,142,-6.907755278982139,0.0009999999999999979
coffee maker,1,1,26.82918328438538,212,-6.907755278982139,0.0009999999999999979
coffee maker,1,1,35.7296117776412,200,-6.907755278982139,0.0009999999999999979
coffee maker,1,1,170.07967019714715,210,-6.907755278982139,0.0009999999999999979
coffee maker,1,1,36.462167579224065,134,-6.907755278982139,0.0009999999999999979
coffee maker,1,1,11.384868162220801,118,-6.907755278982139,0.0009999999999999979
coffee maker,1,1,39.665867976158594,182,-6.907755278982139,0.0009999999999999979
coffee maker,1,1,27.38065057407927,232,-6.907755278982139,0.0009999999999999979
coffee maker,1,1,32.70453034514465,148,-6.907755278982139,0.0009999999999999979
coffee maker,1,1,16.721685534644315,166,-6.907755278982139,0.0009999999999999979
coffee maker,1,1,42.71273829979782,158,-6.907755278982139,0.0009999999999999979
coffee maker,1,1,17.44743593548078,122,-6.907755278982139,0.0009999999999999979
coffee maker,1,1,31.95172199262382,208,-6.907755278982139,0.0009999999999999979
coffee maker,1,1,18.86006323131155,112,-6.907755278982139,0.0009999999999999979
coffee maker,1,1,8.577813741687482,208,-6.907755278982139,0.0009999999999999979
coffee maker,1,1,216.58977560498155,154,-6.907755278982139,0.0009999999999999979
coffee maker,1,1,37.77700213549437,230,-6.907755278982139,0.0009999999999999979
coffee maker,1,1,29.154582588083276,262,-6.907755278982139,0.0009999999999999979
coffee maker,1,1,14.740186915144113,110,-6.907755278982139,0.0009999999999999979
coffee maker,1,1,87.26656234910286,244,-6.907755278982139,0.0009999999999999979
coffee maker,1,1,21.600632211310238,190,-6.907755278982139,0.0009999999999999979
coffee maker,1,1,45.015738696230116,202,-6.907755278982139,0.0009999999999999979
coffee maker,1,1,47.50527048701928,176,-6.907755278982139,0.0009999999999999979
coffee maker,1,1,23.17154559696007,170,-6.907755278982139,0.0009999999999999979
coffee maker,1,1,19.007697904591225,256,-6.907755278982139,0.0009999999999999979
coffee maker,1,1,5.568234300847066,148,-6.907755278982139,0.0009999999999999979
coffee maker,1,1,55.98862715123818,210,-6.907755278982139,0.0009999999999999979
coffee maker,1,1,16.167332298771413,248,-6.907755278982139,0.0009999999999999979
coffee maker,1,1,61.58013007730771,156,-6.907755278982139,0.0009999999999999979
coffee maker,1,1,70.888439962855,260,-6.907755278982139,0.0009999999999999979
coffee maker,1,1,51.47158547681845,174,-6.907755278982139,0.0009999999999999979
coffee maker,1,1,15.359335250937592,244,-6.907755278982139,0.0009999999999999979
coffee maker,1,1,30.83051880590182,118,-6.907755278982139,0.0009999999999999979
coffee maker,1,1,32.49328570250139,254,-6.907755278982139,0.0009999999999999979
coffee maker,1,1,164.53459642210538,190,-6.907755278982139,0.0009999999999999979
coffee maker,1,1,16.899359386434973,100,-6.907755278982139,0.0009999999999999979
coffee maker,1,1,50.770391401402456,138,-6.907755278982139,0.0009999999999999979
coffee maker,1,1,16.725467809118154,138,-6.907755278982139,0.0009999999999999979
coffee maker,1,1,34.0428612904915,184,-6.907755278982139,0.0009999999999999979
coffee maker,1,1,53.050627279635776,122,-6.907755278982139,0.0009999999999999979
coffee maker,1,1,48.3238882628674,238,-6.907755278982139,0.0009999999999999979
coffee maker,1,1,40.29753903258561,108,-6.907755278982139,0.0009999999999999979
coffee maker,1,1,25.974444608581134,210,-6.907755278982139,0.0009999999999999979
coffee maker,1,1,136.49689797715578,240,-6.907755278982139,0.0009999999999999979
coffee maker,1,1,11.626622527729083,180,-6.907755278982139,0.0009999999999999979
coffee maker,1,1,125.53817977067477,256,-6.907755278982139,0.0009999999999999979
coffee maker,1,1,18.393065109112378,216,-6.907755278982139,0.0009999999999999979
coffee maker,1,1,33.51734224153776,180,-6.907755278982139,0.0009999999999999979
coffee maker,1,1,9.830283227148623,198,-6.907755278982139,0.0009999999999999979
coffee maker,1,1,28.404099202888062,140,-6.907755278982139,0.0009999999999999979
coffee maker,1,1,10.8239381801798,222,-6.907755278982139,0.0009999999999999979
coffee maker,1,1,61.772005666934234,258,-6.907755278982139,0.0009999999999999979
coffee maker,1,1,14.362667956625296,138,-6.907755278982139,0.0009999999999999979
coffee maker,1,1,132.06647558088008,254,-6.907755278982139,0.0009999999999999979
coffee maker,1,1,74.38041371796287,192,-6.907755278982139,0.0009999999999999979
coffee maker,1,1,55.679584058814,102,-6.907755278982139,0.0009999999999999979
coffee maker,1,1,4.650168804403131,238,-6.907755278982139,0.0009999999999999979
coffee maker,1,1,57.119312040070476,182,-6.907755278982139,0.0009999999999999979
coffee maker,1,1,115.84331100323632,112,-6.907755278982139,0.0009999999999999979
coffee maker,1,1,23.559212005122113,110,-6.907755278982139,0.0009999999999999979
coffee maker,1,1,106.44705714705019,156,-6.907755278982139,0.0009999999999999979
coffee maker,1,1,130.65113217118994,178,-6.907755278982139,0.0009999999999999979
coffee maker,1,1,8.297860884455456,172,-6.907755278982139,0.0009999999999999979
coffee maker,1,1,4.5129614324109975,118,-6.907755278982139,0.0009999999999999979
coffee maker,1,1,30.31487353743187,238,-6.907755278982139,0.0009999999999999979
coffee maker,1,1,135.11975409432276,116,-6.907755278982139,0.0009999999999999979
coffee maker,1,1,135.77598347869605,158,-6.907755278982139,0.0009999999999999979
coffee maker,1,1,67.14951774976431,148,-6.907755278982139,0.0009999999999999979
coffee maker,1,1,48.742769631216696,238,-6.907755278982139,0.0009999999999999979
coffee maker,1,1,36.93156068723132,170,-6.907755278982139,0.0009999999999999979
coffee maker,1,1,12.096386376637303,186,-6.907755278982139,0.0009999999999999979
coffee maker,1,1,4.489418866473909,166,-6.907755278982139,0.0009999999999999979
coffee maker,1,1,43.25368727107849,198,-6.907755278982139,0.0009999999999999979
coffee maker,1,1,29.470734857329333,248,-6.907755278982139,0.0009999999999999979
coffee maker,1,1,50.84657418997925,116,-6.907755278982139,0.0009999999999999979
coffee maker,1,1,50.83048455171427,228,-6.907755278982139,0.0009999999999999979
coffee maker,1,1,21.62035768416478,104,-6.907755278982139,0.0009999999999999979
coffee maker,1,1,16.263649461505732,144,-6.907755278982139,0.0009999999999999979
coffee maker,1,1,10.691089876414152,220,-6.907755278982139,0.0009999999999999979
coffee maker,1,1,112.31733623197387,124,-6.907755278982139,0.0009999999999999979
coffee maker,1,1,10.153191023855852,166,-6.907755278982139,0.0009999999999999979
coffee maker,1,1,23.45928439001941,150,-6.907755278982139,0.0009999999999999979
coffee maker,1,1,6.142945580329645,112,-6.907755278982139,0.0009999999999999979
coffee maker,1,1,26.26258269535134,102,-6.907755278982139,0.0009999999999999979
coffee maker,1,1,62.59352067160908,236,-6.907755278982139,0.0009999999999999979
coffee maker,1,1,36.02171440879757,144,-6.907755278982139,0.0009999999999999979
coffee maker,1,1,33.37302814895484,130,-6.907755278982139,0.0009999999999999979
coffee maker,1,1,8.362867549544433,168,-6.907755278982139,0.0009999999999999979
coffee maker,1,1,121.16308110604368,236,-6.907755278982139,0.0009999999999999979
coffee maker,1,1,12.111178281489638,110,-6.907755278982139,0.0009999999999999979
coffee maker,1,1,55.386541407768334,170,-6.907755278982139,0.0009999999999999979
coffee maker,1,1,163.7242287566683,226,-6.907755278982139,0.0009999999999999979
coffee maker,1,1,90.42291477111247,178,-6.907755278982139,0.0009999999999999979
coffee maker,1,1,63.87036011093489,258,-6.907755278982139,0.0009999999999999979
coffee maker,1,1,20.381731015454417,222,-6.907755278982139,0.0009999999999999979
coffee maker,1,1,34.38570665822792,224,-6.907755278982139,0.0009999999999999979
coffee maker,1,1,41.55145814125004,122,-6.907755278982139,0.0009999999999999979
coffee maker,1,1,34.92505483524656,242,-6.907755278982139,0.0009999999999999979
coffee maker,1,1,50.018401786574564,146,-6.907755278982139,0.0009999999999999979
coffee maker,1,1,10.921863693305832,178,-6.907755278982139,0.0009999999999999979
coffee maker,1,1,30.535848381683213,142,-6.907755278982139,0.0009999999999999979
coffee maker,1,1,30.566343833378635,134,-6.907755278982139,0.0009999999999999979
coffee maker,1,1,62.118292971833505,230,-6.907755278982139,0.0009999999999999979
coffee maker,1,1,44.3761333877198,152,-6.907755278982139,0.0009999999999999979
coffee maker,1,1,19.417026514960387,258,-6.907755278982139,0.0009999999999999979
coffee maker,1,1,6.63254705824983,194,-6.907755278982139,0.0009999999999999979
coffee maker,1,1,56.34417625200595,236,-6.907755278982139,0.0009999999999999979
coffee maker,1,1,47.422238747871035,142,-6.907755278982139,0.0009999999999999979
coffee maker,1,1,34.67068240652233,240,-6.907755278982139,0.0009999999999999979
coffee maker,1,1,12.248463417154744,110,-6.907755278982139,0.0009999999999999979
coffee maker,1,1,133.18483071901295,98,-6.907755278982139,0.0009999999999999979
coffee maker,1,1,313.5730876479459,130,-6.907755278982139,0.0009999999999999979
coffee maker,1,1,21.214697567945535,174,-6.907755278982139,0.0009999999999999979
coffee maker,1,1,28.305717924344357,246,-6.907755278982139,0.0009999999999999979
coffee maker,1,1,77.10566693842232,206,-6.907755278982139,0.0009999999999999979
coffee maker,1,1,15.196074928431791,226,-6.907755278982139,0.0009999999999999979
coffee maker,1,1,26.97058179240127,262,-6.907755278982139,0.0009999999999999979
coffee maker,1,1,10.967846152483483,156,-6.907755278982139,0.0009999999999999979
coffee maker,1,1,120.087564074843,200,-6.907755278982139,0.0009999999999999979
coffee maker,1,1,31.358529704347614,206,-6.907755278982139,0.0009999999999999979
coffee maker,1,1,19.034558648011433,262,-6.907755278982139,0.0009999999999999979
coffee maker,1,1,279.28900063505387,162,-6.907755278982139,0.0009999999999999979
coffee maker,1,1,18.545334405258643,184,-6.907755278982139,0.0009999999999999979
coffee maker,1,1,10.77017995950424,100,-6.907755278982139,0.0009999999999999979
coffee maker,1,1,11.073159791178647,156,-6.907755278982139,0.0009999999999999979
coffee maker,1,1,133.22586389185497,238,-6.907755278982139,0.0009999999999999979
coffee maker,1,1,4.872080749499856,254,-6.907755278982139,0.0009999999999999979
coffee maker,1,1,51.23011063675573,182,-6.907755278982139,0.0009999999999999979
coffee maker,1,1,101.41969625360134,180,-6.907755278982139,0.0009999999999999979
coffee maker,1,1,33.87345941063923,198,-6.907755278982139,0.0009999999999999979
coffee maker,1,1,229.5361336550405,186,-6.907755278982139,0.0009999999999999979
coffee maker,1,1,213.51910731994445,236,-6.907755278982139,0.0009999999999999979
coffee maker,1,1,13.473848967479045,256,-6.907755278982139,0.0009999999999999979
coffee maker,1,1,13.318144093318466,132,-6.907755278982139,0.0009999999999999979
coffee maker,1,1,32.24397267413064,156,-6.907755278982139,0.0009999999999999979
coffee maker,1,1,39.132657607584036,148,-6.907755278982139,0.0009999999999999979
coffee maker,1,1,67.63957456335883,256,-6.907755278982139,0.0009999999999999979
coffee maker,1,1,32.60088750272222,204,-6.907755278982139,0.0009999999999999979
coffee maker,1,1,116.48632233010362,244,-6.907755278982139,0.0009999999999999979
coffee maker,1,1,121.83250443743442,146,-6.907755278982139,0.0009999999999999979
coffee maker,1,1,19.517051194641702,156,-6.907755278982139,0.0009999999999999979
coffee maker,1,1,46.502601593724734,184,-6.907755278982139,0.0009999999999999979
coffee maker,1,1,23.617162110904996,134,-6.907755278982139,0.0009999999999999979
coffee maker,1,1,51.151902906861395,208,-6.907755278982139,0.0009999999999999979
coffee maker,1,1,74.37996045387158,174,-6.907755278982139,0.0009999999999999979
coffee maker,1,1,125.89005214679676,114,-6.907755278982139,0.0009999999999999979
coffee maker,1,1,17.595423615825084,114,-6.907755278982139,0.0009999999999999979
coffee maker,1,1,27.428477026449027,236,-6.907755278982139,0.0009999999999999979
coffee maker,1,1,37.7307809344309,226,-6.907755278982139,0.0009999999999999979
coffee maker,1,1,116.68539597934137,218,-6.907755278982139,0.0009999999999999979
coffee maker,1,1,111.12250978836353,258,-6.907755278982139,0.0009999999999999979
coffee maker,1,1,49.12071492882334,200,-6.907755278982139,0.0009999999999999979
coffee maker,1,1,43.03779808942914,102,-6.907755278982139,0.0009999999999999979
coffee maker,1,1,17.421686392031898,168,-6.907755278982139,0.0009999999999999979
coffee maker,1,1,32.06006763880335,234,-6.907755278982139,0.0009999999999999979
coffee maker,1,1,72.51431713039175,264,-6.907755278982139,0.0009999999999999979
coffee maker,1,1,115.3002225565379,238,-6.907755278982139,0.0009999999999999979
coffee maker,1,1,8.458332566046957,106,-6.907755278982139,0.0009999999999999979
coffee maker,1,1,17.678806230498008,112,-6.907755278982139,0.0009999999999999979
coffee maker,1,1,9.821693124942229,160,-6.907755278982139,0.0009999999999999979
coffee maker,1,1,17.401474243437566,236,-6.907755278982139,0.0009999999999999979
coffee maker,1,1,20.640807257633075,116,-6.907755278982139,0.0009999999999999979
coffee maker,1,1,67.46974095532826,102,-6.907755278982139,0.0009999999999999979
coffee maker,1,1,26.17994242081477,126,-6.907755278982139,0.0009999999999999979
coffee maker,1,1,11.946337763927897,116,-6.907755278982139,0.0009999999999999979
coffee maker,1,1,30.871785697279623,130,-6.907755278982139,0.0009999999999999979
coffee maker,1,1,168.90930618828605,142,-6.907755278982139,0.0009999999999999979
coffee maker,1,1,52.32489865800582,232,-6.907755278982139,0.0009999999999999979
coffee maker,1,1,57.42669553823025,238,-6.907755278982139,0.0009999999999999979
coffee maker,1,1,71.7475625093403,242,-6.907755278982139,0.0009999999999999979
coffee maker,1,1,26.505361209289934,124,-6.907755278982139,0.0009999999999999979
coffee maker,1,1,38.69215791195212,242,-6.907755278982139,0.0009999999999999979
coffee maker,1,1,59.481565664651804,236,-6.907755278982139,0.0009999999999999979
coffee maker,1,1,25.49487942885194,212,-6.907755278982139,0.0009999999999999979
coffee maker,1,1,156.34040726154453,250,-6.907755278982139,0.0009999999999999979
coffee maker,1,1,33.00609416145591,116,-6.907755278982139,0.0009999999999999979
coffee maker,1,1,71.68557709419765,136,-6.907755278982139,0.0009999999999999979
coffee maker,1,1,46.75875149728164,104,-6.907755278982139,0.0009999999999999979
coffee maker,1,1,16.19388668475948,116,-6.907755278982139,0.0009999999999999979
coffee maker,1,1,45.3610454449297,158,-6.907755278982139,0.0009999999999999979
coffee maker,1,1,22.527363750343962,122,-6.907755278982139,0.0009999999999999979
coffee maker,1,1,6.871157063303847,224,-6.907755278982139,0.0009999999999999979
coffee maker,1,1,24.81587883222969,200,-6.907755278982139,0.0009999999999999979
coffee maker,1,1,71.61483935888829,106,-6.907755278982139,0.0009999999999999979
coffee maker,1,1,232.0870550602673,146,-6.907755278982139,0.0009999999999999979
coffee maker,1,1,30.78080315406535,104,-6.907755278982139,0.0009999999999999979
coffee maker,1,1,20.73820696248733,152,-6.907755278982139,0.0009999999999999979
coffee maker,1,1,21.885127274291325,186,-6.907755278982139,0.0009999999999999979
coffee maker,1,1,18.27527366446714,174,-6.907755278982139,0.0009999999999999979
coffee maker,1,1,16.4524990423287,214,-6.907755278982139,0.0009999999999999979
coffee maker,1,1,36.92936244864556,258,-6.907755278982139,0.0009999999999999979
coffee maker,1,1,74.61221563144031,244,-6.907755278982139,0.0009999999999999979
coffee maker,1,1,39.211193441000695,188,-6.907755278982139,0.0009999999999999979
coffee maker,1,1,24.35540437087526,166,-6.907755278982139,0.0009999999999999979
coffee maker,1,1,157.2176606502689,218,-6.907755278982139,0.0009999999999999979
coffee maker,1,1,85.15474487450295,144,-6.907755278982139,0.0009999999999999979
coffee maker,1,1,41.79044458272544,226,-6.907755278982139,0.0009999999999999979
coffee maker,1,1,143.65750010411668,164,-6.907755278982139,0.0009999999999999979
coffee maker,1,1,11.4747792250821,190,-6.907755278982139,0.0009999999999999979
coffee maker,1,1,7.631784704408566,108,-6.907755278982139,0.0009999999999999979
coffee maker,1,1,18.557872061358673,146,-6.907755278982139,0.0009999999999999979
coffee maker,1,1,64.84457583132911,116,-6.907755278982139,0.0009999999999999979
coffee maker,1,1,21.766274746490186,130,-6.907755278982139,0.0009999999999999979
coffee maker,1,1,36.62970460635797,184,-6.907755278982139,0.0009999999999999979
coffee maker,1,1,63.7579010263861,144,-6.907755278982139,0.0009999999999999979
coffee maker,1,1,79.40945000368814,118,-6.907755278982139,0.0009999999999999979
coffee maker,1,1,16.256785094936287,142,-6.907755278982139,0.0009999999999999979
coffee maker,1,1,27.576821449220585,120,-6.907755278982139,0.0009999999999999979
coffee maker,1,1,54.736446774838804,148,-6.907755278982139,0.0009999999999999979
coffee maker,1,1,50.84348406305096,192,-6.907755278982139,0.0009999999999999979
coffee maker,1,1,96.10160154274487,262,-6.907755278982139,0.0009999999999999979
coffee maker,1,1,35.92638395992949,114,-6.907755278982139,0.0009999999999999979
coffee maker,1,1,32.600088387925716,194,-6.907755278982139,0.0009999999999999979
coffee maker,1,1,42.36902608084571,154,-6.907755278982139,0.0009999999999999979
coffee maker,1,1,141.28534543175036,124,-6.907755278982139,0.0009999999999999979
coffee maker,1,1,27.36908421144038,146,-6.907755278982139,0.0009999999999999979
coffee maker,1,1,18.770529236368578,136,-6.907755278982139,0.0009999999999999979
coffee maker,1,1,144.63692910646373,192,-6.907755278982139,0.0009999999999999979
coffee maker,1,1,19.28015428715802,150,-6.907755278982139,0.0009999999999999979
coffee maker,1,1,23.35108064481925,152,-6.907755278982139,0.0009999999999999979
coffee maker,1,1,23.101679592792237,260,-6.907755278982139,0.0009999999999999979
coffee maker,1,1,81.14246340372078,200,-6.907755278982139,0.0009999999999999979
coffee maker,1,1,59.806603428696256,192,-6.907755278982139,0.0009999999999999979
coffee maker,1,1,22.357143233381297,194,-6.907755278982139,0.0009999999999999979
coffee maker,1,1,29.990555064073785,184,-6.907755278982139,0.0009999999999999979
coffee maker,1,1,26.001626947132053,226,-6.907755278982139,0.0009999999999999979
coffee maker,1,1,53.331808348903564,226,-6.907755278982139,0.0009999999999999979
coffee maker,1,1,57.0543515308059,198,-6.907755278982139,0.0009999999999999979
coffee maker,1,1,41.62056865956261,140,-6.907755278982139,0.0009999999999999979
coffee maker,1,1,41.014512188515106,170,-6.907755278982139,0.0009999999999999979
coffee maker,1,1,2.6989425510858864,168,-6.907755278982139,0.0009999999999999979
coffee maker,1,1,473.5004692441552,18,-6.907755278982139,0.0009999999999999979
coffee maker,1,1,20.247945654228698,250,-6.907755278982139,0.0009999999999999979
coffee maker,1,1,15.597965460488123,144,-6.907755278982139,0.0009999999999999979
coffee maker,1,1,62.75915378727496,184,-6.907755278982139,0.0009999999999999979
coffee maker,1,1,63.07818220275021,198,-6.907755278982139,0.0009999999999999979
coffee maker,1,1,44.42912439155509,138,-6.907755278982139,0.0009999999999999979
coffee maker,1,1,4.299451040312054,138,-6.907755278982139,0.0009999999999999979
coffee maker,1,1,24.19704333403941,222,-6.907755278982139,0.0009999999999999979
coffee maker,1,1,53.42608637838902,224,-6.907755278982139,0.0009999999999999979
coffee maker,1,1,25.603977335231562,136,-6.907755278982139,0.0009999999999999979
coffee maker,1,1,16.959866708007585,216,-6.907755278982139,0.0009999999999999979
coffee maker,1,1,15.128309508511801,164,-6.907755278982139,0.0009999999999999979
coffee maker,1,1,40.46577366647309,230,-6.907755278982139,0.0009999999999999979
coffee maker,1,1,254.3969506788732,214,-6.907755278982139,0.0009999999999999979
coffee maker,1,1,56.780215136600056,102,-6.907755278982139,0.0009999999999999979
coffee maker,1,1,39.16373017065812,210,-6.907755278982139,0.0009999999999999979
coffee maker,1,1,13.714949918663187,176,-6.907755278982139,0.0009999999999999979
coffee maker,1,1,6.681947300446971,200,-6.907755278982139,0.0009999999999999979
coffee maker,1,1,37.286605610896935,112,-6.907755278982139,0.0009999999999999979
coffee maker,1,1,213.77983149277122,146,-6.907755278982139,0.0009999999999999979
coffee maker,1,1,102.56024670501047,112,-6.907755278982139,0.0009999999999999979
coffee maker,1,1,39.60855202294886,168,-6.907755278982139,0.0009999999999999979
coffee maker,1,1,32.73108956540511,258,-6.907755278982139,0.0009999999999999979
coffee maker,1,1,24.577016665262914,114,-6.907755278982139,0.0009999999999999979
coffee maker,1,1,81.41199782002825,130,-6.907755278982139,0.0009999999999999979
coffee maker,1,1,10.347360315658246,250,-6.907755278982139,0.0009999999999999979
coffee maker,1,1,69.28323805163737,260,-6.907755278982139,0.0009999999999999979
coffee maker,1,1,31.684020036883773,218,-6.907755278982139,0.0009999999999999979
coffee maker,1,1,7.905411494000283,152,-6.907755278982139,0.0009999999999999979
coffee maker,1,1,6.704369585732163,122,-6.907755278982139,0.0009999999999999979
coffee maker,1,1,20.403784214391745,182,-6.907755278982139,0.0009999999999999979
coffee maker,1,1,10.409425495066262,162,-6.907755278982139,0.0009999999999999979
coffee maker,1,1,11.644090483589629,190,-6.907755278982139,0.0009999999999999979
coffee maker,1,1,20.467582979974587,216,-6.907755278982139,0.0009999999999999979
coffee maker,1,1,58.02433555949,100,-6.907755278982139,0.0009999999999999979
coffee maker,1,1,28.828878124837246,150,-6.907755278982139,0.0009999999999999979
coffee maker,1,1,109.3445457183719,206,-6.907755278982139,0.0009999999999999979
coffee maker,1,1,91.79407462958258,110,-6.907755278982139,0.0009999999999999979
coffee maker,1,1,144.59546391851285,128,-6.907755278982139,0.0009999999999999979
coffee maker,1,1,13.018459614640708,258,-6.907755278982139,0.0009999999999999979
coffee maker,1,1,49.58676288799324,132,-6.907755278982139,0.0009999999999999979
coffee maker,1,1,92.48230912115474,194,-6.907755278982139,0.0009999999999999979
coffee maker,1,1,19.380946547143704,130,-6.907755278982139,0.0009999999999999979
coffee maker,1,1,8.598791650231288,120,-6.907755278982139,0.0009999999999999979
coffee maker,1,1,53.12085823137705,126,-6.907755278982139,0.0009999999999999979
coffee maker,1,1,11.913743053250155,224,-6.907755278982139,0.0009999999999999979
coffee maker,1,1,20.28791194945749,220,-6.907755278982139,0.0009999999999999979
coffee maker,1,1,93.4520723629899,180,-6.907755278982139,0.0009999999999999979
coffee maker,1,1,87.05085014822885,230,-6.907755278982139,0.0009999999999999979
coffee maker,1,1,116.82366829632532,222,-6.907755278982139,0.0009999999999999979
coffee maker,1,1,49.35626536867234,222,-6.907755278982139,0.0009999999999999979
coffee maker,1,1,138.45102440491036,98,-6.907755278982139,0.0009999999999999979
coffee maker,1,1,35.45348789887295,236,-6.907755278982139,0.0009999999999999979
coffee maker,1,1,189.66898480002448,230,-6.907755278982139,0.0009999999999999979
coffee maker,1,1,29.17847004336764,246,-6.907755278982139,0.0009999999999999979
coffee maker,1,1,35.27800393745272,146,-6.907755278982139,0.0009999999999999979
coffee maker,1,1,6.640001035229549,254,-6.907755278982139,0.0009999999999999979
coffee maker,1,1,1.8547753936825926,234,-6.907755278982139,0.0009999999999999979
coffee maker,1,1,65.06550097473026,120,-6.907755278982139,0.0009999999999999979
coffee maker,1,1,56.39808245939509,218,-6.907755278982139,0.0009999999999999979
coffee maker,1,1,68.88551074737464,222,-6.907755278982139,0.0009999999999999979
coffee maker,1,1,14.737179086380603,266,-6.907755278982139,0.0009999999999999979
coffee maker,1,1,135.59163967367434,184,-6.907755278982139,0.0009999999999999979
coffee maker,1,1,24.62895757495023,150,-6.907755278982139,0.0009999999999999979
coffee maker,1,1,31.31158195973832,164,-6.907755278982139,0.0009999999999999979
coffee maker,1,1,106.33336566666205,258,-6.907755278982139,0.0009999999999999979
coffee maker,1,1,103.43272776523018,180,-6.907755278982139,0.0009999999999999979
coffee maker,1,1,25.780272660947194,266,-6.907755278982139,0.0009999999999999979
coffee maker,1,1,27.167157122812732,140,-6.907755278982139,0.0009999999999999979
coffee maker,1,1,39.930297517849375,158,-6.907755278982139,0.0009999999999999979
coffee maker,1,1,26.489891160265636,112,-6.907755278982139,0.0009999999999999979
coffee maker,1,1,105.93368011225482,260,-6.907755278982139,0.0009999999999999979
coffee maker,1,1,51.64915992688928,206,-6.907755278982139,0.0009999999999999979
coffee maker,1,1,133.37698068697958,172,-6.907755278982139,0.0009999999999999979
coffee maker,1,1,74.01551569911996,116,-6.907755278982139,0.0009999999999999979
coffee maker,1,1,13.884720383523318,196,-6.907755278982139,0.0009999999999999979
coffee maker,1,1,19.433661126000487,180,-6.907755278982139,0.0009999999999999979
coffee maker,1,1,45.02809781328859,176,-6.907755278982139,0.0009999999999999979
coffee maker,1,1,7.793128790039357,202,-6.907755278982139,0.0009999999999999979
coffee maker,1,1,18.465791168197956,190,-6.907755278982139,0.0009999999999999979
coffee maker,1,1,42.3747467990329,198,-6.907755278982139,0.0009999999999999979
coffee maker,1,1,18.26925107169499,222,-6.907755278982139,0.0009999999999999979
coffee maker,1,1,10.730994624602292,204,-6.907755278982139,0.0009999999999999979
coffee maker,1,1,35.949987758654785,144,-6.907755278982139,0.0009999999999999979
coffee maker,1,1,123.46479223985335,132,-6.907755278982139,0.0009999999999999979
coffee maker,1,1,36.86363579699858,198,-6.907755278982139,0.0009999999999999979
coffee maker,1,1,7.797726059308805,204,-6.907755278982139,0.0009999999999999979
coffee maker,1,1,62.755461723985945,202,-6.907755278982139,0.0009999999999999979
coffee maker,1,1,10.768402602449152,138,-6.907755278982139,0.0009999999999999979
coffee maker,1,1,20.538468838843247,192,-6.907755278982139,0.0009999999999999979
coffee maker,1,1,129.7920847835608,98,-6.907755278982139,0.0009999999999999979
coffee maker,1,1,92.52298194263518,164,-6.907755278982139,0.0009999999999999979
coffee maker,1,1,48.828980244107946,234,-6.907755278982139,0.0009999999999999979
coffee maker,1,1,75.45100173632612,146,-6.907755278982139,0.0009999999999999979
coffee maker,1,1,21.169037840078758,250,-6.907755278982139,0.0009999999999999979
coffee maker,1,1,5.942141685760878,116,-6.907755278982139,0.0009999999999999979
coffee maker,1,1,23.051429667294556,198,-6.907755278982139,0.0009999999999999979
coffee maker,1,1,10.98763989628779,128,-6.907755278982139,0.0009999999999999979
coffee maker,1,1,14.110076274247364,122,-6.907755278982139,0.0009999999999999979
coffee maker,1,1,38.13942295278868,226,-6.907755278982139,0.0009999999999999979
coffee maker,1,1,44.348553796974514,180,-6.907755278982139,0.0009999999999999979
coffee maker,1,1,26.41778393602154,186,-6.907755278982139,0.0009999999999999979
coffee maker,1,1,48.71266950885901,162,-6.907755278982139,0.0009999999999999979
coffee maker,1,1,22.847260699683577,232,-6.907755278982139,0.0009999999999999979
coffee maker,1,1,7.981795664167477,112,-6.907755278982139,0.0009999999999999979
coffee maker,1,1,88.72516305648514,106,-6.907755278982139,0.0009999999999999979
coffee maker,1,1,97.714709108511,130,-6.907755278982139,0.0009999999999999979
coffee maker,1,1,90.95564926924175,198,-6.907755278982139,0.0009999999999999979
coffee maker,1,1,5.799165163294346,116,-6.907755278982139,0.0009999999999999979
coffee maker,1,1,20.045407233012902,134,-6.907755278982139,0.0009999999999999979
coffee maker,1,1,14.84011667058193,138,-6.907755278982139,0.0009999999999999979
coffee maker,1,1,8.366532566001723,122,-6.907755278982139,0.0009999999999999979
coffee maker,1,1,10.080664650015718,256,-6.907755278982139,0.0009999999999999979
coffee maker,1,1,20.476163536140238,110,-6.907755278982139,0.0009999999999999979
coffee maker,1,1,175.41573196928073,146,-6.907755278982139,0.0009999999999999979
coffee maker,1,1,7.749372470505684,110,-6.907755278982139,0.0009999999999999979
coffee maker,1,1,10.024203922152077,238,-6.907755278982139,0.0009999999999999979
coffee maker,1,1,41.116578398744316,250,-6.907755278982139,0.0009999999999999979
coffee maker,1,1,20.83341426993928,172,-6.907755278982139,0.0009999999999999979
coffee maker,1,1,76.92650117823698,176,-6.907755278982139,0.0009999999999999979
coffee maker,1,1,50.80790808853548,132,-6.907755278982139,0.0009999999999999979
coffee maker,1,1,132.50699596615584,108,-6.907755278982139,0.0009999999999999979
coffee maker,1,1,46.19981635029589,102,-6.907755278982139,0.0009999999999999979
coffee maker,1,1,58.0898761075556,152,-6.907755278982139,0.0009999999999999979
coffee maker,1,1,152.4693031729014,120,-6.907755278982139,0.0009999999999999979
coffee maker,1,1,32.91600706682887,108,-6.907755278982139,0.0009999999999999979
coffee maker,1,1,49.32200729771322,134,-6.907755278982139,0.0009999999999999979
coffee maker,1,1,6.969561598582435,126,-6.907755278982139,0.0009999999999999979
coffee maker,1,1,47.29004866926681,230,-6.907755278982139,0.0009999999999999979
coffee maker,1,1,172.42085495943647,170,-6.907755278982139,0.0009999999999999979
coffee maker,1,1,23.90543653522522,206,-6.907755278982139,0.0009999999999999979
coffee maker,1,1,40.122749882864206,186,-6.907755278982139,0.0009999999999999979
coffee maker,1,1,45.7147832167617,102,-6.907755278982139,0.0009999999999999979
coffee maker,1,1,21.223534634140016,164,-6.907755278982139,0.0009999999999999979
coffee maker,1,1,80.13949927352272,132,-6.907755278982139,0.0009999999999999979
coffee maker,1,1,27.50998130162904,104,-6.907755278982139,0.0009999999999999979
coffee maker,1,1,11.315822915941538,214,-6.907755278982139,0.0009999999999999979
coffee maker,1,1,34.689717618895635,228,-6.907755278982139,0.0009999999999999979
coffee maker,1,1,14.485786973991203,222,-6.907755278982139,0.0009999999999999979
coffee maker,1,1,27.81960323823873,106,-6.907755278982139,0.0009999999999999979
coffee maker,1,1,9.096691803821358,112,-6.907755278982139,0.0009999999999999979
coffee maker,1,1,22.685386657930188,258,-6.907755278982139,0.0009999999999999979
coffee maker,1,1,21.83841817584743,214,-6.907755278982139,0.0009999999999999979
coffee maker,1,1,36.026117594287015,106,-6.907755278982139,0.0009999999999999979
coffee maker,1,1,66.20179720654963,244,-6.907755278982139,0.0009999999999999979
coffee maker,1,1,212.4381487689873,208,-6.907755278982139,0.0009999999999999979
coffee maker,1,1,109.98231210446615,216,-6.907755278982139,0.0009999999999999979
coffee maker,1,1,6.023166372117069,232,-6.907755278982139,0.0009999999999999979
coffee maker,1,1,23.024806660570878,266,-6.907755278982139,0.0009999999999999979
coffee maker,1,1,36.64370763800448,244,-6.907755278982139,0.0009999999999999979
coffee maker,1,1,19.27176524784596,156,-6.907755278982139,0.0009999999999999979
coffee maker,1,1,42.228476874565935,140,-6.907755278982139,0.0009999999999999979
coffee maker,1,1,68.7442595387189,192,-6.907755278982139,0.0009999999999999979
coffee maker,1,1,106.60168221560993,190,-6.907755278982139,0.0009999999999999979
coffee maker,1,1,13.053703538905097,112,-6.907755278982139,0.0009999999999999979
coffee maker,1,1,30.08084829510459,110,-6.907755278982139,0.0009999999999999979
coffee maker,1,1,6.187921688297142,214,-6.907755278982139,0.0009999999999999979
coffee maker,1,1,19.09382770547356,150,-6.907755278982139,0.0009999999999999979
coffee maker,1,1,19.134668919988826,242,-6.907755278982139,0.0009999999999999979
coffee maker,1,1,30.086183140828844,104,-6.907755278982139,0.0009999999999999979
coffee maker,1,1,32.031347049483266,254,-6.907755278982139,0.0009999999999999979
coffee maker,1,1,215.60992664607667,222,-6.907755278982139,0.0009999999999999979
coffee maker,1,1,31.182267514406437,242,-6.907755278982139,0.0009999999999999979
coffee maker,1,1,54.97002807918066,206,-6.907755278982139,0.0009999999999999979
coffee maker,1,1,60.9417513000485,186,-6.907755278982139,0.0009999999999999979
coffee maker,1,1,61.93930595049749,226,-6.907755278982139,0.0009999999999999979
coffee maker,1,1,74.6799196393986,120,-6.907755278982139,0.0009999999999999979
coffee maker,1,1,81.9453201451415,244,-6.907755278982139,0.0009999999999999979
coffee maker,1,1,73.15874945785318,246,-6.907755278982139,0.0009999999999999979
coffee maker,1,1,68.07104252696982,166,-6.907755278982139,0.0009999999999999979
coffee maker,1,1,81.70742955613979,142,-6.907755278982139,0.0009999999999999979
coffee maker,1,1,77.96126489675271,248,-6.907755278982139,0.0009999999999999979
coffee maker,1,1,33.41925419771484,120,-6.907755278982139,0.0009999999999999979
coffee maker,1,1,47.34756844734568,162,-6.907755278982139,0.0009999999999999979
coffee maker,1,1,47.61660871351463,110,-6.907755278982139,0.0009999999999999979
coffee maker,1,1,46.10545119460313,132,-6.907755278982139,0.0009999999999999979
coffee maker,1,1,70.16058164883717,262,-6.907755278982139,0.0009999999999999979
coffee maker,1,1,72.55451388855352,226,-6.907755278982139,0.0009999999999999979
coffee maker,1,1,10.815046042228875,208,-6.907755278982139,0.0009999999999999979
coffee maker,1,1,12.56497932375433,160,-6.907755278982139,0.0009999999999999979
coffee maker,1,1,23.72417865373494,116,-6.907755278982139,0.0009999999999999979
