mountain,1,1,55857.04954807669,5000,-6.907755278982139,0.0009999999999999979
mountain,1,1,1809.1545775885736,18000,-6.214608098422192,0.001999999999999999
mountain,1,1,3931.11381425079,5500,-6.214608098422192,0.001999999999999999
mountain,1,1,31084.35762811143,5000,-5.521460917862247,0.003999999999999998
mountain,1,1,4588.528288883091,1500,-6.907755278982139,0.0009999999999999979
mountain,1,1,1291.4638042440906,4000,-6.214608098422192,0.001999999999999999
mountain,1,1,87180.22803667148,3000,-5.521460917862247,0.003999999999999998
mountain,1,1,14601.64437300768,16500,-6.214608098422192,0.001999999999999999
mountain,1,1,14116.797052021475,0,-6.907755278982139,0.0009999999999999979
mountain,1,1,6519.125979159094,6000,-6.214608098422192,0.001999999999999999
mountain,1,1,395.913305569739,5000,-5.809142990314028,0.002999999999999998
mountain,1,1,3489.650826610092,7500,-6.214608098422192,0.001999999999999999
mountain,1,1,2316.1103885870943,1000,-6.907755278982139,0.0009999999999999979
mountain,1,1,3606.229944660004,1500,-6.214608098422192,0.001999999999999999
mountain,1,1,1302.1475458830569,0,-6.907755278982139,0.0009999999999999979
mountain,1,1,104884.90340160784,2000,-6.214608098422192,0.001999999999999999
mountain,1,1,660.0208669549609,7000,-6.214608098422192,0.001999999999999999
mountain,1,1,72144.95001197292,4000,-6.907755278982139,0.0009999999999999979
mountain,1,1,12903.151502770124,5000,-6.907755278982139,0.0009999999999999979
mountain,1,1,22052.076766916183,7500,-6.214608098422192,0.001999999999999999
mountain,1,1,4361.627017664708,8000,-6.214608098422192,0.001999999999999999
mountain,1,1,4334.0195254753135,16000,-5.809142990314028,0.002999999999999998
mountain,1,1,2538.4469245683485,7000,-5.521460917862247,0.003999999999999998
mountain,1,1,84497.9617624398,4500,-5.809142990314028,0.002999999999999998
mountain,1,1,6098.131348461177,500,-6.907755278982139,0.0009999999999999979
mountain,1,1,429.67023960585243,1000,-6.907755278982139,0.0009999999999999979
mountain,1,1,14334.321054095813,7000,-6.907755278982139,0.0009999999999999979
mountain,1,1,184.56752192052707,16500,-6.214608098422192,0.001999999999999999
mountain,1,1,16338.173815611826,4000,-6.907755278982139,0.0009999999999999979
mountain,1,1,1669.4108716143373,3500,-6.907755278982139,0.0009999999999999979
mountain,1,1,40726.25600180242,0,-6.907755278982139,0.0009999999999999979
mountain,1,1,1630.3103634972858,1000,-6.907755278982139,0.0009999999999999979
mountain,1,1,420.16133849750577,12000,-6.214608098422192,0.001999999999999999
mountain,1,1,3974.45649702739,4000,-6.907755278982139,0.0009999999999999979
mountain,1,1,825.9895343534841,16000,-6.214608098422192,0.001999999999999999
mountain,1,1,1568.183720858611,5500,-6.214608098422192,0.001999999999999999
mountain,1,1,427.77066976661695,4500,-6.907755278982139,0.0009999999999999979
mountain,1,1,2043.5239555074427,13500,-5.809142990314028,0.002999999999999998
mountain,1,1,23962.22351746627,0,-6.214608098422192,0.001999999999999999
mountain,1,1,5624.465290129777,13000,-6.214608098422192,0.001999999999999999
mountain,1,1,733.6522110672066,3500,-5.809142990314028,0.002999999999999998
mountain,1,1,1473.7520552505666,18500,-6.214608098422192,0.001999999999999999
mountain,1,1,11364.413517928371,3500,-6.214608098422192,0.001999999999999999
mountain,1,1,8276.573906198246,1000,-6.907755278982139,0.0009999999999999979
mountain,1,1,4802.279834167915,6500,-6.214608098422192,0.001999999999999999
mountain,1,1,11714.084141878055,1500,-6.907755278982139,0.0009999999999999979
mountain,1,1,5586.369507782269,2500,-6.907755278982139,0.0009999999999999979
mountain,1,1,1263.3689895782913,5500,-6.214608098422192,0.001999999999999999
mountain,1,1,4072.2073508919384,11500,-6.214608098422192,0.001999999999999999
mountain,1,1,38101.79204528343,2000,-6.907755278982139,0.0009999999999999979
mountain,1,1,14483.123517615832,3000,-6.214608098422192,0.001999999999999999
mountain,1,1,2162.7418457398594,18500,-6.214608098422192,0.001999999999999999
mountain,1,1,1843.7548760691543,0,-6.214608098422192,0.001999999999999999
mountain,1,1,1890.437653538043,3500,-6.214608098422192,0.001999999999999999
mountain,1,1,808.6821440803145,14000,-6.214608098422192,0.001999999999999999
mountain,1,1,1316.5797468709268,17500,-6.214608098422192,0.001999999999999999
mountain,1,1,397.6498894934237,6500,-5.809142990314028,0.002999999999999998
mountain,1,1,485.03774177902324,0,-6.907755278982139,0.0009999999999999979
mountain,1,1,71892.73473199688,15000,-5.809142990314028,0.002999999999999998
mountain,1,1,6751.688628312158,7000,-6.907755278982139,0.0009999999999999979
mountain,1,1,7326.622254933097,2500,-6.214608098422192,0.001999999999999999
mountain,1,1,26052.546775011608,7500,-5.298317366548037,0.004999999999999997
mountain,1,1,4104.878544059188,500,-6.907755278982139,0.0009999999999999979
mountain,1,1,4072.662916957995,7500,-6.214608098422192,0.001999999999999999
mountain,1,1,357.12262987920303,13000,-6.214608098422192,0.001999999999999999
mountain,1,1,876.0565643508546,14500,-6.214608098422192,0.001999999999999999
mountain,1,1,20975.7526216583,3000,-6.907755278982139,0.0009999999999999979
mountain,1,1,513.7665822745179,4500,-6.907755278982139,0.0009999999999999979
mountain,1,1,340.9235748610814,5000,-6.214608098422192,0.001999999999999999
mountain,1,1,2773.103603657465,5000,-6.907755278982139,0.0009999999999999979
mountain,1,1,1145.8116408586175,14500,-6.214608098422192,0.001999999999999999
mountain,1,1,1241.8552362890684,5000,-6.907755278982139,0.0009999999999999979
mountain,1,1,5370.290825653824,2500,-6.907755278982139,0.0009999999999999979
mountain,1,1,3816.9840121872585,3000,-6.214608098422192,0.001999999999999999
mountain,1,1,10185.952956539288,4500,-6.214608098422192,0.001999999999999999
mountain,1,1,2286.2097351217844,2500,-6.214608098422192,0.001999999999999999
mountain,1,1,2896.6468743750843,4500,-6.907755278982139,0.0009999999999999979
mountain,1,1,15923.983007118102,9000,-6.907755278982139,0.0009999999999999979
mountain,1,1,89.17362414837527,5500,-5.521460917862247,0.003999999999999998
mountain,1,1,4522.624218831948,6500,-6.214608098422192,0.001999999999999999
mountain,1,1,2048.387165885239,2000,-6.214608098422192,0.001999999999999999
mountain,1,1,4903.324137151797,13500,-6.214608098422192,0.001999999999999999
mountain,1,1,725.5480329225801,14500,-6.214608098422192,0.001999999999999999
mountain,1,1,461.0403613607683,17000,-6.214608098422192,0.001999999999999999
mountain,1,1,3253.1667563805904,18500,-6.214608098422192,0.001999999999999999
mountain,1,1,9297.112914408406,16500,-6.214608098422192,0.001999999999999999
mountain,1,1,83854.99020530589,5500,-5.809142990314028,0.002999999999999998
mountain,1,1,224.3694599321792,3500,-6.907755278982139,0.0009999999999999979
mountain,1,1,328.2389701087913,16000,-6.214608098422192,0.001999999999999999
mountain,1,1,4996.744639440778,1000,-6.907755278982139,0.0009999999999999979
mountain,1,1,3072.362679764996,0,-6.907755278982139,0.0009999999999999979
mountain,1,1,2955.587568724067,500,-6.214608098422192,0.001999999999999999
mountain,1,1,2197.795785234352,3500,-6.907755278982139,0.0009999999999999979
mountain,1,1,15616.297733867774,5000,-6.214608098422192,0.001999999999999999
mountain,1,1,2427.6774003643363,7000,-6.907755278982139,0.0009999999999999979
mountain,1,1,74826.9327493697,12500,-5.809142990314028,0.002999999999999998
mountain,1,1,14232.928421828294,4000,-5.809142990314028,0.002999999999999998
mountain,1,1,2377.207303447118,4000,-6.907755278982139,0.0009999999999999979
mountain,1,1,980.9854078547222,2500,-6.907755278982139,0.0009999999999999979
mountain,1,1,45545.911420158336,6500,-6.907755278982139,0.0009999999999999979
mountain,1,1,1250.2953359127735,15500,-6.214608098422192,0.001999999999999999
mountain,1,1,470.62204379733197,7000,-6.907755278982139,0.0009999999999999979
mountain,1,1,2341.1596820024984,5500,-6.214608098422192,0.001999999999999999
mountain,1,1,7973.195225804854,0,-6.214608098422192,0.001999999999999999
mountain,1,1,1112.1285570887667,3500,-6.907755278982139,0.0009999999999999979
mountain,1,1,11675.223637131217,14000,-6.214608098422192,0.001999999999999999
mountain,1,1,61618.54667102684,4500,-6.214608098422192,0.001999999999999999
mountain,1,1,1664.8475160716032,3500,-6.907755278982139,0.0009999999999999979
mountain,1,1,3879.6498932327654,6500,-6.907755278982139,0.0009999999999999979
mountain,1,1,2873.5834116109527,17500,-6.214608098422192,0.001999999999999999
mountain,1,1,3073.9581542047117,13500,-6.214608098422192,0.001999999999999999
mountain,1,1,5388.267439714931,17500,-5.809142990314028,0.002999999999999998
mountain,1,1,10284.051367466198,7500,-5.809142990314028,0.002999999999999998
mountain,1,1,7574.052641441189,4000,-6.907755278982139,0.0009999999999999979
mountain,1,1,170.17750842811245,1500,-6.907755278982139,0.0009999999999999979
mountain,1,1,21786.706650124517,18000,-6.214608098422192,0.001999999999999999
mountain,1,1,1359.6314155194448,3500,-6.214608098422192,0.001999999999999999
mountain,1,1,1297.255474000797,15000,-6.214608098422192,0.001999999999999999
mountain,1,1,2065.6560478434944,0,-6.907755278982139,0.0009999999999999979
mountain,1,1,1357.6950437416388,13000,-6.214608098422192,0.001999999999999999
mountain,1,1,2767.286830826083,17000,-5.809142990314028,0.002999999999999998
mountain,1,1,2004.061761864374,7000,-6.907755278982139,0.0009999999999999979
mountain,1,1,7149.914927198346,4500,-6.907755278982139,0.0009999999999999979
mountain,1,1,648.151027297182,3000,-6.907755278982139,0.0009999999999999979
mountain,1,1,1441.632439322347,3500,-6.907755278982139,0.0009999999999999979
mountain,1,1,658.6952007890328,18500,-6.214608098422192,0.001999999999999999
mountain,1,1,4359.346824473322,7000,-6.907755278982139,0.0009999999999999979
mountain,1,1,31598.798243094716,12500,-6.214608098422192,0.001999999999999999
mountain,1,1,2744.430221886641,500,-6.907755278982139,0.0009999999999999979
mountain,1,1,2346.998993264666,4000,-6.907755278982139,0.0009999999999999979
mountain,1,1,35062.73278324324,1500,-6.907755278982139,0.0009999999999999979
mountain,1,1,6658.051840025765,14000,-6.214608098422192,0.001999999999999999
mountain,1,1,12043.535361449009,14000,-6.214608098422192,0.001999999999999999
mountain,1,1,10949.956978351558,14000,-6.214608098422192,0.001999999999999999
mountain,1,1,2345.826501983437,1500,-6.907755278982139,0.0009999999999999979
mountain,1,1,83807.91024050451,16500,-5.809142990314028,0.002999999999999998
mountain,1,1,1366.1484726827323,7000,-5.809142990314028,0.002999999999999998
mountain,1,1,1593.7291611227558,7000,-6.907755278982139,0.0009999999999999979
mountain,1,1,16693.604909713285,10500,-6.214608098422192,0.001999999999999999
mountain,1,1,8.027627043471764,1500,-6.907755278982139,0.0009999999999999979
mountain,1,1,3079.733037714,1500,-6.907755278982139,0.0009999999999999979
mountain,1,1,2067.3900311667658,3500,-6.214608098422192,0.001999999999999999
mountain,1,1,2168.831738281761,4500,-6.907755278982139,0.0009999999999999979
mountain,1,1,2698.5000567939355,11000,-6.214608098422192,0.001999999999999999
mountain,1,1,1296.260157270295,14500,-6.214608098422192,0.001999999999999999
mountain,1,1,2781.235000935933,17500,-6.214608098422192,0.001999999999999999
mountain,1,1,8481.72729592269,6000,-6.907755278982139,0.0009999999999999979
mountain,1,1,7230.784602761083,5500,-5.809142990314028,0.002999999999999998
mountain,1,1,95.70819981042722,16000,-5.809142990314028,0.002999999999999998
mountain,1,1,3255.075157180213,3000,-6.907755278982139,0.0009999999999999979
mountain,1,1,1703.0754052867715,2500,-6.907755278982139,0.0009999999999999979
mountain,1,1,5680.568876601711,5500,-6.907755278982139,0.0009999999999999979
mountain,1,1,11083.732015110394,9000,-6.907755278982139,0.0009999999999999979
mountain,1,1,4811.781830353077,7000,-5.809142990314028,0.002999999999999998
mountain,1,1,969.3003245745767,4000,-6.214608098422192,0.001999999999999999
mountain,1,1,14136.459856040181,500,-6.907755278982139,0.0009999999999999979
mountain,1,1,6874.451707315907,16500,-6.214608098422192,0.001999999999999999
mountain,1,1,10853.504994828489,9500,-6.214608098422192,0.001999999999999999
mountain,1,1,5445.418501470764,11500,-6.214608098422192,0.001999999999999999
mountain,1,1,4529.251876554114,18000,-6.214608098422192,0.001999999999999999
mountain,1,1,23153.579448285942,6500,-6.214608098422192,0.001999999999999999
mountain,1,1,124.16392765743886,3000,-6.907755278982139,0.0009999999999999979
mountain,1,1,2273.4184216582876,0,-6.907755278982139,0.0009999999999999979
mountain,1,1,7156.597680050154,3000,-6.907755278982139,0.0009999999999999979
mountain,1,1,22305.082288337144,2000,-6.907755278982139,0.0009999999999999979
mountain,1,1,72.3499695722244,14000,-6.214608098422192,0.001999999999999999
mountain,1,1,1803.3650804695924,3000,-6.907755278982139,0.0009999999999999979
mountain,1,1,14677.217494808297,7000,-5.809142990314028,0.002999999999999998
mountain,1,1,1387.278217687178,9000,-6.214608098422192,0.001999999999999999
mountain,1,1,113.95145481195621,3500,-6.214608098422192,0.001999999999999999
mountain,1,1,14913.328973039746,0,-6.907755278982139,0.0009999999999999979
mountain,1,1,3055.2131573852107,2000,-6.907755278982139,0.0009999999999999979
mountain,1,1,18858.014167060184,3000,-6.907755278982139,0.0009999999999999979
mountain,1,1,639.3134383169529,13000,-6.214608098422192,0.001999999999999999
mountain,1,1,3982.5606484083482,17500,-6.214608098422192,0.001999999999999999
mountain,1,1,1092.349475950998,7000,-6.907755278982139,0.0009999999999999979
mountain,1,1,20109.120823223457,0,-6.214608098422192,0.001999999999999999
mountain,1,1,3515.2736157505487,15500,-6.214608098422192,0.001999999999999999
mountain,1,1,6384.288350424946,1000,-6.214608098422192,0.001999999999999999
mountain,1,1,7519.4216059703995,17500,-5.809142990314028,0.002999999999999998
mountain,1,1,1128.9898569893612,5500,-6.214608098422192,0.001999999999999999
mountain,1,1,700.7352326831016,1500,-6.214608098422192,0.001999999999999999
mountain,1,1,3819.167601712521,4500,-6.214608098422192,0.001999999999999999
mountain,1,1,9156.799009678178,3000,-6.907755278982139,0.0009999999999999979
mountain,1,1,1399.382846782462,17500,-6.214608098422192,0.001999999999999999
mountain,1,1,20845.322500295482,6500,-6.907755278982139,0.0009999999999999979
mountain,1,1,18238.37662600786,18000,-6.214608098422192,0.001999999999999999
mountain,1,1,429.8485988061565,3000,-6.214608098422192,0.001999999999999999
mountain,1,1,3086.1778942399937,14500,-6.214608098422192,0.001999999999999999
mountain,1,1,22282.958014728425,7500,-6.907755278982139,0.0009999999999999979
mountain,1,1,516.2508697196471,5500,-6.907755278982139,0.0009999999999999979
mountain,1,1,744.6791859560279,4000,-6.907755278982139,0.0009999999999999979
mountain,1,1,430.5639851965855,500,-6.907755278982139,0.0009999999999999979
mountain,1,1,16123.352253785997,13000,-6.214608098422192,0.001999999999999999
mountain,1,1,14468.910042048346,18500,-6.214608098422192,0.001999999999999999
mountain,1,1,44768.45050903771,4000,-6.214608098422192,0.001999999999999999
mountain,1,1,942.2471494584362,5000,-6.214608098422192,0.001999999999999999
mountain,1,1,1045.6160602440523,14500,-6.214608098422192,0.001999999999999999
mountain,1,1,30115.322994519785,2000,-6.907755278982139,0.0009999999999999979
mountain,1,1,3260.5352819628274,5500,-6.907755278982139,0.0009999999999999979
mountain,1,1,3754.1067117329535,3000,-6.214608098422192,0.001999999999999999
mountain,1,1,1491.8518351565567,6500,-6.907755278982139,0.0009999999999999979
mountain,1,1,2736.5639627135292,7000,-6.907755278982139,0.0009999999999999979
mountain,1,1,16749.49157106339,4000,-6.907755278982139,0.0009999999999999979
mountain,1,1,463.1396693952803,10000,-6.214608098422192,0.001999999999999999
mountain,1,1,323.62981322493266,500,-6.907755278982139,0.0009999999999999979
mountain,1,1,35201.530766237665,4000,-6.907755278982139,0.0009999999999999979
mountain,1,1,713.6276229402829,16500,-6.214608098422192,0.001999999999999999
mountain,1,1,2226.251388502536,16500,-6.214608098422192,0.001999999999999999
mountain,1,1,2416.9497146539547,14000,-6.214608098422192,0.001999999999999999
mountain,1,1,2279.3911572218917,17000,-6.214608098422192,0.001999999999999999
mountain,1,1,2994.3312256632007,4500,-6.907755278982139,0.0009999999999999979
mountain,1,1,1840.831710909246,16000,-6.214608098422192,0.001999999999999999
mountain,1,1,4087.290164837582,15500,-6.214608098422192,0.001999999999999999
mountain,1,1,3832.857820073108,14000,-6.214608098422192,0.001999999999999999
mountain,1,1,3573.5263813873476,16500,-6.214608098422192,0.001999999999999999
mountain,1,1,1280.331717989373,17000,-6.214608098422192,0.001999999999999999
mountain,1,1,354.1883529412342,6500,-6.907755278982139,0.0009999999999999979
mountain,1,1,4159.650177182766,6500,-6.907755278982139,0.0009999999999999979
mountain,1,1,4147.349098728574,2000,-6.907755278982139,0.0009999999999999979
mountain,1,1,3015.9198481603903,16500,-5.809142990314028,0.002999999999999998
mountain,1,1,10641.180422599358,6500,-6.214608098422192,0.001999999999999999
mountain,1,1,1925.8249220414152,3500,-6.907755278982139,0.0009999999999999979
mountain,1,1,1491.889181737024,16500,-6.214608098422192,0.001999999999999999
mountain,1,1,18993.769784222746,7500,-6.907755278982139,0.0009999999999999979
mountain,1,1,8617.278600978292,12500,-6.214608098422192,0.001999999999999999
mountain,1,1,16606.828268568905,7000,-6.907755278982139,0.0009999999999999979
mountain,1,1,699.4954958939634,500,-6.907755278982139,0.0009999999999999979
mountain,1,1,850.2757612768869,2000,-6.907755278982139,0.0009999999999999979
mountain,1,1,14229.575768973715,2000,-6.214608098422192,0.001999999999999999
mountain,1,1,3025.3288757623986,14000,-6.214608098422192,0.001999999999999999
mountain,1,1,4459.067540736863,5000,-6.214608098422192,0.001999999999999999
mountain,1,1,2951.3313761194668,2000,-6.907755278982139,0.0009999999999999979
mountain,1,1,7183.068214863221,16500,-6.214608098422192,0.001999999999999999
mountain,1,1,2913.348653736929,4500,-6.214608098422192,0.001999999999999999
mountain,1,1,7284.966847312109,2500,-6.907755278982139,0.0009999999999999979
mountain,1,1,1348.6026971922192,7000,-6.907755278982139,0.0009999999999999979
mountain,1,1,2637.7960393263875,13500,-6.214608098422192,0.001999999999999999
mountain,1,1,14543.99110505975,16000,-6.214608098422192,0.001999999999999999
mountain,1,1,1783.1087107408584,5500,-6.907755278982139,0.0009999999999999979
mountain,1,1,255537.9928824252,5500,-6.907755278982139,0.0009999999999999979
mountain,1,1,2904.496553400212,2500,-6.907755278982139,0.0009999999999999979
mountain,1,1,1277.54546837727,4000,-6.907755278982139,0.0009999999999999979
mountain,1,1,290.1590259594241,12500,-6.214608098422192,0.001999999999999999
mountain,1,1,1173.0415955733147,5000,-6.907755278982139,0.0009999999999999979
mountain,1,1,13356.371635010395,18500,-6.214608098422192,0.001999999999999999
mountain,1,1,6676.953522226597,17500,-6.214608098422192,0.001999999999999999
mountain,1,1,20284.08510530705,7500,-6.907755278982139,0.0009999999999999979
mountain,1,1,4060.2190382633735,14500,-6.214608098422192,0.001999999999999999
mountain,1,1,5983.229798507649,7000,-6.907755278982139,0.0009999999999999979
mountain,1,1,2887.13147885978,1000,-6.907755278982139,0.0009999999999999979
mountain,1,1,959.7639846664088,4500,-6.907755278982139,0.0009999999999999979
mountain,1,1,17402.013848854836,500,-6.907755278982139,0.0009999999999999979
mountain,1,1,602.3873784742262,11500,-6.214608098422192,0.001999999999999999
mountain,1,1,48356.32021006257,5000,-6.907755278982139,0.0009999999999999979
mountain,1,1,1334.8207867868277,3000,-6.907755278982139,0.0009999999999999979
mountain,1,1,606.7169645933333,14000,-6.214608098422192,0.001999999999999999
mountain,1,1,1231.053965727321,500,-6.907755278982139,0.0009999999999999979
mountain,1,1,74046.07883379007,0,-6.907755278982139,0.0009999999999999979
mountain,1,1,1371.3037104633709,1500,-6.907755278982139,0.0009999999999999979
mountain,1,1,4065.7399643954545,15500,-6.214608098422192,0.001999999999999999
mountain,1,1,17858.029633169495,16000,-6.214608098422192,0.001999999999999999
mountain,1,1,12250.660937378434,6000,-6.907755278982139,0.0009999999999999979
mountain,1,1,1743.6273851168207,3500,-6.907755278982139,0.0009999999999999979
mountain,1,1,12638.280467122908,3500,-6.907755278982139,0.0009999999999999979
mountain,1,1,806.2526851301615,5000,-6.907755278982139,0.0009999999999999979
mountain,1,1,1228.7652567747782,18000,-6.214608098422192,0.001999999999999999
mountain,1,1,17122.942037632703,6500,-6.907755278982139,0.0009999999999999979
mountain,1,1,1806.844360519207,13000,-6.214608098422192,0.001999999999999999
mountain,1,1,6873.1242173128985,3500,-6.907755278982139,0.0009999999999999979
mountain,1,1,10624.584320819335,7000,-6.907755278982139,0.0009999999999999979
mountain,1,1,5681.7891201469965,7000,-6.907755278982139,0.0009999999999999979
mountain,1,1,37661.80629892673,3000,-6.907755278982139,0.0009999999999999979
mountain,1,1,724.072904689959,4500,-6.907755278982139,0.0009999999999999979
mountain,1,1,36120.68854457569,5000,-6.907755278982139,0.0009999999999999979
mountain,1,1,331.2874143740966,18000,-6.214608098422192,0.001999999999999999
mountain,1,1,1051.9854301713503,14500,-6.214608098422192,0.001999999999999999
mountain,1,1,1575.7834048613072,18500,-6.214608098422192,0.001999999999999999
mountain,1,1,275.74478744335323,7000,-6.907755278982139,0.0009999999999999979
mountain,1,1,960.5791971938679,16500,-6.214608098422192,0.001999999999999999
mountain,1,1,456.5590634268634,1500,-6.907755278982139,0.0009999999999999979
mountain,1,1,88.12368977501056,4500,-6.907755278982139,0.0009999999999999979
mountain,1,1,2599.137472045237,7000,-6.907755278982139,0.0009999999999999979
mountain,1,1,5765.202963991724,17000,-6.214608098422192,0.001999999999999999
mountain,1,1,15085.61768673929,9000,-6.907755278982139,0.0009999999999999979
mountain,1,1,599.4874505655015,10000,-6.907755278982139,0.0009999999999999979
mountain,1,1,2659.655452149514,16500,-6.907755278982139,0.0009999999999999979
mountain,1,1,7514.888043615143,16500,-6.907755278982139,0.0009999999999999979
mountain,1,1,2836.984281143189,9000,-6.907755278982139,0.0009999999999999979
mountain,1,1,3511.1804544434744,16000,-6.907755278982139,0.0009999999999999979
mountain,1,1,1059.1320982082214,11000,-6.907755278982139,0.0009999999999999979
mountain,1,1,384.3376913441065,15500,-6.907755278982139,0.0009999999999999979
mountain,1,1,4956.1621647816455,10000,-6.907755278982139,0.0009999999999999979
mountain,1,1,123.70247617215261,12000,-6.907755278982139,0.0009999999999999979
mountain,1,1,823.3979466180335,10500,-6.907755278982139,0.0009999999999999979
mountain,1,1,1286.813913222676,11000,-6.907755278982139,0.0009999999999999979
mountain,1,1,3963.380236221188,8000,-6.907755278982139,0.0009999999999999979
mountain,1,1,1200.206682356646,17000,-6.907755278982139,0.0009999999999999979
mountain,1,1,8434.025226158126,12000,-6.907755278982139,0.0009999999999999979
mountain,1,1,404.86620270650684,14000,-6.907755278982139,0.0009999999999999979
mountain,1,1,1501.8943689982564,13500,-6.907755278982139,0.0009999999999999979
mountain,1,1,327.62080363781917,16500,-6.907755278982139,0.0009999999999999979
mountain,1,1,641.0958311969837,14000,-6.907755278982139,0.0009999999999999979
mountain,1,1,1240.0851724322015,18500,-6.907755278982139,0.0009999999999999979
mountain,1,1,4489.823782377491,16000,-6.907755278982139,0.0009999999999999979
mountain,1,1,1878.08829692581,13000,-6.907755278982139,0.0009999999999999979
mountain,1,1,4061.7138625785547,9000,-6.907755278982139,0.0009999999999999979
mountain,1,1,7821.951507770887,11000,-6.907755278982139,0.0009999999999999979
mountain,1,1,2971.9894341128092,14000,-6.907755278982139,0.0009999999999999979
mountain,1,1,2763.202074464476,8500,-6.907755278982139,0.0009999999999999979
mountain,1,1,3040.223546766785,6000,-6.907755278982139,0.0009999999999999979
mountain,1,1,571.5987944842948,12500,-6.907755278982139,0.0009999999999999979
mountain,1,1,10046.033776621533,16000,-6.907755278982139,0.0009999999999999979
mountain,1,1,28782.217153234986,17500,-6.907755278982139,0.0009999999999999979
mountain,1,1,206.87249703720312,7500,-6.907755278982139,0.0009999999999999979
mountain,1,1,40549.83415085164,13000,-6.907755278982139,0.0009999999999999979
mountain,1,1,371.0056604850499,9500,-6.907755278982139,0.0009999999999999979
mountain,1,1,1396.1125087865662,14500,-6.907755278982139,0.0009999999999999979
mountain,1,1,1481.1030999552972,16500,-6.907755278982139,0.0009999999999999979
mountain,1,1,4631.1108897000295,9500,-6.907755278982139,0.0009999999999999979
mountain,1,1,699.8847217533239,14500,-6.907755278982139,0.0009999999999999979
mountain,1,1,3448.0658286264893,14000,-6.907755278982139,0.0009999999999999979
mountain,1,1,640.4509904205685,14500,-6.907755278982139,0.0009999999999999979
mountain,1,1,4053.210407738011,18500,-6.907755278982139,0.0009999999999999979
mountain,1,1,7592.146330168891,18000,-6.907755278982139,0.0009999999999999979
mountain,1,1,206.8644693464771,16000,-6.907755278982139,0.0009999999999999979
mountain,1,1,12007.88901493245,10500,-6.907755278982139,0.0009999999999999979
mountain,1,1,3493.724146498133,6000,-6.907755278982139,0.0009999999999999979
mountain,1,1,7111.997574991617,12000,-6.907755278982139,0.0009999999999999979
mountain,1,1,6468.764854361592,10000,-6.907755278982139,0.0009999999999999979
mountain,1,1,617.5000089083973,8500,-6.907755278982139,0.0009999999999999979
mountain,1,1,1063.8373539604593,11000,-6.907755278982139,0.0009999999999999979
mountain,1,1,1041.3066742922797,12500,-6.907755278982139,0.0009999999999999979
mountain,1,1,1732.3697625848886,18000,-6.907755278982139,0.0009999999999999979
mountain,1,1,387.6194928517655,12000,-6.907755278982139,0.0009999999999999979
mountain,1,1,1818.9219623777528,7500,-6.907755278982139,0.0009999999999999979
mountain,1,1,2995.8196427143343,18000,-6.907755278982139,0.0009999999999999979
mountain,1,1,2240.4710988120096,18500,-6.907755278982139,0.0009999999999999979
mountain,1,1,7674.576614008209,10000,-6.907755278982139,0.0009999999999999979
mountain,1,1,1888.9549406210956,14500,-6.907755278982139,0.0009999999999999979
mountain,1,1,2479.506060449745,15000,-6.907755278982139,0.0009999999999999979
mountain,1,1,470.1108958265434,13000,-6.907755278982139,0.0009999999999999979
mountain,1,1,3845.6149605770333,13500,-6.907755278982139,0.0009999999999999979
mountain,1,1,1574.298556455037,13000,-6.907755278982139,0.0009999999999999979
mountain,1,1,10717.540266836233,13500,-6.907755278982139,0.0009999999999999979
mountain,1,1,13906.576567363578,9000,-6.907755278982139,0.0009999999999999979
mountain,1,1,396.8577664886069,13500,-6.907755278982139,0.0009999999999999979
mountain,1,1,1634.7548501877768,14500,-6.907755278982139,0.0009999999999999979
mountain,1,1,2511.114005680447,9000,-6.907755278982139,0.0009999999999999979
mountain,1,1,15220.930046877902,7000,-6.907755278982139,0.0009999999999999979
mountain,1,1,5655.177278530948,10500,-6.907755278982139,0.0009999999999999979
mountain,1,1,3297.095960131477,17000,-6.907755278982139,0.0009999999999999979
mountain,1,1,6889.256235616627,5000,-6.907755278982139,0.0009999999999999979
mountain,1,1,1940.8500747165085,7500,-6.907755278982139,0.0009999999999999979
mountain,1,1,5874.7697850940785,9000,-6.907755278982139,0.0009999999999999979
mountain,1,1,1773.2350170357008,11000,-6.907755278982139,0.0009999999999999979
mountain,1,1,217.50765999902825,7500,-6.907755278982139,0.0009999999999999979
mountain,1,1,13274.764943593822,14500,-6.907755278982139,0.0009999999999999979
mountain,1,1,2359.8328074261035,11500,-6.907755278982139,0.0009999999999999979
mountain,1,1,3484.205072176942,14000,-6.907755278982139,0.0009999999999999979
mountain,1,1,124.68944730705374,8500,-6.907755278982139,0.0009999999999999979
mountain,1,1,1202.9984715134276,12000,-6.907755278982139,0.0009999999999999979
mountain,1,1,11787.580509114785,15500,-6.907755278982139,0.0009999999999999979
mountain,1,1,2789.826937913404,10500,-6.907755278982139,0.0009999999999999979
mountain,1,1,5483.7185719333065,15000,-6.907755278982139,0.0009999999999999979
mountain,1,1,12495.782883643406,11000,-6.907755278982139,0.0009999999999999979
mountain,1,1,3397.304400469866,11000,-6.907755278982139,0.0009999999999999979
mountain,1,1,742.7300997545317,8000,-6.907755278982139,0.0009999999999999979
mountain,1,1,12041.85704961823,8000,-6.907755278982139,0.0009999999999999979
mountain,1,1,44108.33409951062,10500,-6.907755278982139,0.0009999999999999979
mountain,1,1,3387.070891059905,13000,-6.907755278982139,0.0009999999999999979
mountain,1,1,1686.7117981734193,8000,-6.907755278982139,0.0009999999999999979
mountain,1,1,1902.7854076160509,8500,-6.907755278982139,0.0009999999999999979
mountain,1,1,1254.280204011042,8000,-6.907755278982139,0.0009999999999999979
mountain,1,1,19662.02325410938,4500,-6.907755278982139,0.0009999999999999979
mountain,1,1,1655.9342924239872,18000,-6.907755278982139,0.0009999999999999979
mountain,1,1,391.3354504780534,16000,-6.907755278982139,0.0009999999999999979
mountain,1,1,19396.05447572984,8500,-6.907755278982139,0.0009999999999999979
mountain,1,1,6377.787270013709,16500,-6.907755278982139,0.0009999999999999979
mountain,1,1,5254.30135929442,8500,-6.907755278982139,0.0009999999999999979
mountain,1,1,6989.6006264224425,17500,-6.907755278982139,0.0009999999999999979
mountain,1,1,2377.4226259901043,15000,-6.907755278982139,0.0009999999999999979
mountain,1,1,13581.802008212868,15000,-6.907755278982139,0.0009999999999999979
mountain,1,1,279.1572313223199,9500,-6.907755278982139,0.0009999999999999979
mountain,1,1,22391.543599735392,8500,-6.907755278982139,0.0009999999999999979
mountain,1,1,871.6100517340468,12000,-6.907755278982139,0.0009999999999999979
mountain,1,1,8214.48895610902,10000,-6.907755278982139,0.0009999999999999979
mountain,1,1,6680.580654403754,12000,-6.907755278982139,0.0009999999999999979
mountain,1,1,21020.5062563558,15000,-6.907755278982139,0.0009999999999999979
mountain,1,1,8105.106454482499,17000,-6.907755278982139,0.0009999999999999979
mountain,1,1,78.76011883445217,16500,-6.907755278982139,0.0009999999999999979
mountain,1,1,2586.9098387597082,14000,-6.907755278982139,0.0009999999999999979
mountain,1,1,1253.5879140210561,18000,-6.907755278982139,0.0009999999999999979
mountain,1,1,1877.1308560868051,10500,-6.907755278982139,0.0009999999999999979
mountain,1,1,1564.1511992214828,15000,-6.907755278982139,0.0009999999999999979
mountain,1,1,267.45706579713215,16000,-6.907755278982139,0.0009999999999999979
mountain,1,1,614.2095890871348,13000,-6.907755278982139,0.0009999999999999979
mountain,1,1,466.3305013222453,9000,-6.907755278982139,0.0009999999999999979
mountain,1,1,1953.6708289086082,7500,-6.907755278982139,0.0009999999999999979
mountain,1,1,2533.515378773786,12000,-6.907755278982139,0.0009999999999999979
mountain,1,1,4834.901354711732,11000,-6.907755278982139,0.0009999999999999979
mountain,1,1,582.9961032194858,15500,-6.907755278982139,0.0009999999999999979
mountain,1,1,2809.923814411125,15500,-6.907755278982139,0.0009999999999999979
mountain,1,1,1738.9187776264682,12000,-6.907755278982139,0.0009999999999999979
mountain,1,1,995.9429515326254,11500,-6.907755278982139,0.0009999999999999979
mountain,1,1,1945.45683604718,13500,-6.907755278982139,0.0009999999999999979
mountain,1,1,15154.322050810266,7000,-6.907755278982139,0.0009999999999999979
mountain,1,1,109996.78017553968,10500,-6.907755278982139,0.0009999999999999979
mountain,1,1,4648.527468689463,18000,-6.907755278982139,0.0009999999999999979
mountain,1,1,1854.788668788947,9500,-6.907755278982139,0.0009999999999999979
mountain,1,1,445.25855409753495,9500,-6.907755278982139,0.0009999999999999979
mountain,1,1,1341.8380737776758,10500,-6.907755278982139,0.0009999999999999979
mountain,1,1,2565.31352813655,8500,-6.907755278982139,0.0009999999999999979
mountain,1,1,7744.86314892631,18500,-6.907755278982139,0.0009999999999999979
mountain,1,1,6979.9686682936945,11000,-6.907755278982139,0.0009999999999999979
mountain,1,1,2078.3721377419092,10000,-6.907755278982139,0.0009999999999999979
mountain,1,1,11203.583805431852,11500,-6.907755278982139,0.0009999999999999979
mountain,1,1,1561.8417375781708,12500,-6.907755278982139,0.0009999999999999979
mountain,1,1,636.9812709141531,8500,-6.907755278982139,0.0009999999999999979
mountain,1,1,6890.093229890841,8000,-6.907755278982139,0.0009999999999999979
mountain,1,1,158.3556499512674,17000,-6.907755278982139,0.0009999999999999979
mountain,1,1,16999.773709146357,12500,-6.907755278982139,0.0009999999999999979
mountain,1,1,2963.513122981542,11500,-6.907755278982139,0.0009999999999999979
mountain,1,1,20222.547232187728,12500,-6.907755278982139,0.0009999999999999979
mountain,1,1,178.300085871166,8500,-6.907755278982139,0.0009999999999999979
mountain,1,1,665.19590273023,9000,-6.907755278982139,0.0009999999999999979
mountain,1,1,2194.219339665217,6000,-6.907755278982139,0.0009999999999999979
mountain,1,1,1571.541723198321,16000,-6.907755278982139,0.0009999999999999979
mountain,1,1,2846.406039811834,16500,-6.907755278982139,0.0009999999999999979
mountain,1,1,3017.7570020205776,14500,-6.907755278982139,0.0009999999999999979
mountain,1,1,3772.4422787928174,16000,-6.907755278982139,0.0009999999999999979
mountain,1,1,342.3540551689373,12000,-6.907755278982139,0.0009999999999999979
mountain,1,1,36182.14388313674,17500,-6.907755278982139,0.0009999999999999979
mountain,1,1,1157.255398765083,16000,-6.907755278982139,0.0009999999999999979
mountain,1,1,4972.79274591781,9500,-6.907755278982139,0.0009999999999999979
mountain,1,1,1008.055087739578,17500,-6.907755278982139,0.0009999999999999979
mountain,1,1,7394.114463738211,9500,-6.907755278982139,0.0009999999999999979
mountain,1,1,443.1898374765816,8000,-6.907755278982139,0.0009999999999999979
mountain,1,1,474.19007681884113,18500,-6.907755278982139,0.0009999999999999979
mountain,1,1,3888.248579493832,10500,-6.907755278982139,0.0009999999999999979
mountain,1,1,2979.10199122244,9000,-6.907755278982139,0.0009999999999999979
mountain,1,1,1449.7758024069283,13500,-6.907755278982139,0.0009999999999999979
mountain,1,1,3988.3052447415175,15500,-6.907755278982139,0.0009999999999999979
mountain,1,1,3926.3608200707863,13500,-6.907755278982139,0.0009999999999999979
mountain,1,1,15405.657000100184,17500,-6.907755278982139,0.0009999999999999979
mountain,1,1,14781.7160110947,12000,-6.907755278982139,0.0009999999999999979
mountain,1,1,3625.1580242004575,9000,-6.907755278982139,0.0009999999999999979
mountain,1,1,23074.27891706,9500,-6.907755278982139,0.0009999999999999979
mountain,1,1,476.5934165956976,10500,-6.907755278982139,0.0009999999999999979
mountain,1,1,25003.33852275679,11500,-6.907755278982139,0.0009999999999999979
mountain,1,1,3344.2117897393982,17500,-6.907755278982139,0.0009999999999999979
mountain,1,1,315.88105786982584,15500,-6.907755278982139,0.0009999999999999979
mountain,1,1,7326.290815126956,8000,-6.907755278982139,0.0009999999999999979
mountain,1,1,886.124813337645,18500,-6.907755278982139,0.0009999999999999979
mountain,1,1,1978.8733182856831,10000,-6.907755278982139,0.0009999999999999979
mountain,1,1,1146.1949773926733,6000,-6.907755278982139,0.0009999999999999979
mountain,1,1,4619.482442309768,8000,-6.907755278982139,0.0009999999999999979
mountain,1,1,1227.3251080963994,15000,-6.907755278982139,0.0009999999999999979
mountain,1,1,14617.36559380832,16000,-6.907755278982139,0.0009999999999999979
mountain,1,1,7263.806845358111,12500,-6.907755278982139,0.0009999999999999979
mountain,1,1,10458.672240771928,14500,-6.907755278982139,0.0009999999999999979
mountain,1,1,2984.7578687995883,13500,-6.907755278982139,0.0009999999999999979
mountain,1,1,24234.794187781907,10000,-6.907755278982139,0.0009999999999999979
mountain,1,1,7446.611261424818,11500,-6.907755278982139,0.0009999999999999979
mountain,1,1,329.4564994386369,6000,-6.907755278982139,0.0009999999999999979
mountain,1,1,30980.96904709191,16000,-6.907755278982139,0.0009999999999999979
mountain,1,1,6743.290540340271,10500,-6.907755278982139,0.0009999999999999979
mountain,1,1,1582.231475749335,9000,-6.907755278982139,0.0009999999999999979
mountain,1,1,4368.643429736021,15000,-6.907755278982139,0.0009999999999999979
mountain,1,1,2382.130556521497,13500,-6.907755278982139,0.0009999999999999979
mountain,1,1,22523.257956192745,10000,-6.907755278982139,0.0009999999999999979
mountain,1,1,1768.5538626244331,17000,-6.907755278982139,0.0009999999999999979
mountain,1,1,11526.872004440813,13500,-6.907755278982139,0.0009999999999999979
mountain,1,1,355.1063970950506,16000,-6.907755278982139,0.0009999999999999979
mountain,1,1,9428.682407294013,15500,-6.907755278982139,0.0009999999999999979
mountain,1,1,2906.6369687767674,12500,-6.907755278982139,0.0009999999999999979
mountain,1,1,8960.70390092921,18000,-6.907755278982139,0.0009999999999999979
mountain,1,1,2290.621132004103,15000,-6.907755278982139,0.0009999999999999979
mountain,1,1,194.94892014222597,11500,-6.907755278982139,0.0009999999999999979
mountain,1,1,2399.2107902093057,11500,-6.907755278982139,0.0009999999999999979
mountain,1,1,5563.348987274812,14000,-6.907755278982139,0.0009999999999999979
mountain,1,1,2690.4200255855126,12500,-6.907755278982139,0.0009999999999999979
mountain,1,1,1516.869166495256,7500,-6.907755278982139,0.0009999999999999979
mountain,1,1,10072.93199659271,5500,-6.907755278982139,0.0009999999999999979
mountain,1,1,10803.844396566743,16000,-6.907755278982139,0.0009999999999999979
mountain,1,1,434.1834281875548,10500,-6.907755278982139,0.0009999999999999979
mountain,1,1,2240.5920964241445,17000,-6.907755278982139,0.0009999999999999979
mountain,1,1,340.10351935441065,18000,-6.907755278982139,0.0009999999999999979
mountain,1,1,2003.7634667573568,14000,-6.907755278982139,0.0009999999999999979
mountain,1,1,13782.53666236013,8000,-6.907755278982139,0.0009999999999999979
mountain,1,1,29176.74831224382,17000,-6.907755278982139,0.0009999999999999979
mountain,1,1,2406.8472186812687,11500,-6.907755278982139,0.0009999999999999979
mountain,1,1,876.1355703222675,15000,-6.907755278982139,0.0009999999999999979
mountain,1,1,2348.785142784779,17000,-6.907755278982139,0.0009999999999999979
mountain,1,1,2177.440607479647,8000,-6.907755278982139,0.0009999999999999979
mountain,1,1,1045.6673438807368,15500,-6.907755278982139,0.0009999999999999979
mountain,1,1,8595.391279922875,12500,-6.907755278982139,0.0009999999999999979
mountain,1,1,91.94492900520426,13500,-6.907755278982139,0.0009999999999999979
mountain,1,1,3234.8779234789577,6000,-6.907755278982139,0.0009999999999999979
mountain,1,1,825.4768800957439,13500,-6.907755278982139,0.0009999999999999979
mountain,1,1,165.26213651767208,9000,-6.907755278982139,0.0009999999999999979
mountain,1,1,2116.6265714836773,14500,-6.907755278982139,0.0009999999999999979
mountain,1,1,768.7464676495252,16500,-6.907755278982139,0.0009999999999999979
mountain,1,1,785.7253675510804,6000,-6.907755278982139,0.0009999999999999979
mountain,1,1,9643.651115899682,13500,-6.907755278982139,0.0009999999999999979
mountain,1,1,10662.010879697522,16000,-6.907755278982139,0.0009999999999999979
mountain,1,1,5808.497975689537,16500,-6.907755278982139,0.0009999999999999979
mountain,1,1,709.1379846096802,16000,-6.907755278982139,0.0009999999999999979
mountain,1,1,7582.225992054872,8500,-6.907755278982139,0.0009999999999999979
mountain,1,1,217153.08199394608,12000,-6.907755278982139,0.0009999999999999979
mountain,1,1,488.7141227297376,13000,-6.907755278982139,0.0009999999999999979
mountain,1,1,2263.0616246661234,12500,-6.907755278982139,0.0009999999999999979
mountain,1,1,5783.289517171253,8500,-6.907755278982139,0.0009999999999999979
mountain,1,1,367.40560536223836,15500,-6.907755278982139,0.0009999999999999979
mountain,1,1,4154.849760277953,11000,-6.907755278982139,0.0009999999999999979
mountain,1,1,16224.764588616377,18000,-6.907755278982139,0.0009999999999999979
mountain,1,1,2482.5866043033675,17000,-6.907755278982139,0.0009999999999999979
mountain,1,1,12959.259200087941,9500,-6.907755278982139,0.0009999999999999979
mountain,1,1,67149.82831823482,18500,-6.907755278982139,0.0009999999999999979
mountain,1,1,2437.1220610586984,9000,-6.907755278982139,0.0009999999999999979
mountain,1,1,739.619297300285,16000,-6.907755278982139,0.0009999999999999979
mountain,1,1,2620.7284649741455,12000,-6.907755278982139,0.0009999999999999979
mountain,1,1,19629.383198162068,16000,-6.907755278982139,0.0009999999999999979
mountain,1,1,10362.25125497276,10000,-6.907755278982139,0.0009999999999999979
mountain,1,1,474.1004094313988,9500,-6.907755278982139,0.0009999999999999979
mountain,1,1,615.6709745498945,12500,-6.907755278982139,0.0009999999999999979
mountain,1,1,3972.1376604948814,18000,-6.907755278982139,0.0009999999999999979
mountain,1,1,5620.317630859449,17000,-6.907755278982139,0.0009999999999999979
mountain,1,1,318.2139044970458,6000,-6.907755278982139,0.0009999999999999979
mountain,1,1,16102.7281019058,8500,-6.907755278982139,0.0009999999999999979
mountain,1,1,6002.321059351391,11500,-6.907755278982139,0.0009999999999999979
mountain,1,1,3610.9049364357425,13500,-6.907755278982139,0.0009999999999999979
mountain,1,1,10369.642831220426,11500,-6.907755278982139,0.0009999999999999979
mountain,1,1,19872.171041439004,8000,-6.907755278982139,0.0009999999999999979
mountain,1,1,12410.402542274689,11500,-6.907755278982139,0.0009999999999999979
mountain,1,1,2742.2029894457282,18000,-6.907755278982139,0.0009999999999999979
mountain,1,1,12158.395449261154,11000,-6.907755278982139,0.0009999999999999979
mountain,1,1,5256.697432953701,13000,-6.907755278982139,0.0009999999999999979
mountain,1,1,36767.01835071523,16000,-6.907755278982139,0.0009999999999999979
mountain,1,1,3072.3714595120764,10500,-6.907755278982139,0.0009999999999999979
mountain,1,1,50445.518657086046,9000,-6.907755278982139,0.0009999999999999979
mountain,1,1,146.36323718955015,11500,-6.907755278982139,0.0009999999999999979
mountain,1,1,91.00518846532641,7500,-6.907755278982139,0.0009999999999999979
mountain,1,1,10732.1473599313,16500,-6.907755278982139,0.0009999999999999979
mountain,1,1,1630.0392064426428,15500,-6.907755278982139,0.0009999999999999979
mountain,1,1,770.9243784884998,11000,-6.907755278982139,0.0009999999999999979
mountain,1,1,4015.5059893176585,17000,-6.907755278982139,0.0009999999999999979
mountain,1,1,3636.675294255222,17500,-6.907755278982139,0.0009999999999999979
mountain,1,1,48527.460640838144,17000,-6.907755278982139,0.0009999999999999979
mountain,1,1,5200.593152142349,14000,-6.907755278982139,0.0009999999999999979
mountain,1,1,1304.7549850212422,13500,-6.907755278982139,0.0009999999999999979
mountain,1,1,1779.9530210920377,9500,-6.907755278982139,0.0009999999999999979
mountain,1,1,28100.23664872963,13500,-6.907755278982139,0.0009999999999999979
mountain,1,1,1203.2558527912374,18500,-6.907755278982139,0.0009999999999999979
mountain,1,1,1562.2452383195177,9500,-6.907755278982139,0.0009999999999999979
mountain,1,1,5860.490632799025,6000,-6.907755278982139,0.0009999999999999979
mountain,1,1,328.0933394003181,13000,-6.907755278982139,0.0009999999999999979
mountain,1,1,6680.853744929542,8000,-6.907755278982139,0.0009999999999999979
mountain,1,1,17619.269784588847,10500,-6.907755278982139,0.0009999999999999979
mountain,1,1,892.1087988443462,17000,-6.907755278982139,0.0009999999999999979
mountain,1,1,42968.26860824539,12000,-6.907755278982139,0.0009999999999999979
mountain,1,1,285.36520860890016,14000,-6.907755278982139,0.0009999999999999979
mountain,1,1,10495.516387762702,9500,-6.907755278982139,0.0009999999999999979
mountain,1,1,2374.1103905509167,7500,-6.907755278982139,0.0009999999999999979
mountain,1,1,446.9292817245518,17000,-6.907755278982139,0.0009999999999999979
mountain,1,1,3648.933129468879,11500,-6.907755278982139,0.0009999999999999979
mountain,1,1,3540.416135427599,15000,-6.907755278982139,0.0009999999999999979
mountain,1,1,16131.896181245053,16500,-6.907755278982139,0.0009999999999999979
mountain,1,1,14964.842891939785,13000,-6.907755278982139,0.0009999999999999979
mountain,1,1,5665.023109262019,8000,-6.907755278982139,0.0009999999999999979
mountain,1,1,32087.46027582126,9000,-6.907755278982139,0.0009999999999999979
mountain,1,1,72.55547642489837,11000,-6.907755278982139,0.0009999999999999979
mountain,1,1,3391.8425708289165,9000,-6.907755278982139,0.0009999999999999979
mountain,1,1,4451.01111037264,18000,-6.907755278982139,0.0009999999999999979
mountain,1,1,1424.0280719331174,18500,-6.907755278982139,0.0009999999999999979
mountain,1,1,1786.252692485262,15000,-6.907755278982139,0.0009999999999999979
mountain,1,1,702.3837580666494,6000,-6.907755278982139,0.0009999999999999979
mountain,1,1,1307.8671937938113,18500,-6.907755278982139,0.0009999999999999979
mountain,1,1,4297.091941583172,17500,-6.907755278982139,0.0009999999999999979
mountain,1,1,6372.101080945269,16500,-6.907755278982139,0.0009999999999999979
mountain,1,1,2110.010146382945,8000,-6.907755278982139,0.0009999999999999979
mountain,1,1,669.3298157415733,10000,-6.907755278982139,0.0009999999999999979
mountain,1,1,234.81422245054748,7500,-6.907755278982139,0.0009999999999999979
mountain,1,1,1137.551666033687,18000,-6.907755278982139,0.0009999999999999979
mountain,1,1,271.916280804983,10000,-6.907755278982139,0.0009999999999999979
mountain,1,1,1958.0251953917714,14500,-6.907755278982139,0.0009999999999999979
mountain,1,1,145939.65376501405,10500,-6.907755278982139,0.0009999999999999979
mountain,1,1,2072.699289279818,8000,-6.907755278982139,0.0009999999999999979
mountain,1,1,558.7404725919919,8000,-6.907755278982139,0.0009999999999999979
mountain,1,1,3603.689838410782,9000,-6.907755278982139,0.0009999999999999979
mountain,1,1,3351.9747889032215,8000,-6.907755278982139,0.0009999999999999979
mountain,1,1,9970.527765162155,14000,-6.907755278982139,0.0009999999999999979
mountain,1,1,1165.3126444648367,14000,-6.907755278982139,0.0009999999999999979
mountain,1,1,13249.381129101079,17500,-6.907755278982139,0.0009999999999999979
mountain,1,1,1030.8157740701447,12000,-6.907755278982139,0.0009999999999999979
mountain,1,1,48305.739923136476,12500,-6.907755278982139,0.0009999999999999979
mountain,1,1,87.94559077791183,10500,-6.907755278982139,0.0009999999999999979
mountain,1,1,56.379459760764114,15000,-6.907755278982139,0.0009999999999999979
mountain,1,1,107779.66073879294,10000,-6.907755278982139,0.0009999999999999979
mountain,1,1,987.3052331059374,15500,-6.907755278982139,0.0009999999999999979
mountain,1,1,4468.088274815254,8500,-6.907755278982139,0.0009999999999999979
mountain,1,1,1194.372382452411,7500,-6.907755278982139,0.0009999999999999979
mountain,1,1,9158.376729180327,14500,-6.907755278982139,0.0009999999999999979
mountain,1,1,2973.605261692197,8000,-6.907755278982139,0.0009999999999999979
mountain,1,1,72343.75191186328,11500,-6.907755278982139,0.0009999999999999979
mountain,1,1,84270.71041156378,13000,-6.907755278982139,0.0009999999999999979
mountain,1,1,296.2457768191237,9500,-6.907755278982139,0.0009999999999999979
mountain,1,1,96723.99651839913,10000,-6.907755278982139,0.0009999999999999979
mountain,1,1,36160.940028410325,14000,-6.907755278982139,0.0009999999999999979
mountain,1,1,677.4593692466921,18500,-6.907755278982139,0.0009999999999999979
mountain,1,1,14497.48646645913,13000,-6.907755278982139,0.0009999999999999979
mountain,1,1,2444.2714474375102,14000,-6.907755278982139,0.0009999999999999979
mountain,1,1,900.1120748648773,11000,-6.907755278982139,0.0009999999999999979
mountain,1,1,182857.58085505004,12000,-6.907755278982139,0.0009999999999999979
mountain,1,1,9083.585968784402,18500,-6.907755278982139,0.0009999999999999979
mountain,1,1,941.3884761746588,18000,-6.907755278982139,0.0009999999999999979
mountain,1,1,7674.497642732564,18000,-6.907755278982139,0.0009999999999999979
mountain,1,1,1692.1246994569087,7500,-6.907755278982139,0.0009999999999999979
mountain,1,1,496.21763336808556,6000,-6.907755278982139,0.0009999999999999979
mountain,1,1,1956.0433067897252,14500,-6.907755278982139,0.0009999999999999979
mountain,1,1,662.9346960426958,12000,-6.907755278982139,0.0009999999999999979
mountain,1,1,1691.692668695916,15500,-6.907755278982139,0.0009999999999999979
mountain,1,1,200.02410508918987,6000,-6.907755278982139,0.0009999999999999979
mountain,1,1,12645.519064437067,8000,-6.907755278982139,0.0009999999999999979
mountain,1,1,9873.555056015506,16000,-6.907755278982139,0.0009999999999999979
mountain,1,1,20020.35966027341,11500,-6.907755278982139,0.0009999999999999979
mountain,1,1,1397.7695134629184,9000,-6.907755278982139,0.0009999999999999979
mountain,1,1,870.0119708207526,15500,-6.907755278982139,0.0009999999999999979
mountain,1,1,11431.403990528095,10000,-6.907755278982139,0.0009999999999999979
mountain,1,1,12363.974771598856,13500,-6.907755278982139,0.0009999999999999979
mountain,1,1,2712.4777681551545,17500,-6.907755278982139,0.0009999999999999979
mountain,1,1,998.3873126606212,8000,-6.907755278982139,0.0009999999999999979
mountain,1,1,2498.3151900230428,8000,-6.907755278982139,0.0009999999999999979
mountain,1,1,8369.512160823122,17500,-6.907755278982139,0.0009999999999999979
mountain,1,1,308.61920497077017,18000,-6.907755278982139,0.0009999999999999979
mountain,1,1,3108.8088709450813,14500,-6.907755278982139,0.0009999999999999979
mountain,1,1,2432.2116823038564,6000,-6.907755278982139,0.0009999999999999979
mountain,1,1,910.5029314428529,11000,-6.907755278982139,0.0009999999999999979
mountain,1,1,6447.040963446266,9000,-6.907755278982139,0.0009999999999999979
mountain,1,1,6582.594443378196,12000,-6.907755278982139,0.0009999999999999979
mountain,1,1,535.3713560879518,6000,-6.907755278982139,0.0009999999999999979
mountain,1,1,2222.6175602414655,17500,-6.907755278982139,0.0009999999999999979
mountain,1,1,56560.879180504264,8000,-6.907755278982139,0.0009999999999999979
mountain,1,1,17025.877646316967,15000,-6.907755278982139,0.0009999999999999979
mountain,1,1,2088.180472960789,13500,-6.907755278982139,0.0009999999999999979
mountain,1,1,638.5127093769826,13000,-6.907755278982139,0.0009999999999999979
mountain,1,1,5526.626478620368,16500,-6.907755278982139,0.0009999999999999979
mountain,1,1,726.6100432797373,6000,-6.907755278982139,0.0009999999999999979
mountain,1,1,2998.9902228052933,10500,-6.907755278982139,0.0009999999999999979
mountain,1,1,3906.5251012782965,9500,-6.907755278982139,0.0009999999999999979
mountain,1,1,7798.930763615754,17500,-6.907755278982139,0.0009999999999999979
mountain,1,1,8208.98261669596,8500,-6.907755278982139,0.0009999999999999979
mountain,1,1,52499.92419778444,18500,-6.907755278982139,0.0009999999999999979
mountain,1,1,3105.026192085691,8000,-6.907755278982139,0.0009999999999999979
mountain,1,1,2660.294861584443,8000,-6.907755278982139,0.0009999999999999979
mountain,1,1,222.97897330462408,15500,-6.907755278982139,0.0009999999999999979
mountain,1,1,5723.012494734831,13000,-6.907755278982139,0.0009999999999999979
mountain,1,1,1939.1289965672584,10500,-6.907755278982139,0.0009999999999999979
mountain,1,1,920.1317825140403,13000,-6.907755278982139,0.0009999999999999979
mountain,1,1,3750.393440174979,9500,-6.907755278982139,0.0009999999999999979
mountain,1,1,980.4591152635586,16500,-6.907755278982139,0.0009999999999999979
mountain,1,1,411.99394871562333,17500,-6.907755278982139,0.0009999999999999979
mountain,1,1,29417.02991708317,16500,-6.907755278982139,0.0009999999999999979
mountain,1,1,5521.83825567574,18000,-6.907755278982139,0.0009999999999999979
mountain,1,1,879.3650088003388,13500,-6.907755278982139,0.0009999999999999979
mountain,1,1,11640.683309816168,13000,-6.907755278982139,0.0009999999999999979
mountain,1,1,4749.353014257878,9500,-6.907755278982139,0.0009999999999999979
mountain,1,1,1396.8801068087512,9500,-6.907755278982139,0.0009999999999999979
mountain,1,1,11614.413898794663,18500,-6.907755278982139,0.0009999999999999979
mountain,1,1,3765.12177708036,6000,-6.907755278982139,0.0009999999999999979
mountain,1,1,2092.4176805181437,16000,-6.907755278982139,0.0009999999999999979
mountain,1,1,821.5487427400064,8500,-6.907755278982139,0.0009999999999999979
mountain,1,1,655.3349588533874,10500,-6.907755278982139,0.0009999999999999979
mountain,1,1,10297.261150777786,17500,-6.907755278982139,0.0009999999999999979
mountain,1,1,2152.556713583463,8000,-6.907755278982139,0.0009999999999999979
mountain,1,1,414.50815285560833,10500,-6.907755278982139,0.0009999999999999979
mountain,1,1,21086.644142112396,11000,-6.907755278982139,0.0009999999999999979
mountain,1,1,129562.54450515132,10000,-6.907755278982139,0.0009999999999999979
mountain,1,1,557.3331114901495,13000,-6.907755278982139,0.0009999999999999979
mountain,1,1,28598.67574364219,13000,-6.907755278982139,0.0009999999999999979
mountain,1,1,4354.8807880637,18500,-6.907755278982139,0.0009999999999999979
mountain,1,1,18743.941468488218,17500,-6.907755278982139,0.0009999999999999979
mountain,1,1,91.78668031718816,18500,-6.907755278982139,0.0009999999999999979
mountain,1,1,3124.783436829292,12000,-6.907755278982139,0.0009999999999999979
mountain,1,1,2934.7742298410662,12000,-6.907755278982139,0.0009999999999999979
mountain,1,1,4284.39591019956,13000,-6.907755278982139,0.0009999999999999979
mountain,1,1,425.94933984231824,14500,-6.907755278982139,0.0009999999999999979
mountain,1,1,5797.818825865615,11500,-6.907755278982139,0.0009999999999999979
mountain,1,1,464.93750842530653,8500,-6.907755278982139,0.0009999999999999979
mountain,1,1,2132.1452224357176,18500,-6.907755278982139,0.0009999999999999979
mountain,1,1,13466.457927784362,10500,-6.907755278982139,0.0009999999999999979
mountain,1,1,342.9700369316534,8000,-6.907755278982139,0.0009999999999999979
mountain,1,1,1385.6749950701608,13000,-6.907755278982139,0.0009999999999999979
mountain,1,1,1494.767303208225,13500,-6.907755278982139,0.0009999999999999979
mountain,1,1,5528.90320674084,11000,-6.907755278982139,0.0009999999999999979
mountain,1,1,2776.058001942077,8000,-6.907755278982139,0.0009999999999999979
mountain,1,1,84624.29038833281,7500,-6.907755278982139,0.0009999999999999979
mountain,1,1,920.8730751240365,9500,-6.907755278982139,0.0009999999999999979
mountain,1,1,13200.787939431622,15500,-6.907755278982139,0.0009999999999999979
mountain,1,1,4228.732536955433,10500,-6.907755278982139,0.0009999999999999979
mountain,1,1,1985.4864896515949,16000,-6.907755278982139,0.0009999999999999979
mountain,1,1,346.6173011936167,11500,-6.907755278982139,0.0009999999999999979
mountain,1,1,8940.096624745474,14500,-6.907755278982139,0.0009999999999999979
mountain,1,1,7818.406778352179,8000,-6.907755278982139,0.0009999999999999979
mountain,1,1,2741.9064901986453,16500,-6.907755278982139,0.0009999999999999979
mountain,1,1,14757.75092049367,18000,-6.907755278982139,0.0009999999999999979
mountain,1,1,3890.782878253159,11500,-6.907755278982139,0.0009999999999999979
mountain,1,1,7413.602775372166,9000,-6.907755278982139,0.0009999999999999979
mountain,1,1,311.7305802638197,11500,-6.907755278982139,0.0009999999999999979
mountain,1,1,5243.828700520903,13000,-6.907755278982139,0.0009999999999999979
mountain,1,1,253.58201336628622,12000,-6.907755278982139,0.0009999999999999979
mountain,1,1,64716.24140119276,8500,-6.907755278982139,0.0009999999999999979
mountain,1,1,3430.610474064618,11000,-6.907755278982139,0.0009999999999999979
mountain,1,1,4784.1502466565735,8500,-6.907755278982139,0.0009999999999999979
mountain,1,1,17198.77612587665,17500,-6.907755278982139,0.0009999999999999979
mountain,1,1,371.5933389267927,10000,-6.907755278982139,0.0009999999999999979
mountain,1,1,27149.81704708609,13000,-6.907755278982139,0.0009999999999999979
mountain,1,1,169553.8479288853,8000,-6.907755278982139,0.0009999999999999979
mountain,1,1,4269.514756392628,12000,-6.907755278982139,0.0009999999999999979
mountain,1,1,5124.752657235725,18000,-6.907755278982139,0.0009999999999999979
mountain,1,1,10760.90028406512,8500,-6.907755278982139,0.0009999999999999979
mountain,1,1,3715.1684395318102,18500,-6.907755278982139,0.0009999999999999979
mountain,1,1,1664.7527702854984,8000,-6.907755278982139,0.0009999999999999979
mountain,1,1,6191.10379119759,17000,-6.907755278982139,0.0009999999999999979
mountain,1,1,16120.309772534527,16000,-6.907755278982139,0.0009999999999999979
mountain,1,1,2455.722197672317,14000,-6.907755278982139,0.0009999999999999979
mountain,1,1,371.974734293281,15000,-6.907755278982139,0.0009999999999999979
mountain,1,1,3176.534722154282,11000,-6.907755278982139,0.0009999999999999979
mountain,1,1,219.9457643955284,8500,-6.907755278982139,0.0009999999999999979
mountain,1,1,188.20247073583042,13500,-6.907755278982139,0.0009999999999999979
mountain,1,1,4201.2578669015875,17500,-6.907755278982139,0.0009999999999999979
mountain,1,1,1310.9165818398728,12000,-6.907755278982139,0.0009999999999999979
mountain,1,1,5356.2467958531615,11000,-6.907755278982139,0.0009999999999999979
mountain,1,1,8793.848261729685,17500,-6.907755278982139,0.0009999999999999979
mountain,1,1,10536.961667024201,13500,-6.907755278982139,0.0009999999999999979
mountain,1,1,7334.993738973521,18000,-6.907755278982139,0.0009999999999999979
mountain,1,1,1893.5124120184041,14000,-6.907755278982139,0.0009999999999999979
mountain,1,1,10087.177235472283,13500,-6.907755278982139,0.0009999999999999979
mountain,1,1,20248.437819933137,17500,-6.907755278982139,0.0009999999999999979
mountain,1,1,982.9899442442343,9500,-6.907755278982139,0.0009999999999999979
mountain,1,1,1180.3503477507284,8500,-6.907755278982139,0.0009999999999999979
mountain,1,1,1512.319593297274,14000,-6.907755278982139,0.0009999999999999979
mountain,1,1,22662.9295505207,11500,-6.907755278982139,0.0009999999999999979
mountain,1,1,13162.372593919587,16500,-6.907755278982139,0.0009999999999999979
mountain,1,1,3382.591679642164,18000,-6.907755278982139,0.0009999999999999979
mountain,1,1,2455.570784890451,12000,-6.907755278982139,0.0009999999999999979
mountain,1,1,30582.148000020825,17500,-6.907755278982139,0.0009999999999999979
mountain,1,1,38819.24225012535,8000,-6.907755278982139,0.0009999999999999979
mountain,1,1,8060.2772683418625,15000,-6.907755278982139,0.0009999999999999979
mountain,1,1,1135.2439770502747,17000,-6.907755278982139,0.0009999999999999979
mountain,1,1,4907.8480371740625,18000,-6.907755278982139,0.0009999999999999979
mountain,1,1,1504.8891177186447,14500,-6.907755278982139,0.0009999999999999979
mountain,1,1,2759.7812678624273,13500,-6.907755278982139,0.0009999999999999979
mountain,1,1,3493.3401064757822,12000,-6.907755278982139,0.0009999999999999979
mountain,1,1,3241.0300492856145,15500,-6.907755278982139,0.0009999999999999979
mountain,1,1,4099.386133046625,14000,-6.907755278982139,0.0009999999999999979
mountain,1,1,6752.815834853771,9000,-6.907755278982139,0.0009999999999999979
mountain,1,1,2236.7497013080406,18500,-6.907755278982139,0.0009999999999999979
mountain,1,1,614.5280213700323,14000,-6.907755278982139,0.0009999999999999979
mountain,1,1,4931.633734842986,9500,-6.907755278982139,0.0009999999999999979
mountain,1,1,3987.789307562435,11500,-6.907755278982139,0.0009999999999999979
mountain,1,1,821.265641776516,12500,-6.907755278982139,0.0009999999999999979
mountain,1,1,7498.812916273927,6500,-6.907755278982139,0.0009999999999999979
mountain,1,1,1418.4440395879476,14500,-6.907755278982139,0.0009999999999999979
mountain,1,1,3171.42990553327,6000,-6.907755278982139,0.0009999999999999979
mountain,1,1,74763.77947494919,18500,-6.907755278982139,0.0009999999999999979
mountain,1,1,3798.893862229384,7500,-6.907755278982139,0.0009999999999999979
mountain,1,1,1077.5273993104163,9000,-6.907755278982139,0.0009999999999999979
mountain,1,1,1089.822708601443,8500,-6.907755278982139,0.0009999999999999979
mountain,1,1,101.3545639695303,7500,-6.907755278982139,0.0009999999999999979
mountain,1,1,27247.55803266295,8500,-6.907755278982139,0.0009999999999999979
mountain,1,1,131.68485043249277,16000,-6.907755278982139,0.0009999999999999979
mountain,1,1,2231.6433990376063,8500,-6.907755278982139,0.0009999999999999979
mountain,1,1,2503.1887796592623,15500,-6.907755278982139,0.0009999999999999979
mountain,1,1,149.3172381135308,9500,-6.907755278982139,0.0009999999999999979
mountain,1,1,4109.94451574613,14500,-6.907755278982139,0.0009999999999999979
mountain,1,1,9328.02402932479,8000,-6.907755278982139,0.0009999999999999979
mountain,1,1,777.7057576359479,15500,-6.907755278982139,0.0009999999999999979
mountain,1,1,1404.5352763336507,17500,-6.907755278982139,0.0009999999999999979
mountain,1,1,270.1590159231023,6000,-6.907755278982139,0.0009999999999999979
mountain,1,1,2987.1482078932468,18000,-6.907755278982139,0.0009999999999999979
mountain,1,1,7517.313639375404,10000,-6.907755278982139,0.0009999999999999979
mountain,1,1,296.58760046993007,18000,-6.907755278982139,0.0009999999999999979
mountain,1,1,2727.6387594672315,8000,-6.907755278982139,0.0009999999999999979
mountain,1,1,329.2559908182231,16500,-6.907755278982139,0.0009999999999999979
mountain,1,1,19254.638363115344,15500,-6.907755278982139,0.0009999999999999979
mountain,1,1,60613.63823395373,12000,-6.907755278982139,0.0009999999999999979
mountain,1,1,2668.982930997742,15000,-6.907755278982139,0.0009999999999999979
mountain,1,1,486.3738866190761,8000,-6.907755278982139,0.0009999999999999979
mountain,1,1,8662.023758806074,13500,-6.907755278982139,0.0009999999999999979
mountain,1,1,14932.740624324391,17500,-6.907755278982139,0.0009999999999999979
mountain,1,1,5057.685376530709,15000,-6.907755278982139,0.0009999999999999979
mountain,1,1,19856.09422139695,16500,-6.907755278982139,0.0009999999999999979
mountain,1,1,3601.1590513235956,15000,-6.907755278982139,0.0009999999999999979
mountain,1,1,833.6699985363732,7500,-6.907755278982139,0.0009999999999999979
mountain,1,1,7660.292390963595,18000,-6.907755278982139,0.0009999999999999979
mountain,1,1,27335.19811147149,8500,-6.907755278982139,0.0009999999999999979
mountain,1,1,431.3510321530105,13500,-6.907755278982139,0.0009999999999999979
mountain,1,1,7486.455297862416,11500,-6.907755278982139,0.0009999999999999979
mountain,1,1,3481.907563171043,18500,-6.907755278982139,0.0009999999999999979
mountain,1,1,376.36955128512307,16000,-6.907755278982139,0.0009999999999999979
mountain,1,1,3479.360461228445,14500,-6.907755278982139,0.0009999999999999979
mountain,1,1,362.69684079719207,7500,-6.907755278982139,0.0009999999999999979
mountain,1,1,412.1020713932473,10000,-6.907755278982139,0.0009999999999999979
mountain,1,1,990.7966036002007,12000,-6.907755278982139,0.0009999999999999979
mountain,1,1,1338.3868591170694,18500,-6.907755278982139,0.0009999999999999979
mountain,1,1,7547.997745618923,10500,-6.907755278982139,0.0009999999999999979
mountain,1,1,3101.4247495928626,6000,-6.907755278982139,0.0009999999999999979
mountain,1,1,20704.277825823287,9000,-6.907755278982139,0.0009999999999999979
mountain,1,1,1222.202954299992,9500,-6.907755278982139,0.0009999999999999979
mountain,1,1,1441.2212997456115,16000,-6.907755278982139,0.0009999999999999979
mountain,1,1,2231.9145584170865,13000,-6.907755278982139,0.0009999999999999979
