headphones,2,2,48,48,-6.913899979448425,0.0009938741395970217
headphones,2,2,48,42,-6.988260359123711,0.0009226502163781286
headphones,2,2,48,36,-7.057074077453063,0.0008612944917595761
headphones,2,2,48,30,-7.123593779277956,0.0008058654383946027
headphones,2,2,48,24,-7.187320096909389,0.0007561127165677254
headphones,2,2,48,18,-7.240550818449545,0.0007169167603543328
headphones,2,2,48,12,-7.284004084779504,0.0006864315236514191
headphones,2,2,48,6,-7.3144239137541405,0.000665864798189278
headphones,2,2,48,0,-7.332272714180053,0.0006540853475503515
headphones,2,2,60,60,-6.764251122462856,0.0011543116087155947
headphones,2,2,60,54,-6.843871729963054,0.0010659682584841907
headphones,2,2,60,48,-6.921782461735738,0.0009860707397806013
headphones,2,2,60,42,-6.996142841411025,0.0009154060309805427
headphones,2,2,60,36,-7.064956559740375,0.0008545320406492113
headphones,2,2,60,30,-7.131476261565268,0.0007995381883299439
headphones,2,2,60,24,-7.195202579196701,0.0007501760998487813
headphones,2,2,60,18,-7.248433300736856,0.0007112878905676566
headphones,2,2,60,12,-7.2918865670668165,0.0006810420086089826
headphones,2,2,60,6,-7.322306396041453,0.000660636762729921
headphones,2,2,60,0,-7.340155196467366,0.000648949798412241
headphones,2,2,54,54,-6.844058774897473,0.0010657688931669071
headphones,2,2,54,48,-6.921969506670155,0.000985886317491913
headphones,2,2,54,42,-6.996329886345443,0.0009152348249316238
headphones,2,2,54,36,-7.065143604674795,0.0008543722197070238
headphones,2,2,54,30,-7.1316633064996875,0.0007993886527473146
headphones,2,2,54,24,-7.195389624131121,0.0007500357963313224
headphones,2,2,54,18,-7.248620345671277,0.0007111548602125258
headphones,2,2,54,12,-7.292073612001236,0.0006809146350638052
headphones,2,2,54,6,-7.322493440975872,0.0006605132055256961
headphones,2,2,54,0,-7.340342241401785,0.0006488284269910642
headphones,2,2,42,42,-7.005274112057148,0.0009070852581902276
headphones,2,2,42,36,-7.0740878303865,0.0008467645946070749
headphones,2,2,42,30,-7.140607532211392,0.0007922706203031649
headphones,2,2,42,24,-7.2043338498428255,0.0007433572187530545
headphones,2,2,42,18,-7.257564571382982,0.0007048224919078088
headphones,2,2,42,12,-7.301017837712941,0.0006748515361601326
headphones,2,2,42,6,-7.331437666687577,0.0006546317679914466
headphones,2,2,42,0,-7.34928646711349,0.0006430510347574658
headphones,2,2,66,66,-6.721867599024559,0.0012042869872153357
headphones,2,2,66,60,-6.803888532577044,0.0011094526065169384
headphones,2,2,66,54,-6.883509140077242,0.0010245424666182942
headphones,2,2,66,48,-6.961419871849925,0.0009477499352856466
headphones,2,2,66,42,-7.035780251525214,0.0008798314072425801
headphones,2,2,66,36,-7.104593969854564,0.0008213231095418139
headphones,2,2,66,30,-7.171113671679457,0.0007684664351937942
headphones,2,2,66,24,-7.23483998931089,0.0007210226623727944
headphones,2,2,66,18,-7.288070710851045,0.0006836457315475668
headphones,2,2,66,12,-7.331523977181005,0.0006545752688388076
headphones,2,2,66,6,-7.361943806155642,0.0006349630141787908
headphones,2,2,66,0,-7.379792606581555,0.0006237302301310344
headphones,2,2,36,36,-7.123074720954774,0.0008062838381353059
headphones,2,2,36,30,-7.189594422779667,0.0007543950238924387
headphones,2,2,36,24,-7.2533207404111,0.0007078199953789037
headphones,2,2,36,18,-7.306551461951255,0.0006711274746238328
headphones,2,2,36,12,-7.350004728281215,0.0006425893220053543
headphones,2,2,36,6,-7.380424557255852,0.0006233361879122605
headphones,2,2,36,0,-7.398273357681765,0.0006123090877007219
headphones,2,2,30,30,-7.195976099974581,0.0007495960474187049
headphones,2,2,30,24,-7.2597024176060145,0.0007033172993140021
headphones,2,2,30,18,-7.312933139146171,0.0006668581928025143
headphones,2,2,30,12,-7.35638640547613,0.0006385015815763877
headphones,2,2,30,6,-7.386806234450766,0.0006193709235530348
headphones,2,2,30,0,-7.404655034876681,0.0006084139706685753
headphones,2,2,72,72,-6.666309446922956,0.00127308849246765
headphones,2,2,72,66,-6.747428959660176,0.0011738938727505841
headphones,2,2,72,60,-6.8294498932126615,0.0010814528685632334
headphones,2,2,72,54,-6.909070500712858,0.0009986856427943243
headphones,2,2,72,48,-6.986981232485544,0.0009238311579735167
headphones,2,2,72,42,-7.061341612160829,0.0008576267193617969
headphones,2,2,72,36,-7.130155330490181,0.0008005950210165275
headphones,2,2,72,30,-7.196675032315074,0.0007490723135474492
headphones,2,2,72,24,-7.260401349946507,0.0007028258998553748
headphones,2,2,72,18,-7.313632071486664,0.000666392266889354
headphones,2,2,72,12,-7.357085337816622,0.0006380554680913002
headphones,2,2,72,6,-7.387505166791259,0.0006189381764318985
headphones,2,2,72,0,-7.405353967217174,0.0006079888790405157
headphones,2,2,24,24,-7.275657670835416,0.0006921847412612773
headphones,2,2,24,18,-7.328888392375571,0.0006563027329104437
headphones,2,2,24,12,-7.3723416587055315,0.0006283949683442251
headphones,2,2,24,6,-7.402761487680168,0.0006095671226663662
headphones,2,2,24,0,-7.420610288106083,0.000598783603471347
headphones,2,2,78,78,-6.6493467100345605,0.0012948677533189585
headphones,2,2,78,72,-6.730589096258186,0.0011938294704765754
headphones,2,2,78,66,-6.811708608995405,0.0011008104376036847
headphones,2,2,78,60,-6.89372954254789,0.0010141245585526552
headphones,2,2,78,54,-6.973350150048088,0.000936510194824499
headphones,2,2,78,48,-7.05126088182077,0.0008663159463451944
headphones,2,2,78,42,-7.1256212614960575,0.0008042332157583896
headphones,2,2,78,36,-7.1944349798254095,0.00075075215561312
headphones,2,2,78,30,-7.260954681650302,0.0007024371115770965
headphones,2,2,78,24,-7.324680999281735,0.0006590698736387229
headphones,2,2,78,18,-7.377911720821892,0.0006249044994257689
headphones,2,2,78,12,-7.421364987151851,0.0005983318725390787
headphones,2,2,78,6,-7.451784816126487,0.0005804047713880409
headphones,2,2,78,0,-7.4696336165524,0.0005701371474293112
headphones,2,2,90,90,-6.521895196613803,0.0014708788545306215
headphones,2,2,90,84,-6.599455190024797,0.0013611093815521645
headphones,2,2,90,78,-6.677572799108383,0.0012588297000566725
headphones,2,2,90,72,-6.758815185332008,0.0011606034596095616
headphones,2,2,90,66,-6.839934698069229,0.001070173281739419
headphones,2,2,90,60,-6.921955631621712,0.0009858999968072285
headphones,2,2,90,54,-7.00157623912191,0.0009104457537298371
headphones,2,2,90,48,-7.079486970894594,0.0008422051132996305
headphones,2,2,90,42,-7.153847350569881,0.0007818502354188807
headphones,2,2,90,36,-7.222661068899232,0.0007298576309781419
headphones,2,2,90,30,-7.2891807707241245,0.0006828872649031511
headphones,2,2,90,24,-7.352907088355558,0.0006407270002843737
headphones,2,2,90,18,-7.406137809895714,0.0006075124981372784
headphones,2,2,90,12,-7.449591076225673,0.0005816794261129337
headphones,2,2,90,6,-7.480010905200309,0.0005642512622660828
headphones,2,2,90,0,-7.497859705626224,0.0005542694012187796
headphones,2,2,84,84,-6.601191316771022,0.0013587483732481794
headphones,2,2,84,78,-6.67930892585461,0.0012566461081900506
headphones,2,2,84,72,-6.760551312078235,0.0011585902529981649
headphones,2,2,84,66,-6.841670824815456,0.0010683169371728926
headphones,2,2,84,60,-6.923691758367939,0.0009841898344125583
headphones,2,2,84,54,-7.003312365868137,0.0009088664758157909
headphones,2,2,84,48,-7.081223097640821,0.0008407442070028172
headphones,2,2,84,42,-7.155583477316108,0.0007804940219335298
headphones,2,2,84,36,-7.224397195645459,0.0007285916049329
headphones,2,2,84,30,-7.2909168974703515,0.0006817027146201422
headphones,2,2,84,24,-7.354643215101785,0.0006396155820627643
headphones,2,2,84,18,-7.407873936641941,0.0006064586944736503
headphones,2,2,84,12,-7.4513272029719,0.0005806704330269077
headphones,2,2,84,6,-7.4817470319465365,0.0005632725004312135
headphones,2,2,84,0,-7.499595832372449,0.0005533079541252109
headphones,2,2,96,96,-6.456881712326705,0.0015696828092991862
headphones,2,2,96,90,-6.5362282734826,0.0014499470021157959
headphones,2,2,96,84,-6.613788266893595,0.00134173964174842
headphones,2,2,96,78,-6.691905875977181,0.0012409154867849088
headphones,2,2,96,72,-6.773148262200804,0.001144087088969074
headphones,2,2,96,66,-6.854267774938025,0.0010549438091539234
headphones,2,2,96,60,-6.93628870849051,0.0009718698044733166
headphones,2,2,96,54,-7.015909315990708,0.0008974893392093078
headphones,2,2,96,48,-7.093820047763392,0.0008302198209145364
headphones,2,2,96,42,-7.168180427438678,0.0007707238440863279
headphones,2,2,96,36,-7.23699414576803,0.000719471138461499
headphones,2,2,96,30,-7.303513847592923,0.0006731692004949984
headphones,2,2,96,24,-7.367240165224356,0.000631608912165262
headphones,2,2,96,18,-7.420470886764512,0.0005988670805272529
headphones,2,2,96,12,-7.463924153094471,0.0005734016350068651
headphones,2,2,96,6,-7.494343982069108,0.0005562214886989026
headphones,2,2,96,0,-7.5121927824950205,0.0005463816779922003
headphones,2,2,18,18,-7.48431347746412,0.0005618287456986926
headphones,2,2,18,12,-7.52776674379408,0.0005379382701982156
headphones,2,2,18,6,-7.558186572768717,0.000521820670208207
headphones,2,2,18,0,-7.576035373194632,0.0005125894256014866
headphones,2,2,102,102,-6.514152852716213,0.0014823111035480669
headphones,2,2,102,96,-6.593872318646673,0.0013687295315271775
headphones,2,2,102,90,-6.673218879802569,0.0012643224918996467
headphones,2,2,102,84,-6.750778873213562,0.0011699680090792913
headphones,2,2,102,78,-6.828896482297148,0.0010820515220207095
headphones,2,2,102,72,-6.910138868520773,0.0009976192489551921
headphones,2,2,102,66,-6.9912583812579925,0.0009198882329197552
headphones,2,2,102,60,-7.073279314810478,0.0008474494938095655
headphones,2,2,102,54,-7.1528999223106755,0.0007825913334395518
headphones,2,2,102,48,-7.23081065408336,0.0007239337653524239
headphones,2,2,102,42,-7.305171033758647,0.0006720545576491903
headphones,2,2,102,36,-7.373984752087999,0.0006273633045222656
headphones,2,2,102,30,-7.44050445391289,0.0005869890139418764
headphones,2,2,102,24,-7.504230771544325,0.0005507493395065723
headphones,2,2,102,18,-7.55746149308448,0.0005221991689792919
headphones,2,2,102,12,-7.600914759414438,0.0004999938501016435
headphones,2,2,102,6,-7.631334588389077,0.00048501313331710666
headphones,2,2,102,0,-7.64918338881499,0.00047643303075172686
headphones,2,2,108,108,-6.475290248656693,0.0015410515842780453
headphones,2,2,108,102,-6.545889976135729,0.0014360055030790033
headphones,2,2,108,96,-6.625609442066189,0.0013259720815658302
headphones,2,2,108,90,-6.704956003222085,0.001224826591184998
headphones,2,2,108,84,-6.78251599663308,0.001133419627932892
headphones,2,2,108,78,-6.860633605716664,0.001048249545265829
headphones,2,2,108,72,-6.9418759919402895,0.0009664548339738882
headphones,2,2,108,66,-7.0229955046775085,0.0008911520405726715
headphones,2,2,108,60,-7.105016438229995,0.0008209761997863816
headphones,2,2,108,54,-7.184637045730192,0.000758144129657523
headphones,2,2,108,48,-7.262547777502876,0.0007013189528314657
headphones,2,2,108,42,-7.336908157178163,0.0006510603886347183
headphones,2,2,108,36,-7.405721875507515,0.0006077652360340621
headphones,2,2,108,30,-7.472241577332406,0.0005686521893075187
headphones,2,2,108,24,-7.535967894963841,0.0005335445983339882
headphones,2,2,108,18,-7.589198616503996,0.000505886300495643
headphones,2,2,108,12,-7.6326518828339545,0.00048437464883925157
headphones,2,2,108,6,-7.663071711808593,0.00046986191147179156
headphones,2,2,108,0,-7.680920512234508,0.00046154984090079123
headphones,2,2,114,114,-6.406730641910382,0.0016504114774114295
headphones,2,2,114,108,-6.475938712509649,0.0015400525919703077
headphones,2,2,114,102,-6.546538439988687,0.001435074607276368
headphones,2,2,114,96,-6.626257905919148,0.0013251125153298387
headphones,2,2,114,90,-6.705604467075043,0.0012240325928818956
headphones,2,2,114,84,-6.783164460486036,0.0011326848845269635
headphones,2,2,114,78,-6.861282069569624,0.0010475700136764912
headphones,2,2,114,72,-6.942524455793247,0.0009658283261043474
headphones,2,2,114,66,-7.023643968530468,0.0008905743480134839
headphones,2,2,114,60,-7.105664902082953,0.0008204439989718263
headphones,2,2,114,54,-7.185285509583151,0.000757652659961495
headphones,2,2,114,48,-7.2631962413558355,0.0007008643202634836
headphones,2,2,114,42,-7.337556621031121,0.0006506383363642064
headphones,2,2,114,36,-7.406370339360471,0.0006073712500040663
headphones,2,2,114,30,-7.472890041185366,0.0005682835584526562
headphones,2,2,114,24,-7.536616358816797,0.0005331987261029685
headphones,2,2,114,18,-7.589847080356954,0.0005055583578570303
headphones,2,2,114,12,-7.633300346686914,0.0004840606512072496
headphones,2,2,114,6,-7.663720175661549,0.000469557321774699
headphones,2,2,114,0,-7.681568976087464,0.00046125063953374976
headphones,2,2,120,120,-6.369455998265584,0.0017130908965461648
headphones,2,2,120,114,-6.439234174855793,0.0015976297172449693
headphones,2,2,120,108,-6.5084422454550594,0.0014908002160230647
headphones,2,2,120,102,-6.579041972934098,0.0013891795291222577
headphones,2,2,120,96,-6.658761438864557,0.0012827341315540483
headphones,2,2,120,90,-6.738108000020452,0.0011848868430869713
headphones,2,2,120,84,-6.815667993431447,0.0010964605230646654
headphones,2,2,120,78,-6.893785602515033,0.0010140677083567487
headphones,2,2,120,72,-6.975027988738658,0.0009349401992534789
headphones,2,2,120,66,-7.056147501475877,0.0008620929163883396
headphones,2,2,120,60,-7.138168435028362,0.0007942054039448088
headphones,2,2,120,54,-7.21778904252856,0.0007334221928719857
headphones,2,2,120,48,-7.295699774301244,0.000678449999369766
headphones,2,2,120,42,-7.370060153976532,0.000629830291161477
headphones,2,2,120,36,-7.438873872305884,0.0005879469281979669
headphones,2,2,120,30,-7.505393574130775,0.0005501092989426373
headphones,2,2,120,24,-7.56911989176221,0.0005161465135684487
headphones,2,2,120,18,-7.622350613302364,0.0004893901111138533
headphones,2,2,120,12,-7.665803879632323,0.0004685799219783707
headphones,2,2,120,6,-7.696223708606961,0.0004545404230912318
headphones,2,2,120,0,-7.714072509032874,0.00044649939660693647
headphones,2,2,12,12,-7.710199537549382,0.0004482320290897134
headphones,2,2,12,6,-7.740619366524019,0.00043480218974231775
headphones,2,2,12,0,-7.758468166949934,0.000427110341568792
headphones,2,2,126,126,-6.365046496512493,0.001720661452781551
headphones,2,2,126,120,-6.432958118701775,0.001607688061414584
headphones,2,2,126,114,-6.502736295291985,0.0014993309626210333
headphones,2,2,126,108,-6.57194436589125,0.0013990744531342364
headphones,2,2,126,102,-6.642544093370287,0.001303706270714635
headphones,2,2,126,96,-6.72226355930075,0.001203810231801597
headphones,2,2,126,90,-6.801610120456644,0.0011119832786449003
headphones,2,2,126,84,-6.879170113867637,0.0010289976418049044
headphones,2,2,126,78,-6.957287722951225,0.0009516742815446129
headphones,2,2,126,72,-7.0385301091748484,0.0008774153195880256
headphones,2,2,126,66,-7.119649621912069,0.000809050174921797
headphones,2,2,126,60,-7.201670555464554,0.000745339636564116
headphones,2,2,126,54,-7.281291162964752,0.000688296287041193
headphones,2,2,126,48,-7.359201894737435,0.0006367064155513195
headphones,2,2,126,42,-7.433562274412722,0.0005910781744617666
headphones,2,2,126,36,-7.502375992742072,0.0005517718056379726
headphones,2,2,126,30,-7.568895694566967,0.0005162622451419873
headphones,2,2,126,24,-7.632622012198398,0.00048438911763395466
headphones,2,2,126,18,-7.685852733738557,0.00045927897964922424
headphones,2,2,126,12,-7.729306000068515,0.0004397491971395236
headphones,2,2,126,6,-7.759725829043152,0.0004265735187242089
headphones,2,2,126,0,-7.777574629469065,0.00041902723947750715
headphones,2,2,132,132,-6.366367339130873,0.0017183902300969747
headphones,2,2,132,126,-6.430188270363926,0.0016121472863567165
headphones,2,2,132,120,-6.49809989255321,0.0015062986047184128
headphones,2,2,132,114,-6.567878069143418,0.0014047750874134181
headphones,2,2,132,108,-6.637086139742685,0.0013108412926814805
headphones,2,2,132,102,-6.707685867221722,0.0012214875408182127
headphones,2,2,132,96,-6.787405333152183,0.0011278914834467332
headphones,2,2,132,90,-6.866751894308077,0.0010418556318812432
headphones,2,2,132,84,-6.944311887719072,0.0009641035156692394
headphones,2,2,132,78,-7.022429496802658,0.0008916565824191838
headphones,2,2,132,72,-7.1036718830262835,0.0008220807900328008
headphones,2,2,132,66,-7.184791395763504,0.0007580271191163772
headphones,2,2,132,60,-7.266812329315988,0.0006983345099981684
headphones,2,2,132,54,-7.346432936816186,0.0006448886209248614
headphones,2,2,132,48,-7.424343668588868,0.0005965522842262962
headphones,2,2,132,42,-7.498704048264157,0.000553801605448178
headphones,2,2,132,36,-7.567517766593507,0.0005169741076662186
headphones,2,2,132,30,-7.6340374684184,0.0004837039710563827
headphones,2,2,132,24,-7.697763786049833,0.0004538409344103811
headphones,2,2,132,18,-7.75099450758999,0.00043031437679110965
headphones,2,2,132,12,-7.7944477739199485,0.0004120162474146111
headphones,2,2,132,6,-7.824867602894585,0.0003996714981504135
headphones,2,2,132,0,-7.842716403320498,0.0003926011278634557
headphones,2,2,138,138,-6.329994927807556,0.0017820428079426333
headphones,2,2,138,132,-6.389624965489631,0.001678885723420874
headphones,2,2,138,126,-6.453445896722684,0.0015750852255271793
headphones,2,2,138,120,-6.521357518911966,0.0014716699259444785
headphones,2,2,138,114,-6.591135695502176,0.0013724803584006656
headphones,2,2,138,108,-6.660343766101441,0.0012807060313822366
headphones,2,2,138,102,-6.7309434935804795,0.001193406455471083
headphones,2,2,138,96,-6.810662959510941,0.0011019621014836944
headphones,2,2,138,90,-6.890009520666835,0.0010179041498230247
headphones,2,2,138,84,-6.967569514077828,0.0009419394966332051
headphones,2,2,138,78,-7.045687123161416,0.0008711580642153298
headphones,2,2,138,72,-7.1269295093850396,0.0008031817672792149
headphones,2,2,138,66,-7.20804902212226,0.0007406006423689471
headphones,2,2,138,60,-7.2900699556747455,0.0006822803217065966
headphones,2,2,138,54,-7.369690563174942,0.0006300631136655308
headphones,2,2,138,48,-7.447601294947628,0.0005828379932101441
headphones,2,2,138,42,-7.521961674622913,0.0005410701205756025
headphones,2,2,138,36,-7.5907753929522634,0.0005050892594344423
headphones,2,2,138,30,-7.657295094777158,0.0004725839783916346
headphones,2,2,138,24,-7.721021412408589,0.00044340747063173204
headphones,2,2,138,18,-7.774252133948746,0.000420421770983053
headphones,2,2,138,12,-7.817705400278706,0.00040254430192075555
headphones,2,2,138,6,-7.848125229253341,0.00039048334921288263
headphones,2,2,138,0,-7.865974029679256,0.0003835755214528261
headphones,2,2,144,144,-6.3033295472608675,0.001830200880732952
headphones,2,2,144,138,-6.361175488358244,0.0017273350557482263
headphones,2,2,144,132,-6.420805526040317,0.0016273448380334627
headphones,2,2,144,126,-6.48462645727337,0.001526730959389942
headphones,2,2,144,120,-6.5525380794626535,0.0014264904536772087
headphones,2,2,144,114,-6.622316256052862,0.0013303459523109735
headphones,2,2,144,108,-6.691524326652129,0.0012413890475889958
headphones,2,2,144,102,-6.762124054131167,0.0011567695215309308
headphones,2,2,144,96,-6.8418435200616265,0.001068132459846076
headphones,2,2,144,90,-6.921190081217521,0.0009866550419239477
headphones,2,2,144,84,-6.998750074628516,0.0009130224625786603
headphones,2,2,144,78,-7.076867683712102,0.0008444139819257067
headphones,2,2,144,72,-7.158110069935727,0.0007785245206095312
headphones,2,2,144,66,-7.239229582672946,0.000717864602450516
headphones,2,2,144,60,-7.321250516225433,0.0006613346841491366
headphones,2,2,144,54,-7.400871123725629,0.0006107205162062446
headphones,2,2,144,48,-7.478781855498314,0.0005649451814550571
headphones,2,2,144,42,-7.553142235173601,0.0005244595599626271
headphones,2,2,144,36,-7.621955953502953,0.0004895832918347643
headphones,2,2,144,30,-7.688475655327844,0.0004580759053724777
headphones,2,2,144,24,-7.752201972959279,0.0004297951006502967
headphones,2,2,144,18,-7.805432694499434,0.0004075150495723432
headphones,2,2,144,12,-7.848885960829392,0.00039018640915937196
headphones,2,2,144,6,-7.879305789804031,0.0003784957211887025
headphones,2,2,144,0,-7.897154590229942,0.0003717999600117925
headphones,2,2,150,150,-6.3996520998032285,0.0016621354298407966
headphones,2,2,150,144,-6.45505792938904,0.00157254818213915
headphones,2,2,150,138,-6.512903870486415,0.0014841636404274293
headphones,2,2,150,132,-6.57253390816849,0.001398249882678562
headphones,2,2,150,126,-6.636354839401543,0.0013118002619705478
headphones,2,2,150,120,-6.7042664615908265,0.0012256714513603488
headphones,2,2,150,114,-6.774044638181035,0.0011430620162771357
headphones,2,2,150,108,-6.843252708780302,0.0010666283196911909
headphones,2,2,150,102,-6.913852436259338,0.000993921392666441
headphones,2,2,150,96,-6.9935719021897995,0.0009177625121358753
headphones,2,2,150,90,-7.072918463345694,0.0008477553523821749
headphones,2,2,150,84,-7.150478456756687,0.0007844886476097052
headphones,2,2,150,78,-7.228596065840275,0.0007255387570999125
headphones,2,2,150,72,-7.3098384520639,0.000668925106813948
headphones,2,2,150,66,-7.390957964801119,0.0006168047931184004
headphones,2,2,150,60,-7.472978898353604,0.0005682330646282981
headphones,2,2,150,54,-7.552599505853802,0.0005247442767979659
headphones,2,2,150,48,-7.630510237626485,0.00048541311910506747
headphones,2,2,150,42,-7.704870617301774,0.0004506269974552956
headphones,2,2,150,36,-7.773684335631124,0.00042066055354106097
headphones,2,2,150,30,-7.840204037456017,0.00039358872561942674
headphones,2,2,150,24,-7.90393035508745,0.00036928924651662663
headphones,2,2,150,18,-7.957161076627607,0.0003501457447352412
headphones,2,2,150,12,-8.000614342957565,0.0003352566020912666
headphones,2,2,150,6,-8.031034171932202,0.00032521171012898714
headphones,2,2,150,0,-8.048882972358115,0.0003194585673031723
headphones,2,2,156,156,-6.395643105563936,0.001668812296020411
headphones,2,2,156,150,-6.442494482904019,0.0015924294340886778
headphones,2,2,156,144,-6.497900312489831,0.0015065992618910008
headphones,2,2,156,138,-6.5557462535872055,0.0014219213570624734
headphones,2,2,156,132,-6.615376291269278,0.0013396106174101935
headphones,2,2,156,126,-6.679197222502333,0.0012567864876132406
headphones,2,2,156,120,-6.747108844691617,0.0011742697139037318
headphones,2,2,156,114,-6.8168870212818256,0.0010951247215052805
headphones,2,2,156,108,-6.886095091881092,0.001021896471860593
headphones,2,2,156,102,-6.956694819360129,0.0009522386999500101
headphones,2,2,156,96,-7.03641428529059,0.0008792737412307724
headphones,2,2,156,90,-7.115760846446484,0.0008122025147908074
headphones,2,2,156,84,-7.1933208398574795,0.0007515890647260725
headphones,2,2,156,78,-7.2714384489410655,0.000695111392029397
headphones,2,2,156,72,-7.352680835164691,0.0006408719832134693
headphones,2,2,156,66,-7.43380034790191,0.0005909374711679165
headphones,2,2,156,60,-7.515821281454395,0.0005444027251276308
headphones,2,2,156,54,-7.595441888954591,0.0005027377533386052
headphones,2,2,156,48,-7.673352620727275,0.00046505605059495123
headphones,2,2,156,42,-7.747713000402564,0.00043172877592263895
headphones,2,2,156,36,-7.8165267187319145,0.00040301905319651583
headphones,2,2,156,30,-7.883046420556807,0.0003770825531718919
headphones,2,2,156,24,-7.9467727381882405,0.0003538021362686628
headphones,2,2,156,18,-8.000003459728397,0.0003354614672949396
headphones,2,2,156,12,-8.043456726058356,0.0003211967397830057
headphones,2,2,156,6,-8.073876555032992,0.00031157310663266325
headphones,2,2,156,0,-8.091725355458905,0.0003060612368957784
headphones,2,2,6,6,-8.081403939000968,0.0003092365812194899
headphones,2,2,6,0,-8.099252739426882,0.00030376604567814374
headphones,2,2,168,168,-6.4358409134736405,0.0016030601006120078
headphones,2,2,168,162,-6.472680357494749,0.001545078814217899
headphones,2,2,168,156,-6.516702021732698,0.0014785372541437202
headphones,2,2,168,150,-6.563553399072781,0.0014108634317411062
headphones,2,2,168,144,-6.618959228658591,0.0013348194647674354
headphones,2,2,168,138,-6.676805169755969,0.0012597963856647808
headphones,2,2,168,132,-6.736435207438042,0.0011868705717297833
headphones,2,2,168,126,-6.800256138671095,0.0011134899034911496
headphones,2,2,168,120,-6.868167760860379,0.0010403815471396313
headphones,2,2,168,114,-6.937945937450587,0.0009702605275264102
headphones,2,2,168,108,-7.007154008049854,0.0009053816340681114
headphones,2,2,168,102,-7.077753735528891,0.0008436661187545886
headphones,2,2,168,96,-7.157473201459352,0.0007790204962536551
headphones,2,2,168,90,-7.236819762615246,0.0007195966130469696
headphones,2,2,168,84,-7.314379756026241,0.0006658942019150501
headphones,2,2,168,78,-7.392497365109827,0.0006158560140921885
headphones,2,2,168,72,-7.4737397513334525,0.0005678008872404029
headphones,2,2,168,66,-7.5548592640706715,0.000523559820403288
headphones,2,2,168,60,-7.636880197623157,0.0004823308842330827
headphones,2,2,168,54,-7.716500805123355,0.00044541647922190973
headphones,2,2,168,48,-7.794411536896037,0.0004120311779277376
headphones,2,2,168,42,-7.868771916571326,0.0003825038204774114
headphones,2,2,168,36,-7.937585634900675,0.0003570675298245114
headphones,2,2,168,30,-8.00410533672557,0.0003340882638999044
headphones,2,2,168,24,-8.067831654357002,0.0003134622391723155
headphones,2,2,168,18,-8.121062375897157,0.0002972127410063246
headphones,2,2,168,12,-8.164515642227117,0.0002845744526278777
headphones,2,2,168,6,-8.194935471201752,0.0002760480891974761
headphones,2,2,168,0,-8.212784271627667,0.00027116467315038294
headphones,2,2,162,162,-6.507368709843142,0.0014924015025104668
headphones,2,2,162,138,-6.711493522104362,0.001216845381298604
headphones,2,2,162,66,-7.589547616419065,0.0005057097770248654
headphones,2,2,162,156,-6.551390374081091,0.0014281285843134991
headphones,2,2,162,150,-6.598241751421174,0.0013627620066962848
headphones,2,2,162,144,-6.653647581006986,0.001289310652937472
headphones,2,2,162,42,-7.903460268919719,0.0003694628850926546
headphones,2,2,162,132,-6.771123559786435,0.0011464058714905042
headphones,2,2,162,126,-6.834944491019488,0.001075527015003178
headphones,2,2,162,120,-6.902856113208772,0.0010049111863081831
headphones,2,2,162,114,-6.972634289798981,0.0009371808452632125
headphones,2,2,162,108,-7.041842360398247,0.0008745139073779802
headphones,2,2,162,102,-7.112442087877284,0.0008149024966625137
headphones,2,2,162,96,-7.192161553807745,0.000752460876686025
headphones,2,2,162,90,-7.271508114963641,0.0006950629680702392
headphones,2,2,162,84,-7.3490681083746345,0.0006431914659020612
headphones,2,2,162,78,-7.4271857174582205,0.0005948592604491372
headphones,2,2,162,72,-7.508428103681846,0.0005484425062635338
headphones,2,2,162,60,-7.67156854997155,0.0004658864840503459
headphones,2,2,162,54,-7.751189157471746,0.00043023062430002
headphones,2,2,162,48,-7.82909988924443,0.00039798354838732055
headphones,2,2,162,36,-7.972273987249068,0.0003448938093669633
headphones,2,2,162,30,-8.038793689073962,0.0003226979895311768
headphones,2,2,162,24,-8.102520006705396,0.0003027751804090717
headphones,2,2,162,18,-8.15575072824555,0.0002870796862667607
headphones,2,2,162,12,-8.19920399457551,0.000274872282740422
headphones,2,2,162,6,-8.229623823550147,0.000266636613804062
headphones,2,2,162,0,-8.24747262397606,0.0002619196910302849
headphones,2,2,174,174,-6.4525334773076,0.0015765230197032742
headphones,2,2,174,168,-6.489702608198513,0.0015190006792513637
headphones,2,2,174,162,-6.526542052219622,0.0014640597488502548
headphones,2,2,174,156,-6.5705637164575705,0.001401007418552386
headphones,2,2,174,144,-6.672820923383464,0.0012648257372793402
headphones,2,2,174,138,-6.730666864480842,0.0011937366320904869
headphones,2,2,174,132,-6.790296902162915,0.0011246348180911684
headphones,2,2,174,120,-6.9220294555852515,0.0009858272164483108
headphones,2,2,174,114,-6.99180763217546,0.0009193831221928198
headphones,2,2,174,108,-7.061015702774727,0.0008579062735115955
headphones,2,2,174,96,-7.211334896184223,0.0007381711156732503
headphones,2,2,174,90,-7.290681457340121,0.0006818632336916252
headphones,2,2,174,84,-7.368241450751112,0.0006309768078142205
headphones,2,2,174,78,-7.4463590598347,0.000583562464919392
headphones,2,2,174,72,-7.527601446058325,0.0005380271975257959
headphones,2,2,174,66,-7.608720958795544,0.000496105992855599
headphones,2,2,174,60,-7.690741892348029,0.0004570389722096209
headphones,2,2,174,48,-7.84827323162091,0.00039042556102920244
headphones,2,2,174,42,-7.922633611296199,0.0003624465251799415
headphones,2,2,174,36,-7.991447329625547,0.0003383440334738356
headphones,2,2,174,24,-8.121693349081875,0.0002970252668883836
headphones,2,2,174,18,-8.17492407062203,0.0002816278412134444
headphones,2,2,174,12,-8.21837733695199,0.00026965226486162433
headphones,2,2,174,0,-8.26664596635254,0.0002569456519734681
headphones,2,2,174,150,-6.6174150937976535,0.0013368821981954815
headphones,2,2,174,126,-6.854117833395968,0.0010551020009149134
headphones,2,2,174,54,-7.770362499848227,0.00042206024230128844
headphones,2,2,174,102,-7.131615430253763,0.0007994269253912105
headphones,2,2,174,30,-8.057967031450442,0.0003165697278599352
headphones,2,2,174,6,-8.248797165926625,0.00026157299706787196
headphones,2,2,180,180,-6.492250717201921,0.0015151350270875162
headphones,2,2,180,174,-6.5264069628644705,0.0014642575410971424
headphones,2,2,180,168,-6.563576093755383,0.0014108314130066562
headphones,2,2,180,156,-6.644437202014441,0.0013012405477812075
headphones,2,2,180,150,-6.691288579354524,0.0012416817362011607
headphones,2,2,180,144,-6.746694408940336,0.00117475647411327
headphones,2,2,180,138,-6.80454035003771,0.0011087296815693766
headphones,2,2,180,132,-6.864170387719785,0.0010445486636029904
headphones,2,2,180,126,-6.927991318952838,0.0009799673345442983
headphones,2,2,180,120,-6.995902941142122,0.0009156256634774249
headphones,2,2,180,108,-7.134889188331597,0.000796814074291371
headphones,2,2,180,102,-7.205488915810633,0.0007424990878220739
headphones,2,2,180,96,-7.285208381741095,0.0006856053538299001
headphones,2,2,180,84,-7.442114936307984,0.0005860444392833969
headphones,2,2,180,78,-7.52023254539157,0.0005420065100732139
headphones,2,2,180,72,-7.601474931615195,0.00049971384587888
headphones,2,2,180,60,-7.764615377904899,0.0004244928575538229
headphones,2,2,180,54,-7.844235985405097,0.0003920049912771123
headphones,2,2,180,48,-7.92214671717778,0.0003626230412301191
headphones,2,2,180,36,-8.06532081518242,0.00031425028135176423
headphones,2,2,180,30,-8.131840517007312,0.00029402654164176146
headphones,2,2,180,24,-8.195566834638745,0.0002758738575346435
headphones,2,2,180,12,-8.29225082250886,0.0002504501091090141
headphones,2,2,180,6,-8.322670651483497,0.00024294617250568277
headphones,2,2,180,0,-8.34051945190941,0.00023864834439593887
headphones,2,2,180,90,-7.364554942896991,0.0006333072016403312
headphones,2,2,180,162,-6.600415537776492,0.0013598028706705864
headphones,2,2,180,114,-7.06568111773233,0.0008539131068835582
headphones,2,2,180,66,-7.682594444352414,0.0004607778840800057
headphones,2,2,180,42,-7.996507096853069,0.00033663641514037224
headphones,2,2,180,18,-8.2487975561789,0.0002615728949884347
headphones,2,2,186,186,-6.538826067509975,0.001446185226728045
headphones,2,2,186,180,-6.569485929716183,0.0014025182197872081
headphones,2,2,186,168,-6.640811306269647,0.0013059672744768973
headphones,2,2,186,162,-6.677650750290756,0.0012587315766176155
headphones,2,2,186,156,-6.721672414528705,0.0012045220683051454
headphones,2,2,186,144,-6.823929621454598,0.0010874392904268013
headphones,2,2,186,138,-6.881775562551974,0.0010263201308262659
headphones,2,2,186,132,-6.941405600234049,0.0009669095532519497
headphones,2,2,186,120,-7.0731381536563855,0.0008475691292018828
headphones,2,2,186,114,-7.142916330246594,0.0007904435374459292
headphones,2,2,186,108,-7.212124400845861,0.000737588556133336
headphones,2,2,186,102,-7.282724128324897,0.000687310688637184
headphones,2,2,186,96,-7.362443594255357,0.0006346457465104518
headphones,2,2,186,90,-7.441790155411253,0.0005862348062340127
headphones,2,2,186,84,-7.519350148822246,0.0005424849858298908
headphones,2,2,186,72,-7.678710144129459,0.0004625711642824969
headphones,2,2,186,66,-7.759829656866678,0.00042652923082338377
headphones,2,2,186,60,-7.841850590419163,0.00039294119418069713
headphones,2,2,186,48,-7.999381929692044,0.0003356700314806415
headphones,2,2,186,42,-8.073742309367333,0.00031161493677945987
headphones,2,2,186,36,-8.142556027696681,0.00029089271734171837
headphones,2,2,186,24,-8.272802047153009,0.00025536873258027353
headphones,2,2,186,18,-8.326032768693164,0.00024213073057189298
headphones,2,2,186,12,-8.369486035023124,0.00023183467802754228
headphones,2,2,186,0,-8.417754664423674,0.00022091011372151647
headphones,2,2,186,174,-6.603642175378734,0.0013554223505724112
headphones,2,2,186,150,-6.7685237918687875,0.0011493901382154162
headphones,2,2,186,126,-7.005226531467102,0.0009071284188688312
headphones,2,2,186,78,-7.597467757905834,0.0005017203034915062
headphones,2,2,186,54,-7.9214711979193595,0.00036286808283386
headphones,2,2,186,30,-8.209075729521576,0.0002721721657681487
headphones,2,2,186,6,-8.399905863997759,0.00022488849328615302
headphones,2,2,192,192,-6.540456561204119,0.0014438291521396513
headphones,2,2,192,180,-6.598469021175836,0.0013624523273010735
headphones,2,2,192,174,-6.632625266838387,0.001316701850970219
headphones,2,2,192,168,-6.6697943977293,0.001268659563481499
headphones,2,2,192,162,-6.706633841750408,0.0012227732530064501
headphones,2,2,192,156,-6.750655505988359,0.001170112353689662
headphones,2,2,192,150,-6.79750688332844,0.0011165553835201442
headphones,2,2,192,144,-6.852912712914252,0.0010563742924248132
headphones,2,2,192,132,-6.970388691693701,0.0009392877415293991
headphones,2,2,192,126,-7.034209622926754,0.0008812143813976958
headphones,2,2,192,120,-7.102121245116038,0.0008233565285197172
headphones,2,2,192,108,-7.241107492305513,0.0007165177825974847
headphones,2,2,192,102,-7.31170721978455,0.0006676762084807076
headphones,2,2,192,96,-7.391426685715011,0.0006165157515572812
headphones,2,2,192,84,-7.548333240281901,0.0005269877574795156
headphones,2,2,192,78,-7.626450849365487,0.00048738760431213195
headphones,2,2,192,72,-7.707693235589112,0.0004493568428755774
headphones,2,2,192,66,-7.788812748326331,0.0004143445232999719
headphones,2,2,192,60,-7.870833681878816,0.00038171599980011664
headphones,2,2,192,54,-7.950454289379014,0.00035250199033797934
headphones,2,2,192,48,-8.028365021151696,0.0003260809087139074
headphones,2,2,192,36,-8.171539119156336,0.0002825827530406615
headphones,2,2,192,30,-8.238058820981228,0.00026439699352615134
headphones,2,2,192,24,-8.301785138612662,0.00024807358586522116
headphones,2,2,192,12,-8.398469126482777,0.00022521183124141035
headphones,2,2,192,6,-8.428888955457413,0.00021846407892472003
headphones,2,2,192,0,-8.446737755883326,0.00021459935016736532
headphones,2,2,192,186,-6.567809158969627,0.001404871894044272
headphones,2,2,192,138,-6.910758654011627,0.0009970011305894778
headphones,2,2,192,114,-7.171899421706247,0.0007678628498364137
headphones,2,2,192,90,-7.470773246870905,0.0005694877719446717
headphones,2,2,192,42,-8.102725400826985,0.00030271299855296483
headphones,2,2,192,18,-8.355015860152818,0.00023521375531851253
headphones,2,2,204,198,-6.517843193851343,0.0014768509510169716
headphones,2,2,204,204,-6.494656266763078,0.001511494674967194
headphones,2,2,204,192,-6.543364474261509,0.0014396367210622913
headphones,2,2,204,186,-6.570717072027017,0.0014007925827354702
headphones,2,2,204,180,-6.601376934233226,0.0013584961892289659
headphones,2,2,204,168,-6.67270231078669,0.001264975770442241
headphones,2,2,204,162,-6.709541754807798,0.0012192226995501275
headphones,2,2,204,156,-6.753563419045747,0.0011667147111165512
headphones,2,2,204,144,-6.855820625971642,0.0010533069098288027
headphones,2,2,204,138,-6.913666567069017,0.0009941061492006811
headphones,2,2,204,132,-6.973296604751091,0.0009365603418835785
headphones,2,2,204,126,-7.0371175359841445,0.0008786556087389547
headphones,2,2,204,120,-7.105029158173426,0.0008209657570819776
headphones,2,2,204,114,-7.174807334763637,0.0007656332147926596
headphones,2,2,204,108,-7.244015405362903,0.0007144372376695817
headphones,2,2,204,96,-7.394334598772401,0.0006147255814442312
headphones,2,2,204,90,-7.473681159928297,0.0005678341564668705
headphones,2,2,204,84,-7.551241153339289,0.0005254575488335897
headphones,2,2,204,72,-7.710601148646502,0.00044805205027591
headphones,2,2,204,66,-7.791720661383721,0.00041314139559359305
headphones,2,2,204,60,-7.873741594936206,0.00038060761518416954
headphones,2,2,204,48,-8.031272934209087,0.00032513407110961053
headphones,2,2,204,42,-8.105633313884375,0.0003018340140964081
headphones,2,2,204,36,-8.174447032213724,0.0002817622205600579
headphones,2,2,204,24,-8.304693051670052,0.0002473532572797288
headphones,2,2,204,18,-8.357923773210207,0.00023453076768375125
headphones,2,2,204,12,-8.401377039540167,0.00022455788608530486
headphones,2,2,204,0,-8.449645668940716,0.00021397622035765785
headphones,2,2,204,102,-7.31461513284194,0.0006657374843027809
headphones,2,2,204,174,-6.635533179895777,0.0013128785580609128
headphones,2,2,204,150,-6.80041479638583,0.0011133132537414746
headphones,2,2,204,30,-8.240966734038619,0.0002636292668385603
headphones,2,2,204,78,-7.629358762422877,0.0004859723822022237
headphones,2,2,204,54,-7.953362202436402,0.0003514784341250208
headphones,2,2,204,6,-8.431796868514802,0.00021782972714396194
headphones,2,2,198,198,-6.566594072422626,0.0014065799725044082
headphones,2,2,198,192,-6.592115352832792,0.001371136456345664
headphones,2,2,198,186,-6.619467950598301,0.0013341405855151827
headphones,2,2,198,180,-6.650127812804509,0.001293856723440647
headphones,2,2,198,174,-6.68428405846706,0.0012504096536128542
headphones,2,2,198,168,-6.721453189357973,0.0012047861588078044
headphones,2,2,198,156,-6.8023142976170305,0.0011112005210497022
headphones,2,2,198,150,-6.8491656749571135,0.0010603399921692443
headphones,2,2,198,144,-6.9045715045429255,0.0010031888480320143
headphones,2,2,198,132,-7.022047483322375,0.0008919972723233765
headphones,2,2,198,126,-7.085868414555428,0.0008368477408839616
headphones,2,2,198,120,-7.1537800367447115,0.0007819028665203172
headphones,2,2,198,108,-7.292766283934187,0.0006804431479191682
headphones,2,2,198,102,-7.363366011413223,0.0006340606082969564
headphones,2,2,198,96,-7.4430854773436845,0.0005854759350293073
headphones,2,2,198,90,-7.522432038499581,0.0005408156805805219
headphones,2,2,198,84,-7.599992031910574,0.0005004554210982727
headphones,2,2,198,78,-7.67810964099416,0.00046284902313615417
headphones,2,2,198,72,-7.759352027217783,0.00042673300248996624
headphones,2,2,198,60,-7.922492473507489,0.0003624976836911455
headphones,2,2,198,54,-8.002113081007687,0.00033475451660645064
headphones,2,2,198,48,-8.08002381278037,0.00030966366137807146
headphones,2,2,198,36,-8.223197910785007,0.00026835551426177256
headphones,2,2,198,30,-8.289717612609902,0.00025108535607184514
headphones,2,2,198,24,-8.353443930241335,0.00023558378561073796
headphones,2,2,198,12,-8.45012791811145,0.00021387305538044535
headphones,2,2,198,6,-8.480547747086085,0.00020746503322208016
headphones,2,2,198,0,-8.498396547512,0.0002037948825777022
headphones,2,2,198,66,-7.840471539955004,0.00039348345373262447
headphones,2,2,198,162,-6.758292633379082,0.0011612100936990635
headphones,2,2,198,138,-6.9624174456403,0.0009468049562119207
headphones,2,2,198,114,-7.22355821333492,0.0007292031368974249
headphones,2,2,198,42,-8.154384192455659,0.00028747225910391957
headphones,2,2,198,18,-8.40667465178149,0.00022337141099640842
headphones,2,2,210,210,-6.523626143200765,0.001468335044032729
headphones,2,2,210,204,-6.54677484497077,0.0014347353885876214
headphones,2,2,210,192,-6.5954830524691985,0.001366526647183292
headphones,2,2,210,186,-6.622835650234707,0.0013296551577763626
headphones,2,2,210,180,-6.653495512440916,0.0012895067314679957
headphones,2,2,210,168,-6.72482088899438,0.0012007356252173162
headphones,2,2,210,162,-6.761660333015488,0.0011573060643775477
headphones,2,2,210,156,-6.805681997253437,0.00110746462567659
headphones,2,2,210,150,-6.85253337459352,0.00105677509168942
headphones,2,2,210,144,-6.907939204179332,0.0009998160917160073
headphones,2,2,210,138,-6.965785145276708,0.0009436217645303578
headphones,2,2,210,132,-7.025415182958781,0.0008889983460095606
headphones,2,2,210,120,-7.157147736381118,0.0007792740814847441
headphones,2,2,210,114,-7.226925912971327,0.0007267515302129531
headphones,2,2,210,108,-7.296133983570593,0.0006781554740386918
headphones,2,2,210,96,-7.446453176980091,0.0005835075442705643
headphones,2,2,210,90,-7.525799738135987,0.0005389974391735806
headphones,2,2,210,84,-7.603359731546979,0.0004987728723082821
headphones,2,2,210,72,-7.76271972685419,0.0004252983110734696
headphones,2,2,210,66,-7.843839239591411,0.0003921605484726383
headphones,2,2,210,60,-7.925860173143896,0.000361278953683724
headphones,2,2,210,48,-8.083391512416778,0.00030862256121851506
headphones,2,2,210,42,-8.157751892092065,0.00028650576722208534
headphones,2,2,210,36,-8.226565610421414,0.00026745329355084933
headphones,2,2,210,24,-8.356811629877742,0.0002347917446082625
headphones,2,2,210,18,-8.410042351417896,0.0002226204284284388
headphones,2,2,210,12,-8.453495617747857,0.00021315400661931408
headphones,2,2,210,0,-8.501764247148406,0.00020310971698925666
headphones,2,2,210,6,-8.483915446722492,0.00020676752845762524
headphones,2,2,210,198,-6.569961772059033,0.0014018510009896831
headphones,2,2,210,174,-6.687651758103467,0.0012462057322224877
headphones,2,2,210,126,-7.089236114191834,0.0008340342292414235
headphones,2,2,210,102,-7.36673371104963,0.0006319288741518251
headphones,2,2,210,78,-7.6814773406305665,0.00046129290838348066
headphones,2,2,210,54,-8.005480780644094,0.00033362906010600096
headphones,2,2,210,30,-8.293085312246308,0.0002502411982423303
headphones,2,2,216,216,-6.50700628067181,0.0014929424903792874
headphones,2,2,216,210,-6.527755216321271,0.001462284681062246
headphones,2,2,216,204,-6.550903918091276,0.001428823475020735
headphones,2,2,216,198,-6.574090845179539,0.001396074589522156
headphones,2,2,216,192,-6.5996121255897044,0.0013608957918428185
headphones,2,2,216,180,-6.657624585561422,0.001284193241328283
headphones,2,2,216,174,-6.691780831223973,0.0012410706664577056
headphones,2,2,216,168,-6.728949962114886,0.0011957879217666092
headphones,2,2,216,156,-6.809811070373943,0.0011029012509961693
headphones,2,2,216,150,-6.856662447714026,0.0010524205862862623
headphones,2,2,216,144,-6.912068277299838,0.0009956962893022494
headphones,2,2,216,132,-7.029544256079287,0.0008853351747903107
headphones,2,2,216,126,-7.09336518731234,0.0008305975409751961
headphones,2,2,216,120,-7.161276809501624,0.0007760630357049451
headphones,2,2,216,114,-7.2310549860918325,0.0007237569067685205
headphones,2,2,216,108,-7.300263056691099,0.0006753610935701272
headphones,2,2,216,102,-7.370862784170136,0.0006293249731718101
headphones,2,2,216,96,-7.450582250100597,0.0005811031662962051
headphones,2,2,216,84,-7.6074888046674864,0.0004967176486523728
headphones,2,2,216,78,-7.6856064137510725,0.0004593921231759272
headphones,2,2,216,72,-7.766848799974696,0.0004235458437716877
headphones,2,2,216,60,-7.929989246264402,0.0003597902819992429
headphones,2,2,216,54,-8.009609853764598,0.0003322543214730541
headphones,2,2,216,48,-8.087520585537282,0.00030735086337009836
headphones,2,2,216,36,-8.23069468354192,0.0002663512361490254
headphones,2,2,216,30,-8.297214385366814,0.00024921006431571886
headphones,2,2,216,24,-8.360940702998247,0.0002338242710856996
headphones,2,2,216,12,-8.457624690868363,0.00021227569269913579
headphones,2,2,216,6,-8.488044519843,0.0002059155304052986
headphones,2,2,216,0,-8.505893320268912,0.00020227279116935527
headphones,2,2,216,186,-6.626964723355213,0.0013241762336283517
headphones,2,2,216,162,-6.765789406135994,0.0011525373150475624
headphones,2,2,216,138,-6.9699142183972125,0.0009397335142257314
headphones,2,2,216,90,-7.529928811256493,0.0005367764677676238
headphones,2,2,216,66,-7.847968312711917,0.00039054462731717335
headphones,2,2,216,42,-8.161880965212571,0.00028532520295517974
headphones,2,2,216,18,-8.414171424538402,0.00022170310754713834
headphones,2,2,222,216,-6.53936915185095,0.0014454000394080267
headphones,2,2,222,210,-6.5601180875004115,0.001415718521814032
headphones,2,2,222,204,-6.583266789270416,0.0013833228810959807
headphones,2,2,222,192,-6.631974996768845,0.0013175583412192216
headphones,2,2,222,186,-6.6593275945343535,0.0012820081098926606
headphones,2,2,222,180,-6.689987456740562,0.001243298367877422
headphones,2,2,222,174,-6.724143702403113,0.0012015490226622066
headphones,2,2,222,168,-6.761312833294026,0.001157708297796518
headphones,2,2,222,162,-6.798152277315134,0.0011158349978810944
headphones,2,2,222,156,-6.842173941553083,0.001067779584227675
headphones,2,2,222,144,-6.944431148478978,0.0009639885428073445
headphones,2,2,222,138,-7.002277089576353,0.0009098078909589056
headphones,2,2,222,132,-7.0619071272584275,0.0008571418556157004
headphones,2,2,222,120,-7.193639680680764,0.0007513494656489167
headphones,2,2,222,114,-7.263417857270973,0.0007007090147854798
headphones,2,2,222,108,-7.3326259278702395,0.000653854356448058
headphones,2,2,222,96,-7.482945121279737,0.0005625980537611182
headphones,2,2,222,90,-7.562291682435632,0.0005196829299617007
headphones,2,2,222,84,-7.639851675846627,0.00048089977582083744
headphones,2,2,222,78,-7.717969284930213,0.00044476287413691955
headphones,2,2,222,72,-7.799211671153836,0.0004100581122338969
headphones,2,2,222,66,-7.880331183891057,0.000378107812827689
headphones,2,2,222,60,-7.962352117443542,0.0003483328334021845
headphones,2,2,222,48,-8.119883456716423,0.0002975633374292731
headphones,2,2,222,42,-8.194243836391712,0.00027623907970543866
headphones,2,2,222,36,-8.263057554721062,0.0002578693350260067
headphones,2,2,222,24,-8.393303574177388,0.0002263781845715711
headphones,2,2,222,18,-8.446534295717544,0.00021464301702880985
headphones,2,2,222,12,-8.489987562047503,0.00020551581629560793
headphones,2,2,222,0,-8.538256191448053,0.0001958314551373518
headphones,2,2,222,198,-6.606453716358679,0.0013516168772175665
headphones,2,2,222,222,-6.5199773615723675,0.0014737024642829527
headphones,2,2,222,102,-7.403225655349276,0.000609284246971828
headphones,2,2,222,150,-6.889025318893166,0.0010189064660525026
headphones,2,2,222,126,-7.125728058491481,0.0008041473306535443
headphones,2,2,222,54,-8.04197272494374,0.0003216737499571279
headphones,2,2,222,30,-8.329577256545955,0.00024127402033503965
headphones,2,2,222,6,-8.52040739102214,0.0001993581920807474
headphones,2,2,0,0,-8.622023266354534,0.0001800955046570556
headphones,2,2,246,60,-8.078526955774807,0.00031012753068537324
headphones,2,2,246,180,-6.806162295071829,0.0011069328405507724
headphones,2,2,246,204,-6.699441627601681,0.0012315994018271097
headphones,2,2,246,246,-6.582208357551757,0.0013847878090368186
headphones,2,2,246,108,-7.448800766201504,0.0005821393148976648
headphones,2,2,246,114,-7.379592695602238,0.0006238549331165023
headphones,2,2,246,222,-6.636152199903632,0.0013120661114518852
headphones,2,2,246,138,-7.118451927907618,0.0008100197499768141
headphones,2,2,246,198,-6.722628554689944,0.0012033709267945526
headphones,2,2,246,150,-7.005200157224431,0.0009071523440093863
headphones,2,2,246,126,-7.2419028968227455,0.0007159480877155063
headphones,2,2,246,90,-7.6784665207668965,0.00046268387115341994
headphones,2,2,246,102,-7.519400493680541,0.0005424576751876331
headphones,2,2,246,78,-7.834144123261478,0.00039598108093748046
headphones,2,2,246,54,-8.158147563275005,0.0002863924275703453
headphones,2,2,246,30,-8.44575209487722,0.0002148109766576174
headphones,2,2,246,6,-8.636582229353404,0.00017749249540458277
headphones,2,2,246,42,-8.310418674722975,0.00024594105250174385
headphones,2,2,246,66,-7.996506022222322,0.0003366367769004089
headphones,2,2,246,36,-8.379232393052325,0.00022958610972729883
headphones,2,2,246,210,-6.676292925831676,0.001260441874018813
headphones,2,2,246,162,-6.914327115646399,0.0009934497106267109
headphones,2,2,246,132,-7.178081965589691,0.0007631301492106467
headphones,2,2,246,234,-6.605857695493583,0.0013524227092004868
headphones,2,2,246,84,-7.75602651417789,0.00042815447090016075
headphones,2,2,246,174,-6.840318540734378,0.001069762582401791
headphones,2,2,246,18,-8.56270913404881,0.00019110087383908918
headphones,2,2,246,12,-8.606162400378768,0.00018297474861049366
headphones,2,2,246,186,-6.775502432865618,0.001141396880553552
headphones,2,2,246,228,-6.6186657926277235,0.0013352112063658404
headphones,2,2,246,240,-6.594085898716646,0.001368437229394126
headphones,2,2,246,216,-6.655543990182215,0.0012868679093382914
headphones,2,2,246,192,-6.74814983510011,0.0011730479464290176
headphones,2,2,246,168,-6.877487671625291,0.0010307303280683196
headphones,2,2,246,156,-6.95834877988435,0.0009506650364780286
headphones,2,2,246,144,-7.060605986810241,0.0008582578434248703
headphones,2,2,246,120,-7.309814519012029,0.0006689411164248058
headphones,2,2,246,96,-7.599119959611002,0.0005008920447642139
headphones,2,2,246,72,-7.915386509485101,0.00036508275301677765
headphones,2,2,246,48,-8.236058295047687,0.0002649264559935688
headphones,2,2,246,24,-8.509478412508653,0.00020154892289800069
headphones,2,2,246,0,-8.654431029779317,0.00017435257256426487
headphones,2,2,240,168,-6.927536829124804,0.0009804128209565072
headphones,2,2,240,240,-6.644135056216159,0.001301633771547736
headphones,2,2,240,216,-6.7055931476817285,0.001224046448266661
headphones,2,2,240,24,-8.559527570008166,0.00019170984172891913
headphones,2,2,240,78,-7.884193280760991,0.00037665034008933286
headphones,2,2,240,72,-7.9654356669846145,0.000347260386175444
headphones,2,2,240,114,-7.429641853101751,0.0005933999982232427
headphones,2,2,240,186,-6.825551590365132,0.001085676927341069
headphones,2,2,240,210,-6.72634208333119,0.0011989104615505034
headphones,2,2,240,162,-6.964376273145913,0.0009449521438835558
headphones,2,2,240,96,-7.649169117110514,0.0004764398303116649
headphones,2,2,240,66,-8.046555179721835,0.00032020306678776615
headphones,2,2,240,18,-8.612758291548321,0.0001817718385748486
headphones,2,2,240,54,-8.208196720774518,0.00027241151266115974
headphones,2,2,240,30,-8.495801252376733,0.00020432447737518957
headphones,2,2,240,0,-8.70448018727883,0.00016584114472415607
headphones,2,2,240,6,-8.686631386852916,0.00016882778490115693
headphones,2,2,240,192,-6.798198992599623,0.0011157828725492601
headphones,2,2,240,198,-6.772677712189456,0.0011446255658419857
headphones,2,2,240,138,-7.168501085407133,0.0007704767449635119
headphones,2,2,240,222,-6.686201357403146,0.0012480145413211454
headphones,2,2,240,144,-7.110655144309755,0.0008163599832724161
headphones,2,2,240,150,-7.055249314723945,0.0008628675846710892
headphones,2,2,240,90,-7.72851567826641,0.00044009687788922254
headphones,2,2,240,102,-7.569449651180054,0.0005159763374547419
headphones,2,2,240,42,-8.36046783222249,0.00023393486589662503
headphones,2,2,240,48,-8.286107452547201,0.00025199345259728175
headphones,2,2,240,126,-7.291952054322259,0.0006809974104973177
headphones,2,2,240,234,-6.6559068529930965,0.0012864010375418047
headphones,2,2,240,228,-6.668714950127237,0.0012700297543967356
headphones,2,2,240,204,-6.7494907851011945,0.0011714760019689927
headphones,2,2,240,180,-6.8562114525713405,0.0010528953299042258
headphones,2,2,240,174,-6.8903676982338915,0.0010175396246774064
headphones,2,2,240,156,-7.008397937383862,0.0009042561034804129
headphones,2,2,240,132,-7.228131123089206,0.0007258761695182965
headphones,2,2,240,120,-7.359863676511543,0.0006362851942437153
headphones,2,2,240,108,-7.498849923701018,0.0005537208252891128
headphones,2,2,240,84,-7.806075671677403,0.0004072531109151025
headphones,2,2,240,60,-8.12857611327432,0.00029498793131016617
headphones,2,2,240,36,-8.429281550551838,0.0002183783278328565
headphones,2,2,240,12,-8.656211557878281,0.00017404240911899444
headphones,2,2,228,114,-7.504068912672816,0.0005508384903878852
headphones,2,2,228,132,-7.30255818266027,0.0006738128321927892
headphones,2,2,228,108,-7.573276983272082,0.0005140052989751459
headphones,2,2,228,66,-8.1209822392929,0.00029723655958048794
headphones,2,2,228,174,-6.964794757804956,0.0009445567786407247
headphones,2,2,228,210,-6.800769142902254,0.0011129188249546828
headphones,2,2,228,204,-6.823917844672257,0.0010874520970380434
headphones,2,2,228,162,-7.038803332716977,0.0008771756218135184
headphones,2,2,228,156,-7.082824996954926,0.000839398497567559
headphones,2,2,228,78,-7.958620340332056,0.00034963516238643166
headphones,2,2,228,126,-7.3663791138933234,0.0006321529940673811
headphones,2,2,228,90,-7.8029427378374745,0.00040853100870708
headphones,2,2,228,60,-8.203003172845385,0.0002738299751467249
headphones,2,2,228,18,-8.687185351119386,0.0001687342862409839
headphones,2,2,228,12,-8.730638617449346,0.00016155924871862014
headphones,2,2,228,54,-8.282623780345581,0.0002528728460529954
headphones,2,2,228,30,-8.570228311947798,0.0001896693410914045
headphones,2,2,228,0,-8.778907246849895,0.00015394621853316145
headphones,2,2,228,6,-8.761058446423982,0.00015671864248219535
headphones,2,2,228,150,-7.129676374295009,0.0008009785628041929
headphones,2,2,228,222,-6.76062841697421,0.0011585009234611457
headphones,2,2,228,186,-6.899978649936196,0.00100780694556141
headphones,2,2,228,198,-6.84710477176052,0.0010625275035989752
headphones,2,2,228,102,-7.643876710751119,0.00047896802772236273
headphones,2,2,228,42,-8.434894891793554,0.00021715592983724758
headphones,2,2,228,36,-8.503708610122903,0.00020271518166002203
headphones,2,2,228,228,-6.7431420096983015,0.0011789370993499826
headphones,2,2,228,216,-6.780020207252793,0.0011362519375576411
headphones,2,2,228,192,-6.872626052170688,0.0010357535472800394
headphones,2,2,228,180,-6.930638512142405,0.0009773766022875955
headphones,2,2,228,168,-7.001963888695869,0.000910092888219792
headphones,2,2,228,144,-7.185082203880819,0.000757806710726821
headphones,2,2,228,138,-7.2429281449781975,0.0007152144394092265
headphones,2,2,228,120,-7.434290736082607,0.0005906477534594005
headphones,2,2,228,96,-7.72359617668158,0.0004422672694225461
headphones,2,2,228,84,-7.880502731248468,0.00037804295499483596
headphones,2,2,228,72,-8.039862726555679,0.0003223531976156708
headphones,2,2,228,48,-8.360534512118265,0.00023391926766419882
headphones,2,2,228,24,-8.63395462957923,0.00017795948791144093
headphones,2,2,252,240,-6.727261083220116,0.0011978091690908396
headphones,2,2,252,168,-7.010662856128761,0.0009022103544836091
headphones,2,2,252,96,-7.732295144114472,0.0004384366860647836
headphones,2,2,252,6,-8.769757413856874,0.00015536126456786937
headphones,2,2,252,0,-8.787606214282787,0.0001526128532505043
headphones,2,2,252,246,-6.715383542055227,0.0012121210233690504
headphones,2,2,252,174,-6.973493725237848,0.0009363757448476361
headphones,2,2,252,198,-6.855803739193414,0.0010533246969391783
headphones,2,2,252,126,-7.375078081326215,0.0006266777647070987
headphones,2,2,252,150,-7.138375341727901,0.0007940410945248686
headphones,2,2,252,18,-8.695884318552277,0.00016727283794162735
headphones,2,2,252,78,-7.967319307764948,0.000346606888021759
headphones,2,2,252,114,-7.512767880105708,0.0005460675455317356
headphones,2,2,252,42,-8.443593859226446,0.00021527509001846538
headphones,2,2,252,54,-8.291322747778473,0.0002506826534190585
headphones,2,2,252,234,-6.739032879997053,0.0011837914715929247
headphones,2,2,252,186,-6.908677617369088,0.0009990780868363554
headphones,2,2,252,120,-7.442989703515497,0.0005855320109861783
headphones,2,2,252,162,-7.047502300149869,0.0008695781924510855
headphones,2,2,252,138,-7.251627112411088,0.0007090197948622562
headphones,2,2,252,24,-8.642653597012123,0.0001764181379181675
headphones,2,2,252,72,-8.048561693988571,0.00031956121891980134
headphones,2,2,252,90,-7.811641705270366,0.00040499262323006626
headphones,2,2,252,30,-8.57892727938069,0.00018802656923896526
headphones,2,2,252,66,-8.129681206725792,0.00029466212213696147
headphones,2,2,252,216,-6.788719174685685,0.0011264105858159294
headphones,2,2,252,222,-6.769327384407102,0.001148466867892989
headphones,2,2,252,210,-6.809468110335146,0.001103279566921914
headphones,2,2,252,252,-6.704061393581593,0.0012259228231381273
headphones,2,2,252,204,-6.832616812105151,0.0010780334124704117
headphones,2,2,252,192,-6.88132501960358,0.0010267826363054727
headphones,2,2,252,180,-6.939337479575299,0.000968911308095967
headphones,2,2,252,156,-7.091523964387818,0.0008321282649783118
headphones,2,2,252,144,-7.193781171313711,0.0007512431642579605
headphones,2,2,252,132,-7.311257150093162,0.0006679767769391083
headphones,2,2,252,108,-7.581975950704974,0.0005095533752625304
headphones,2,2,252,102,-7.652575678184009,0.0004748195702561596
headphones,2,2,252,84,-7.88920169868136,0.00037476863389525886
headphones,2,2,252,60,-8.211702140278277,0.0002714582677693666
headphones,2,2,252,48,-8.369233479551157,0.0002318932365383947
headphones,2,2,252,36,-8.512407577555795,0.0002009594166398193
headphones,2,2,252,12,-8.739337584882238,0.00016015994514763198
headphones,2,2,252,228,-6.751840977131193,0.001168726041139604
headphones,2,2,234,228,-6.758252144521254,0.0011612571107212813
headphones,2,2,234,234,-6.745444047387114,0.0011762262631352524
headphones,2,2,234,156,-7.097935131777879,0.0008268104164051917
headphones,2,2,234,126,-7.381489248716276,0.0006226728803676146
headphones,2,2,234,222,-6.775738551797163,0.001141127406956808
headphones,2,2,234,198,-6.862214906583475,0.0010465932572412417
headphones,2,2,234,210,-6.815879277725207,0.0010962288826492663
headphones,2,2,234,174,-6.979904892627909,0.0009303916861054756
headphones,2,2,234,180,-6.9457486469653595,0.0009627193256407473
headphones,2,2,234,186,-6.915088784759149,0.0009926933187637836
headphones,2,2,234,150,-7.144786509117962,0.0007889666480972764
headphones,2,2,234,132,-7.317668317483221,0.0006637079646662616
headphones,2,2,234,138,-7.2580382798011485,0.0007044886906285592
headphones,2,2,234,102,-7.658986845574072,0.0004717851599609598
headphones,2,2,234,114,-7.5191790474957685,0.0005425778136718176
headphones,2,2,234,78,-7.973730475155008,0.00034439184134869817
headphones,2,2,234,84,-7.895612866071421,0.0003723736150875971
headphones,2,2,234,54,-8.297733915168536,0.00024908062588689
headphones,2,2,234,30,-8.58533844677075,0.0001868249554192951
headphones,2,2,234,42,-8.450005026616507,0.00021389934017500484
headphones,2,2,234,6,-8.776168581246935,0.00015436840359454103
headphones,2,2,234,18,-8.70229548594234,0.00016620385415630544
headphones,2,2,234,0,-8.794017381672848,0.00015163755643863704
headphones,2,2,234,12,-8.745748752272299,0.00015913641743968117
headphones,2,2,234,60,-8.218113307668338,0.0002697234703557051
headphones,2,2,234,36,-8.518818744945857,0.00019967515339338186
headphones,2,2,234,216,-6.795130342075746,0.0011192120790728796
headphones,2,2,234,204,-6.839027979495212,0.0010711440677797456
headphones,2,2,234,192,-6.88773618699364,0.0010202208178849387
headphones,2,2,234,168,-7.017074023518822,0.0008964446351249837
headphones,2,2,234,162,-7.05391346753993,0.0008640210141354772
headphones,2,2,234,144,-7.200192338703774,0.0007464422248388187
headphones,2,2,234,120,-7.44940087090556,0.0005817900751570654
headphones,2,2,234,108,-7.588387118095035,0.0005062969930392454
headphones,2,2,234,96,-7.738706311504533,0.0004356347864015702
headphones,2,2,234,72,-8.054972861378634,0.0003175190119144883
headphones,2,2,234,66,-8.136092374115853,0.00029277903678617194
headphones,2,2,234,48,-8.375644646941218,0.00023041128577558286
headphones,2,2,234,24,-8.649064764402183,0.0001752907096327876
headphones,2,2,234,90,-7.818052872660427,0.00040240445319161155
headphones,2,2,264,216,-6.906534345359194,0.0010012216792658279
headphones,2,2,264,168,-7.12847802680227,0.0008019389888037774
headphones,2,2,264,258,-6.812979284095313,0.0010994125535072465
headphones,2,2,264,102,-7.77039084885752,0.00042204827748115346
headphones,2,2,264,240,-6.845076253893625,0.0010646850471921201
headphones,2,2,264,210,-6.9272832810086555,0.000980661434296699
headphones,2,2,264,246,-6.833198712728736,0.0010774062866356028
headphones,2,2,264,234,-6.856848050670562,0.0010522252720399394
headphones,2,2,264,192,-6.999140190277089,0.0009126663476960204
headphones,2,2,264,162,-7.165317470823378,0.0007729335546577449
headphones,2,2,264,198,-6.973618909866923,0.0009362585323340977
headphones,2,2,264,186,-7.026492788042598,0.0008880408728540205
headphones,2,2,264,174,-7.091308895911357,0.0008323072487826777
headphones,2,2,264,144,-7.3115963419872205,0.0006677502430523524
headphones,2,2,264,150,-7.25619051240141,0.0007057916252539378
headphones,2,2,264,138,-7.369442283084599,0.0006302195652134119
headphones,2,2,264,114,-7.630583050779217,0.00048537777593222743
headphones,2,2,264,126,-7.492893251999725,0.0005570290015377478
headphones,2,2,264,96,-7.850110314787981,0.0003897089752184389
headphones,2,2,264,66,-8.247496377399301,0.00026191346961489906
headphones,2,2,264,90,-7.929456875943876,0.0003599818746615914
headphones,2,2,264,78,-8.085134478438457,0.00030808511109550046
headphones,2,2,264,48,-8.487048650224668,0.00020612069756888784
headphones,2,2,264,18,-8.813699489225787,0.00014868218907776215
headphones,2,2,264,54,-8.409137918451982,0.00022282186476189442
headphones,2,2,264,42,-8.561409029899956,0.00019134948645414452
headphones,2,2,264,30,-8.696742450054199,0.00016712935742135582
headphones,2,2,264,0,-8.905421384956297,0.0001356515103223548
headphones,2,2,264,6,-8.887572584530382,0.00013809446409883451
headphones,2,2,264,264,-6.806382142502326,0.0011066895109587175
headphones,2,2,264,252,-6.821876564255103,0.001089674158862386
headphones,2,2,264,228,-6.869656147804703,0.0010388342086326203
headphones,2,2,264,222,-6.887142555080612,0.0010208266333186684
headphones,2,2,264,204,-6.9504319827786585,0.0009582211292487611
headphones,2,2,264,180,-7.057152650248806,0.0008612268201020105
headphones,2,2,264,156,-7.209339135061327,0.0007396457999572566
headphones,2,2,264,132,-7.429072320766672,0.0005937380549678527
headphones,2,2,264,120,-7.560804874189008,0.0005204561735176007
headphones,2,2,264,108,-7.699791121378482,0.0004529217786837203
headphones,2,2,264,84,-8.00701686935487,0.0003331169696820378
headphones,2,2,264,72,-8.16637686466208,0.0002840452888707162
headphones,2,2,264,60,-8.329517310951786,0.00024128848408306073
headphones,2,2,264,36,-8.630222748229304,0.00017862485236380815
headphones,2,2,264,24,-8.760468767685632,0.00015681108338610943
headphones,2,2,264,12,-8.857152755555747,0.00014235982087799665
headphones,2,2,258,180,-7.133527380149575,0.0007978999214072241
headphones,2,2,258,78,-8.161509208339226,0.0002854312942793847
headphones,2,2,258,108,-7.77616585127925,0.0004196179719212125
headphones,2,2,258,102,-7.846765578758287,0.00039101463118900505
headphones,2,2,258,114,-7.706957780679986,0.0004496874461286106
headphones,2,2,258,126,-7.569267981900493,0.0005160700830193246
headphones,2,2,258,60,-8.405892040852555,0.00022354629232696017
headphones,2,2,258,54,-8.485512648352753,0.00020643754262119653
headphones,2,2,258,6,-8.963947314431152,0.00012794023534727045
headphones,2,2,258,234,-6.933222780571331,0.000974854059658659
headphones,2,2,258,228,-6.946030877705471,0.0009624476549916593
headphones,2,2,258,30,-8.773117179954967,0.00015484016293819595
headphones,2,2,258,12,-8.933527485456516,0.00013189195603156628
headphones,2,2,258,18,-8.890074219126557,0.00013774943395950947
headphones,2,2,258,246,-6.909573442629505,0.000998183488210889
headphones,2,2,258,252,-6.89825129415587,0.0010095492911063751
headphones,2,2,258,258,-6.889354013996082,0.0010185716115223193
headphones,2,2,258,204,-7.026806712679429,0.0008877621386985668
headphones,2,2,258,150,-7.332565242302179,0.0006538940371751193
headphones,2,2,258,210,-7.003658010909424,0.000908552384910342
headphones,2,2,258,216,-6.982909075259963,0.0009276008138051111
headphones,2,2,258,222,-6.96351728498138,0.0009457641953125528
headphones,2,2,258,36,-8.706597478130075,0.00016549038224979745
headphones,2,2,258,24,-8.8368434975864,0.00014528060226310442
headphones,2,2,258,186,-7.102867517943366,0.0008227423091314055
headphones,2,2,258,156,-7.285713864962096,0.0006852588794031923
headphones,2,2,258,192,-7.0755149201778575,0.0008455570473425541
headphones,2,2,258,162,-7.241692200724147,0.0007160989510769897
headphones,2,2,258,174,-7.167683625812126,0.000771106836073336
headphones,2,2,258,42,-8.637783759800723,0.0001772793608366615
headphones,2,2,258,138,-7.445817012985366,0.0005838788688600239
headphones,2,2,258,240,-6.921450983794394,0.0009863976546589856
headphones,2,2,258,84,-8.083391599255638,0.00030862253441808497
headphones,2,2,258,168,-7.204852756703039,0.0007429715856551377
headphones,2,2,258,144,-7.387971071887991,0.0006186498771462051
headphones,2,2,258,96,-7.92648504468875,0.0003610532712644167
headphones,2,2,258,72,-8.242751594562849,0.00026315914504287236
headphones,2,2,258,48,-8.563423380125435,0.0001909644295229191
headphones,2,2,258,0,-8.981796114857065,0.0001256769144882852
headphones,2,2,258,198,-7.049993639767692,0.0008674144742470215
headphones,2,2,258,132,-7.5054470506674384,0.000550079881789114
headphones,2,2,258,120,-7.637179604089775,0.0004821864928642268
headphones,2,2,258,90,-8.005831605844644,0.00033351203515293135
headphones,2,2,258,66,-8.32387110730007,0.0002426547013439131
headphones,2,2,270,0,-9.036624297862495,0.0001189717726202052
headphones,2,2,270,156,-7.340542047967526,0.0006486987997619292
headphones,2,2,270,60,-8.460720223857985,0.00021161960228815223
headphones,2,2,270,132,-7.5602752336728685,0.0005207319012058027
headphones,2,2,270,18,-8.944902402131987,0.0001304001964268493
headphones,2,2,270,24,-8.89167168059183,0.00013752956021357177
headphones,2,2,270,36,-8.761425661135505,0.00015666110365630438
headphones,2,2,270,66,-8.3786992903055,0.00022970853534284388
headphones,2,2,270,6,-9.018775497436582,0.00012111434029620318
headphones,2,2,270,138,-7.500645195990796,0.0005527276374232793
headphones,2,2,270,72,-8.297579777568279,0.0002491190215358652
headphones,2,2,270,210,-7.058486193914854,0.0008600791019672433
headphones,2,2,270,180,-7.188355563155007,0.0007553301925803425
headphones,2,2,270,126,-7.624096164905923,0.000488536600560707
headphones,2,2,270,54,-8.540340831358183,0.00019542364228946967
headphones,2,2,270,150,-7.387393425307609,0.0006190073413662448
headphones,2,2,270,270,-6.931220667150285,0.0009768077831904967
headphones,2,2,270,162,-7.296520383729575,0.0006778934852752183
headphones,2,2,270,90,-8.060659788850074,0.00031571842906769494
headphones,2,2,270,96,-7.98131322769418,0.00034179027920561703
headphones,2,2,270,264,-6.937585055408524,0.0009706107403158696
headphones,2,2,270,234,-6.988050963576761,0.0009228434354537315
headphones,2,2,270,204,-7.081634895684859,0.0008403980614587579
headphones,2,2,270,246,-6.964401625634935,0.0009449281872983826
headphones,2,2,270,144,-7.442799254893419,0.0005856435353703487
headphones,2,2,270,186,-7.157695700948796,0.000778847183872645
headphones,2,2,270,168,-7.259680939708469,0.0007033324052531203
headphones,2,2,270,222,-7.01834546798681,0.0008953055798290203
headphones,2,2,270,114,-7.761785963685416,0.0004256956244415181
headphones,2,2,270,258,-6.944182197001512,0.0009642285590542972
headphones,2,2,270,198,-7.104821822773122,0.000821135989992903
headphones,2,2,270,192,-7.130343103183288,0.0008004447052463838
headphones,2,2,270,78,-8.216337391344656,0.0002702029022590558
headphones,2,2,270,228,-7.000859060710901,0.0009110989399663431
headphones,2,2,270,30,-8.827945362960397,0.00014657909714417533
headphones,2,2,270,120,-7.692007787095205,0.00045646077502105087
headphones,2,2,270,42,-8.692611942806154,0.00016782111411305022
headphones,2,2,270,102,-7.901593761763717,0.00037015313418860214
headphones,2,2,270,174,-7.222511808817556,0.0007299665777182507
headphones,2,2,270,240,-6.976279166799824,0.0009337711540820131
headphones,2,2,270,108,-7.830994034284682,0.00039723042331227455
headphones,2,2,270,84,-8.138219782261068,0.0002921568383482427
headphones,2,2,270,252,-6.953079477161301,0.0009556875994245744
headphones,2,2,270,216,-7.037737258265393,0.0008781112549721762
headphones,2,2,270,48,-8.618251563130865,0.00018077605406095236
headphones,2,2,270,12,-8.988355668461946,0.0001248552279256049
headphones,2,2,276,276,-6.930221220912657,0.0009777845380799862
headphones,2,2,276,24,-8.895595878863011,0.00013699092449903438
headphones,2,2,276,258,-6.948106395272692,0.0009604521495458465
headphones,2,2,276,228,-7.004783258982082,0.0009075306130715219
headphones,2,2,276,234,-6.991975161847941,0.0009192291111405448
headphones,2,2,276,162,-7.3004445820007575,0.0006752385095648721
headphones,2,2,276,30,-8.831869561231578,0.0001460050188398174
headphones,2,2,276,222,-7.022269666257991,0.0008917991077660569
headphones,2,2,276,174,-7.226436007088736,0.000727107657290038
headphones,2,2,276,246,-6.968325823906115,0.0009412273678631891
headphones,2,2,276,198,-7.108746021044302,0.0008179200037713565
headphones,2,2,276,270,-6.935144865421465,0.0009729821070416931
headphones,2,2,276,42,-8.696536141077335,0.00016716384126513032
headphones,2,2,276,102,-7.905517960034899,0.0003687034262304555
headphones,2,2,276,90,-8.064583987121255,0.0003144819151039375
headphones,2,2,276,66,-8.38262348857668,0.0002288088798733027
headphones,2,2,276,120,-7.695931985366386,0.0004546730424395611
headphones,2,2,276,12,-8.992279866733126,0.00012436623134332107
headphones,2,2,276,186,-7.161619899219977,0.0007757968221267832
headphones,2,2,276,144,-7.4467234531646,0.0005833498573883313
headphones,2,2,276,126,-7.628020363177104,0.0004866232427304918
headphones,2,2,276,96,-7.9852374259653605,0.00034045165461483117
headphones,2,2,276,210,-7.062410392186035,0.0008567105947101315
headphones,2,2,276,108,-7.834918232555861,0.00039567466691659903
headphones,2,2,276,132,-7.564199431944051,0.0005186924502015752
headphones,2,2,276,252,-6.957003675432482,0.0009519446406585375
headphones,2,2,276,216,-7.041661456536573,0.0008746721246315369
headphones,2,2,276,168,-7.263605137979649,0.0007005777977922042
headphones,2,2,276,138,-7.504569394261976,0.0005505628748408518
headphones,2,2,276,114,-7.765710161956596,0.0004240283838389129
headphones,2,2,276,240,-6.980203365071004,0.0009301140312641089
headphones,2,2,276,60,-8.464644422129165,0.00021079079228169552
headphones,2,2,276,192,-7.134267301454468,0.0007973097566208772
headphones,2,2,276,36,-8.765349859406683,0.00015604753908606177
headphones,2,2,276,48,-8.622175761402048,0.00018006804307844646
headphones,2,2,276,264,-6.941509253679705,0.0009668093349391939
headphones,2,2,276,72,-8.30150397583946,0.0002481433447289195
headphones,2,2,276,150,-7.391317623578789,0.0006165829937488822
headphones,2,2,276,180,-7.192279761426185,0.0007523719353346987
headphones,2,2,276,78,-8.220261589615836,0.0002691446502505249
headphones,2,2,276,0,-9.040548496133676,0.00011850581864161652
headphones,2,2,276,156,-7.3444662462387065,0.0006461581652904256
headphones,2,2,276,18,-8.948826600403166,0.00012988948292737263
headphones,2,2,276,54,-8.544265029629361,0.00019465826390071764
headphones,2,2,276,6,-9.022699695707761,0.00012063999493274216
headphones,2,2,276,204,-7.085559093956038,0.0008371066351673736
headphones,2,2,276,84,-8.142143980532248,0.000291012603558745
headphones,2,2,288,150,-7.437989876403385,0.000588466900666285
headphones,2,2,288,282,-6.97261024621125,0.0009372033787239765
headphones,2,2,288,138,-7.551241647086574,0.0005254572893904157
headphones,2,2,288,48,-8.668848014226644,0.0001718569670161432
headphones,2,2,288,174,-7.273108259913332,0.0006939516559395339
headphones,2,2,288,66,-8.429295741401276,0.0002183752288808742
headphones,2,2,288,210,-7.109082645010631,0.000817644718631935
headphones,2,2,288,270,-6.981817118246061,0.0009286142672429404
headphones,2,2,288,42,-8.74320839390193,0.0001595411948919657
headphones,2,2,288,204,-7.132231346780635,0.0007989346967372777
headphones,2,2,288,126,-7.6746926160017,0.0004644332950227578
headphones,2,2,288,72,-8.348176228664055,0.00023682804500615943
headphones,2,2,288,144,-7.493395705989197,0.0005567491903956723
headphones,2,2,288,240,-7.0268756178956,0.0008877009693639585
headphones,2,2,288,96,-8.031909678789956,0.000324927109649562
headphones,2,2,288,108,-7.881590485380457,0.0003776319607793234
headphones,2,2,288,258,-6.994778648097288,0.0009166556739508521
headphones,2,2,288,276,-6.9768934737372525,0.0009331977081380339
headphones,2,2,288,228,-7.051455511806678,0.0008661473516920854
headphones,2,2,288,252,-7.003675928257078,0.0009085361062072361
headphones,2,2,288,0,-9.087220748958272,0.00011310197088464437
headphones,2,2,288,12,-9.038952119557722,0.00011869514963618475
headphones,2,2,288,198,-7.155418273868898,0.000780622972887758
headphones,2,2,288,24,-8.942268131687607,0.00013074415865609813
headphones,2,2,288,102,-7.952190212859495,0.00035189060466893514
headphones,2,2,288,78,-8.266933842440432,0.000256871694110238
headphones,2,2,288,114,-7.812382414781192,0.00040469275241451845
headphones,2,2,288,120,-7.742604238190982,0.0004339400191272367
headphones,2,2,288,90,-8.11125623994585,0.0003001415864093435
headphones,2,2,288,156,-7.3911384990633024,0.0006166934487712008
headphones,2,2,288,168,-7.310277390804245,0.0006686315541007202
headphones,2,2,288,60,-8.511316674953761,0.00020117876341156372
headphones,2,2,288,264,-6.988181506504301,0.0009227229726329622
headphones,2,2,288,18,-8.995498853227762,0.0001239665417670399
headphones,2,2,288,6,-9.069371948532357,0.00011513882905336912
headphones,2,2,288,180,-7.238952014250783,0.0007180638866517662
headphones,2,2,288,132,-7.610871684768647,0.0004950401513886641
headphones,2,2,288,84,-8.188816233356844,0.00027774247199037575
headphones,2,2,288,36,-8.81202211223128,0.00014893179444383959
headphones,2,2,288,234,-7.038647414672537,0.0008773123999839173
headphones,2,2,288,288,-6.969118211328627,0.0009404818465450357
headphones,2,2,288,30,-8.878541814056174,0.00013934721163163068
headphones,2,2,288,54,-8.59093728245396,0.00018578187593248482
headphones,2,2,288,192,-7.180939554279064,0.0007609525499510717
headphones,2,2,288,222,-7.068941919082587,0.0008511332006957438
headphones,2,2,288,186,-7.208292152044573,0.0007404206020797812
headphones,2,2,288,246,-7.014998076730711,0.000898307539462104
headphones,2,2,288,216,-7.088333709361169,0.000834787205452418
headphones,2,2,288,162,-7.3471168348253535,0.0006444477336590217
headphones,2,2,282,0,-9.090418456105722,0.00011274088154063209
headphones,2,2,282,114,-7.815580121928642,0.0004034007303626222
headphones,2,2,282,120,-7.745801945338432,0.0004325546222537627
headphones,2,2,282,156,-7.3943362062107525,0.0006147245933115503
headphones,2,2,282,210,-7.112280352158081,0.0008150343061627567
headphones,2,2,282,198,-7.1586159810163466,0.0007781307560413487
headphones,2,2,282,234,-7.041845121819987,0.0008745114924795986
headphones,2,2,282,222,-7.072139626230037,0.0008484158729011665
headphones,2,2,282,282,-6.9758079533587,0.0009342112632852924
headphones,2,2,282,276,-6.980091180884703,0.0009302183812029709
headphones,2,2,282,126,-7.67789032314915,0.00046295054531887974
headphones,2,2,282,84,-8.192013940504294,0.00027685575139451947
headphones,2,2,282,66,-8.432493448548726,0.00021767804414104722
headphones,2,2,282,48,-8.672045721374094,0.000171308296475759
headphones,2,2,282,180,-7.242149721398231,0.0007157713959395194
headphones,2,2,282,42,-8.74640610104938,0.0001590318436847685
headphones,2,2,282,18,-8.998696560375212,0.00012357076619481946
headphones,2,2,282,12,-9.042149826705172,0.00011831620351009748
headphones,2,2,282,102,-7.955387920006945,0.00035076715875008733
headphones,2,2,282,108,-7.884788192527907,0.0003764263330088317
headphones,2,2,282,78,-8.270131549587882,0.0002560516055583224
headphones,2,2,282,54,-8.59413498960141,0.00018518874872890803
headphones,2,2,282,246,-7.018195783878161,0.0008954396028770157
headphones,2,2,282,138,-7.554439354234022,0.000523779714486563
headphones,2,2,282,60,-8.514514382101211,0.00020053648010614214
headphones,2,2,282,186,-7.211489859192023,0.0007380567353194853
headphones,2,2,282,6,-9.072569655679807,0.00011477123683611565
headphones,2,2,282,162,-7.3503145419728035,0.0006423902698714589
headphones,2,2,282,150,-7.441187583550835,0.0005865881612820593
headphones,2,2,282,132,-7.614069391916097,0.0004934596862373804
headphones,2,2,282,252,-7.006873635404528,0.000905635513900702
headphones,2,2,282,96,-8.035107385937406,0.00032388974738295007
headphones,2,2,282,24,-8.945465838835057,0.00013032674486469108
headphones,2,2,282,270,-6.985014825393511,0.0009256495734009453
headphones,2,2,282,216,-7.091531416508619,0.0008321220638810646
headphones,2,2,282,192,-7.184137261426514,0.0007585231328954967
headphones,2,2,282,204,-7.135429053928085,0.0007963840178826382
headphones,2,2,282,36,-8.81521981937873,0.00014845631480774068
headphones,2,2,282,228,-7.054653218954128,0.0008633820897201304
headphones,2,2,282,72,-8.351373935811505,0.00023607194780691428
headphones,2,2,282,168,-7.313475097951695,0.0006664968810497758
headphones,2,2,282,30,-8.881739521203624,0.00013890233173392027
headphones,2,2,282,258,-6.997976355244738,0.0009137291591129308
headphones,2,2,282,90,-8.1144539470933,0.0002991833544024239
headphones,2,2,282,174,-7.276305967060782,0.0006917361459333022
headphones,2,2,282,240,-7.03007332504305,0.0008848668953137934
headphones,2,2,282,144,-7.496593413136646,0.0005549717129709485
headphones,2,2,282,264,-6.991379213651751,0.0009197770873377101
headphones,2,2,294,6,-9.095885688818543,0.00011212618278671269
headphones,2,2,294,138,-7.577755387372758,0.0005117085223221351
headphones,2,2,294,36,-8.838535852517463,0.000145034943848723
headphones,2,2,294,102,-7.978703953145679,0.0003426832684024191
headphones,2,2,294,186,-7.2348058923307565,0.0007210472474873258
headphones,2,2,294,0,-9.113734489244456,0.0001101426196984416
headphones,2,2,294,168,-7.336791131090429,0.000651136584143223
headphones,2,2,294,264,-7.014695246790485,0.0008985796150748258
headphones,2,2,294,18,-9.022012593513946,0.00012072291542208509
headphones,2,2,294,66,-8.45580948168746,0.0002126613674196531
headphones,2,2,294,96,-8.05842341907614,0.00031642528231755546
headphones,2,2,294,204,-7.158745087066819,0.0007780303011374923
headphones,2,2,294,144,-7.519909446275381,0.0005421816601914877
headphones,2,2,294,228,-7.077969252092862,0.0008434843143231728
headphones,2,2,294,120,-7.769117978477166,0.00042258583227885
headphones,2,2,294,174,-7.299622000199516,0.0006757941769839584
headphones,2,2,294,180,-7.265465754536965,0.0006992755030532214
headphones,2,2,294,90,-8.137769980232035,0.00029228828064621767
headphones,2,2,294,270,-7.008330858532245,0.0009043167619758299
headphones,2,2,294,240,-7.053389358181784,0.0008644739743245887
headphones,2,2,294,156,-7.417652239349486,0.0006005574568440052
headphones,2,2,294,294,-6.992705939894547,0.0009185576040775165
headphones,2,2,294,24,-8.96878187197379,0.0001273231936810259
headphones,2,2,294,192,-7.207453294565248,0.000741041970022818
headphones,2,2,294,78,-8.293447582726616,0.0002501505596620826
headphones,2,2,294,288,-6.995631951614811,0.0009158738220658346
headphones,2,2,294,258,-7.021292388383472,0.0008926710693075544
headphones,2,2,294,132,-7.6373854250548305,0.00048208725898748534
headphones,2,2,294,246,-7.041511817016895,0.0008748030199414544
headphones,2,2,294,282,-6.999123986497434,0.0009126811364602336
headphones,2,2,294,234,-7.065161154958721,0.0008543572253635668
headphones,2,2,294,126,-7.701206356287884,0.0004522812413336185
headphones,2,2,294,198,-7.181932014155082,0.0007601977097139739
headphones,2,2,294,114,-7.838896155067376,0.00039410383015668203
headphones,2,2,294,252,-7.030189668543262,0.0008847639527904341
headphones,2,2,294,48,-8.695361754512827,0.00016736027155435365
headphones,2,2,294,84,-8.215329973643028,0.00027047524660504693
headphones,2,2,294,276,-7.0034072140234365,0.0009087802755951767
headphones,2,2,294,54,-8.617451022740141,0.00018092083053587995
headphones,2,2,294,108,-7.908104225666641,0.0003677510932547408
headphones,2,2,294,60,-8.537830415239945,0.00019591485326495768
headphones,2,2,294,222,-7.0954556593687705,0.00082886301364777
headphones,2,2,294,210,-7.1355963852968145,0.0007962507690035614
headphones,2,2,294,30,-8.905055554342358,0.00013570114487602384
headphones,2,2,294,72,-8.37468996895024,0.0002306313593919902
headphones,2,2,294,150,-7.464503616689569,0.0005730694658832606
headphones,2,2,294,216,-7.114847449647353,0.0008129447168789681
headphones,2,2,294,42,-8.769722134188115,0.00015536674575850813
headphones,2,2,294,12,-9.065465859843906,0.00011558945104291604
headphones,2,2,294,162,-7.373630575111537,0.000627585541513894
headphones,2,2,300,252,-7.078125413077075,0.0008433526052666554
headphones,2,2,300,198,-7.2298677586888935,0.0007246166810741222
headphones,2,2,300,168,-7.384726875624242,0.000620660157875676
headphones,2,2,300,156,-7.4655879838832995,0.0005724483849554779
headphones,2,2,300,234,-7.113096899492534,0.0008143690637105093
headphones,2,2,300,30,-8.95299129887617,0.00012934965728194606
headphones,2,2,300,12,-9.113401604377719,0.00011017929061297954
headphones,2,2,300,162,-7.4215663196453505,0.0005982114210170494
headphones,2,2,300,36,-8.886471597051276,0.00013824658810268617
headphones,2,2,300,300,-7.038352749464632,0.0008775709515158558
headphones,2,2,300,288,-7.043567696148624,0.0008730063781403886
headphones,2,2,300,6,-9.143821433352356,0.00010687812051287013
headphones,2,2,300,222,-7.143391403902584,0.0007900681077301863
headphones,2,2,300,270,-7.056266603066058,0.0008619902458653464
headphones,2,2,300,282,-7.047059731031247,0.0008699631260788768
headphones,2,2,300,42,-8.817657878721928,0.00014809481036607685
headphones,2,2,300,132,-7.685321169588644,0.0004595231807881497
headphones,2,2,300,90,-8.185705724765848,0.0002786077373456078
headphones,2,2,300,96,-8.106359163609953,0.0003016150074526777
headphones,2,2,300,54,-8.665386767273956,0.0001724528370513094
headphones,2,2,300,276,-7.05134295855725,0.0008662448448774865
headphones,2,2,300,216,-7.162783194181166,0.0007748948663147365
headphones,2,2,300,60,-8.585766159773758,0.00018674506504287022
headphones,2,2,300,294,-7.04064168442836,0.0008755645458238498
headphones,2,2,300,144,-7.567845190809194,0.0005168048655329839
headphones,2,2,300,138,-7.625691131906571,0.00048775802187291486
headphones,2,2,300,258,-7.069228132917285,0.0008508896294569253
headphones,2,2,300,0,-9.161670233778269,0.00010498739802928763
headphones,2,2,300,264,-7.062630991324298,0.0008565216259351383
headphones,2,2,300,240,-7.101325102715597,0.0008240122985712852
headphones,2,2,300,192,-7.255389039099061,0.0007063575251451353
headphones,2,2,300,120,-7.817053723010979,0.0004028067163870549
headphones,2,2,300,78,-8.341383327260429,0.0002384422709973342
headphones,2,2,300,18,-9.069948338047759,0.00011507248336180444
headphones,2,2,300,204,-7.206680831600632,0.0007416146186463382
headphones,2,2,300,210,-7.183532129830628,0.0007589822781170518
headphones,2,2,300,114,-7.886831899601189,0.0003756578134314321
headphones,2,2,300,48,-8.74329749904664,0.0001595269795840456
headphones,2,2,300,24,-9.016717616507604,0.00012136383581531137
headphones,2,2,300,66,-8.503745226221273,0.0002027077591568816
headphones,2,2,300,102,-8.02663969767949,0.00032664398936800565
headphones,2,2,300,72,-8.422625713484052,0.00021983666624977828
headphones,2,2,300,84,-8.263265718176841,0.00025781566164070067
headphones,2,2,300,108,-7.956039970200454,0.00035053851550788406
headphones,2,2,300,174,-7.347557744733329,0.0006441636528996918
headphones,2,2,300,126,-7.749142100821697,0.00043111223280396294
headphones,2,2,300,150,-7.512439361223382,0.0005462469685017708
headphones,2,2,300,228,-7.125904996626675,0.0008040050589114567
headphones,2,2,300,180,-7.31340149907078,0.0006665459362795373
headphones,2,2,300,246,-7.089447561550708,0.0008338578935499552
headphones,2,2,300,186,-7.28274163686457,0.0006872986549360713
headphones,2,2,306,216,-7.364608876254273,0.0006332730461778232
headphones,2,2,306,150,-7.714265043296489,0.00044641343844961705
headphones,2,2,306,60,-8.787591841846865,0.00015261504668472102
headphones,2,2,306,192,-7.457214721172168,0.0005772617694147981
headphones,2,2,306,120,-8.018879405084085,0.00032918870339206644
headphones,2,2,306,54,-8.867212449347061,0.00014093490380298032
headphones,2,2,306,48,-8.945123181119746,0.00013037140998131677
headphones,2,2,306,186,-7.4845673189376765,0.0005616861483613228
headphones,2,2,306,258,-7.271053814990392,0.0006953788068953928
headphones,2,2,306,84,-8.465091400249948,0.0002106965944632334
headphones,2,2,306,102,-8.228465379752599,0.0002669456763167347
headphones,2,2,306,222,-7.3452170859756905,0.0006456731861571358
headphones,2,2,306,288,-7.245393378221731,0.000713453440525289
headphones,2,2,306,306,-7.238515041454692,0.0007183777296015104
headphones,2,2,306,12,-9.315227286450826,0.00009004263420149372
headphones,2,2,306,138,-7.827516813979678,0.000398614085260531
headphones,2,2,306,132,-7.8871468516617504,0.0003755395178587209
headphones,2,2,306,36,-9.088297279124383,0.00011298027871553852
headphones,2,2,306,180,-7.515227181143887,0.00054472625104958
headphones,2,2,306,6,-9.345647115425463,0.00008734479461560295
headphones,2,2,306,144,-7.769670872882299,0.0004223522515151932
headphones,2,2,306,240,-7.303150784788704,0.000673413647564778
headphones,2,2,306,228,-7.327730678699782,0.0006570629835511605
headphones,2,2,306,24,-9.21854329858071,0.00009918306255931614
headphones,2,2,306,18,-9.271774020120866,0.00009404153419720614
headphones,2,2,306,246,-7.291273243623815,0.0006814598357570263
headphones,2,2,306,168,-7.586552557697349,0.0005072266779729771
headphones,2,2,306,156,-7.667413665956406,0.00046782621524439
headphones,2,2,306,276,-7.253168640630356,0.0007079276628328973
headphones,2,2,306,126,-7.9509677828948035,0.00035232102931676956
headphones,2,2,306,174,-7.549383426806436,0.0005264346125415337
headphones,2,2,306,96,-8.30818484568306,0.0002464910568460578
headphones,2,2,306,162,-7.623392001718457,0.0004888807311983954
headphones,2,2,306,252,-7.279951095150182,0.0006892192690334532
headphones,2,2,306,198,-7.431693440762002,0.0005921838340695509
headphones,2,2,306,30,-9.154816980949278,0.00010570937432914265
headphones,2,2,306,282,-7.248885413104354,0.0007109663812001368
headphones,2,2,306,66,-8.70557090829438,0.0001656603569148174
headphones,2,2,306,234,-7.314922581565641,0.0006655328356240116
headphones,2,2,306,0,-9.363495915851376,0.0000857996255369258
headphones,2,2,306,90,-8.387531406838956,0.0002276886558258623
headphones,2,2,306,114,-8.088657581674296,0.0003070016052159504
headphones,2,2,306,204,-7.408506513673739,0.0006060751839455565
headphones,2,2,306,78,-8.543209009333536,0.00019486393555575456
headphones,2,2,306,264,-7.2644566733974045,0.000699981484911293
headphones,2,2,306,210,-7.385357811903734,0.0006202686843752402
headphones,2,2,306,42,-9.019483560795035,0.00012102861402305437
headphones,2,2,306,108,-8.157865652273562,0.00028647317612782574
headphones,2,2,306,72,-8.62445139555716,0.00017965873997806224
headphones,2,2,306,270,-7.258092285139165,0.0007044506455060219
headphones,2,2,306,300,-7.240178431537739,0.0007171837804870589
headphones,2,2,306,294,-7.242467366501467,0.0007155440707668385
headphones,2,2,312,78,-8.63508133820619,0.00017775909233607337
headphones,2,2,312,66,-8.797443237167034,0.00015111895691351427
headphones,2,2,312,12,-9.40709961532348,0.00008213883642223261
headphones,2,2,312,306,-7.330387370327346,0.0006553196865506012
headphones,2,2,312,252,-7.3718234240228355,0.0006287207088089657
headphones,2,2,312,36,-9.180169607997037,0.00010306305134951194
headphones,2,2,312,48,-9.036995509992401,0.00011892761705114062
headphones,2,2,312,54,-8.959084778219717,0.00012856386435509268
headphones,2,2,312,294,-7.334339695374121,0.000652734761736244
headphones,2,2,312,240,-7.395023113661358,0.0006143024794015268
headphones,2,2,312,6,-9.437519444298115,0.00007967780886118845
headphones,2,2,312,288,-7.337265707094385,0.0006508276436587593
headphones,2,2,312,204,-7.500378842546391,0.0005528748779414635
headphones,2,2,312,168,-7.678424886570003,0.00046270313502582615
headphones,2,2,312,216,-7.456481205126927,0.0005776853555195776
headphones,2,2,312,156,-7.75928599482906,0.0004267611816198251
headphones,2,2,312,126,-8.042840111767458,0.0003213948553571157
headphones,2,2,312,60,-8.879464170719519,0.0001392187430584937
headphones,2,2,312,162,-7.7152643305911095,0.0004459675659868732
headphones,2,2,312,210,-7.477230140776388,0.0005658224957048858
headphones,2,2,312,96,-8.400057174555714,0.00022485446785702444
headphones,2,2,312,138,-7.9193891428523315,0.0003636243812186193
headphones,2,2,312,270,-7.349964614011819,0.000642615099523548
headphones,2,2,312,246,-7.383145572496469,0.0006216423861202333
headphones,2,2,312,312,-7.329405541520009,0.0006559634142603642
headphones,2,2,312,174,-7.64125575567909,0.0004802250279549586
headphones,2,2,312,120,-8.11075173395674,0.00030029304784065546
headphones,2,2,312,264,-7.3563290022700585,0.0006385382346662441
headphones,2,2,312,192,-7.549087050044822,0.0005265906586502784
headphones,2,2,312,24,-9.310415627453365,0.0000904769326626451
headphones,2,2,312,228,-7.4196030075724355,0.000599387050408145
headphones,2,2,312,144,-7.861543201754953,0.00038527884937414016
headphones,2,2,312,132,-7.979019180534404,0.00034257526227469997
headphones,2,2,312,282,-7.340757741977008,0.0006485588944057785
headphones,2,2,312,222,-7.437089414848344,0.0005889970311319804
headphones,2,2,312,150,-7.806137372169143,0.0004072279839730768
headphones,2,2,312,300,-7.332050760410393,0.0006542305403713708
headphones,2,2,312,258,-7.362926143863046,0.0006343395723325076
headphones,2,2,312,108,-8.249737981146215,0.00026132702093838346
headphones,2,2,312,114,-8.18052991054695,0.000280053497499493
headphones,2,2,312,180,-7.607099510016539,0.0004969110558197697
headphones,2,2,312,42,-9.111355889667689,0.00011040491671315716
headphones,2,2,312,90,-8.479403735711609,0.00020770251139285646
headphones,2,2,312,72,-8.716323724429813,0.00016388858439947413
headphones,2,2,312,18,-9.36364634899352,0.00008578671940044118
headphones,2,2,312,102,-8.320337708625253,0.0002435136136903332
headphones,2,2,312,234,-7.406794910438295,0.0006071134324726193
headphones,2,2,312,186,-7.57643964781033,0.0005123822405910823
headphones,2,2,312,0,-9.45536824472403,0.00007826827224196701
headphones,2,2,312,198,-7.523565769634654,0.0005402028884415129
headphones,2,2,312,84,-8.556963729122602,0.0001922019858793726
headphones,2,2,312,276,-7.34504096950301,0.0006457869098552002
headphones,2,2,312,30,-9.246689309821932,0.00009643037526965157
headphones,2,2,318,144,-8.002244667423033,0.00033471047035759705
headphones,2,2,318,102,-8.461039174293331,0.00021155211688669577
headphones,2,2,318,42,-9.252057355335769,0.00009591411950819765
headphones,2,2,318,240,-7.535724579329438,0.0005336744338712817
headphones,2,2,318,138,-8.06009060852041,0.00031589818093799446
headphones,2,2,318,150,-7.946838837837223,0.0003537787508445388
headphones,2,2,318,18,-9.5043478146616,0.00007452709446054559
headphones,2,2,318,282,-7.481459207645088,0.0005634346472789575
headphones,2,2,318,270,-7.490666079679899,0.0005582709836520228
headphones,2,2,318,276,-7.48574243517109,0.0005610264895141198
headphones,2,2,318,54,-9.099786243887795,0.00011168968029048452
headphones,2,2,318,198,-7.664267235302734,0.0004693005161651299
headphones,2,2,318,216,-7.597182670795007,0.0005018633578737832
headphones,2,2,318,48,-9.177696975660481,0.00010331820370196333
headphones,2,2,318,258,-7.503627609531126,0.0005510816307896227
headphones,2,2,318,78,-8.77578280387427,0.0001544279669200552
headphones,2,2,318,114,-8.32123137621503,0.00024329609067721907
headphones,2,2,318,306,-7.471088835995426,0.0005693080761538088
headphones,2,2,318,156,-7.89998746049714,0.000370748189427922
headphones,2,2,318,12,-9.54780108099156,0.00007135800114169597
headphones,2,2,318,228,-7.560304473240516,0.0005207166754527497
headphones,2,2,318,126,-8.183541577435538,0.00027921133844185643
headphones,2,2,318,192,-7.689788515712902,0.00045747491026062467
headphones,2,2,318,318,-7.469508480728722,0.0005702084964749321
headphones,2,2,318,264,-7.4970304679381385,0.0005547292129158685
headphones,2,2,318,252,-7.512524889690916,0.000546200250833534
headphones,2,2,318,162,-7.85596579625919,0.0003874337094241696
headphones,2,2,318,108,-8.390439446814296,0.000227027489927161
headphones,2,2,318,174,-7.78195722134717,0.00041719483238023545
headphones,2,2,318,66,-8.938144702835114,0.00013128438592109956
headphones,2,2,318,168,-7.819126352238083,0.00040197271200328696
headphones,2,2,318,222,-7.5777908805164245,0.0005116903605003488
headphones,2,2,318,0,-9.59606971039211,0.00006799545383490648
headphones,2,2,318,246,-7.523847038164549,0.0005400509677354945
headphones,2,2,318,288,-7.477967172762465,0.0005654056200713187
headphones,2,2,318,24,-9.451117093121445,0.00007860171077966058
headphones,2,2,318,234,-7.547496376106375,0.000527428959241916
headphones,2,2,318,186,-7.7171411134784105,0.0004451313666185166
headphones,2,2,318,36,-9.320871073665117,0.0000895358840738889
headphones,2,2,318,30,-9.387390775490012,0.00008377375585422169
headphones,2,2,318,84,-8.697665194790682,0.00016697521081640508
headphones,2,2,318,312,-7.470107007188089,0.0005698673137160756
headphones,2,2,318,120,-8.25145319962482,0.0002608791721921304
headphones,2,2,318,294,-7.475041161042201,0.0005670624262774711
headphones,2,2,318,90,-8.620105201379689,0.0001804412710318464
headphones,2,2,318,6,-9.578220909966195,0.00006921998683372604
headphones,2,2,318,180,-7.747800975684619,0.00043169079613247183
headphones,2,2,318,60,-9.020165636387599,0.00012094609150592403
headphones,2,2,318,96,-8.540758640223794,0.00019534200961378637
headphones,2,2,318,72,-8.857025190097893,0.00014237798223208303
headphones,2,2,318,204,-7.641080308214471,0.0004803092896100905
headphones,2,2,318,132,-8.119720646202484,0.00029761178781317806
headphones,2,2,318,210,-7.617931606444468,0.0004915575147297545
headphones,2,2,318,300,-7.472752226078473,0.0005683618819089636
headphones,2,2,324,144,-8.165917293724048,0.0002841758578311179
headphones,2,2,324,318,-7.633181107029737,0.00048411837387469977
headphones,2,2,324,180,-7.911473601985634,0.0003665140865706384
headphones,2,2,324,312,-7.6337796334891035,0.0004838287029149846
headphones,2,2,324,246,-7.6875196644655635,0.00045851403114099265
headphones,2,2,324,36,-9.484543699966132,0.00007601774941841879
headphones,2,2,324,132,-8.283393272503499,0.000252678337227113
headphones,2,2,324,324,-7.63289166895305,0.00048425851644604245
headphones,2,2,324,114,-8.484904002516044,0.00020656322821718055
headphones,2,2,324,192,-7.853461142013916,0.0003884053131670309
headphones,2,2,324,60,-9.183838262688614,0.00010268564131948654
headphones,2,2,324,300,-7.636424852379488,0.00048255056131775496
headphones,2,2,324,228,-7.72397709954153,0.00044209883179232396
headphones,2,2,324,0,-9.759742336693124,0.00005772949499161716
headphones,2,2,324,240,-7.6993972056304525,0.00045310022684943313
headphones,2,2,324,282,-7.6451318339461025,0.00047836724095068903
headphones,2,2,324,126,-8.347214203736552,0.0002370559891153647
headphones,2,2,324,96,-8.704431266524809,0.0001658492579964559
headphones,2,2,324,168,-7.982798978539098,0.0003412828410661705
headphones,2,2,324,150,-8.110511464138238,0.0003003652078653483
headphones,2,2,324,90,-8.783777827680703,0.00015319823407026662
headphones,2,2,324,6,-9.74189353626721,0.000058769147904208404
headphones,2,2,324,276,-7.649415061472105,0.0004763226670301771
headphones,2,2,324,84,-8.861337821091697,0.00014176528066059247
headphones,2,2,324,78,-8.939455430175284,0.00013111242061157147
headphones,2,2,324,48,-9.341369601961496,0.00008771921337031219
headphones,2,2,324,12,-9.711473707292575,0.000060584364647722405
headphones,2,2,324,234,-7.71116900240739,0.0004477976944593757
headphones,2,2,324,198,-7.827939861603751,0.0003984454881836503
headphones,2,2,324,210,-7.781604232745483,0.00041734212339524375
headphones,2,2,324,18,-9.668020440962614,0.00006327498801384776
headphones,2,2,324,66,-9.101817329136129,0.00011146305924968868
headphones,2,2,324,156,-8.063660086798155,0.0003147725993078489
headphones,2,2,324,204,-7.804752934515488,0.00040779215616821543
headphones,2,2,324,174,-7.945629847648185,0.0003542067245392699
headphones,2,2,324,54,-9.26345887018881,0.00009482676378041584
headphones,2,2,324,270,-7.654338705980914,0.0004739831876548128
headphones,2,2,324,252,-7.67619751599193,0.00046373489500451255
headphones,2,2,324,216,-7.760855297096022,0.00042609198954970967
headphones,2,2,324,162,-8.019638422560204,0.00032893893821330975
headphones,2,2,324,30,-9.551063401791026,0.00007112558775999384
headphones,2,2,324,264,-7.660703094239153,0.0004709761537364759
headphones,2,2,324,222,-7.741463506817439,0.0004344353105648228
headphones,2,2,324,138,-8.223763234821424,0.000268203849313215
headphones,2,2,324,108,-8.55411207311531,0.00019275086205809285
headphones,2,2,324,294,-7.638713787343216,0.0004814472975973273
headphones,2,2,324,288,-7.64163979906348,0.0004800406361194527
headphones,2,2,324,72,-9.020697816398908,0.00012088174353744865
headphones,2,2,324,42,-9.415729981636781,0.00008143299837689056
headphones,2,2,324,186,-7.880813739779425,0.00037792539869221833
headphones,2,2,324,258,-7.6673002358321405,0.0004678792838398517
headphones,2,2,324,24,-9.61478971942246,0.00006673441844809767
headphones,2,2,324,306,-7.63476146229644,0.00048335389908282843
headphones,2,2,324,102,-8.624711800594348,0.00017961196202806825
headphones,2,2,324,120,-8.415125825925834,0.00022149161473426817
