laptop,1,5,600,600,-6.188137350336637,0.002053648420496831
laptop,1,5,600,550,-6.298632457549349,0.001838817719650046
laptop,1,5,600,500,-6.417368788249984,0.0016329472169757302
laptop,1,5,600,450,-6.531814729287302,0.001456360550118264
laptop,1,5,600,400,-6.6418485544704415,0.0013046133645628485
laptop,1,5,600,350,-6.7437929236840715,0.0011781699624008428
laptop,1,5,600,300,-6.828865129981309,0.0010820854473735989
laptop,1,5,600,250,-6.899767475714005,0.0010080197908821896
laptop,1,5,600,200,-6.953594359902108,0.0009551956590307049
laptop,1,5,600,150,-6.9888093018292485,0.0009221438732614801
laptop,1,5,600,100,-7.010912503086343,0.0009019851485256741
laptop,1,5,600,50,-7.020837263121101,0.0008930774389297097
laptop,1,5,600,0,-7.02609245792087,0.0008883964535348287
laptop,1,5,550,550,-6.306737561661692,0.001823974146202219
laptop,1,5,550,500,-6.425473892362327,0.0016197655015220546
laptop,1,5,550,450,-6.539919833399644,0.0014446043033945228
laptop,1,5,550,400,-6.649953658582786,0.0012940820736736176
laptop,1,5,550,350,-6.751898027796416,0.0011686593664434303
laptop,1,5,550,300,-6.836970234093649,0.0010733504788972422
laptop,1,5,550,250,-6.907872579826345,0.0009998827060352666
laptop,1,5,550,200,-6.96169946401445,0.0009474849888700082
laptop,1,5,550,150,-6.996914405941593,0.0009147000085619238
laptop,1,5,550,100,-7.019017607198687,0.000894704012033505
laptop,1,5,550,50,-7.0289423672334435,0.0008858682085542967
laptop,1,5,550,0,-7.034197562033213,0.0008812250096946304
laptop,1,5,650,650,-6.112645644164017,0.002214683789949045
laptop,1,5,650,600,-6.211730357754843,0.0020057637706756637
laptop,1,5,650,550,-6.322225464967555,0.0017959422489942176
laptop,1,5,650,500,-6.44096179566819,0.001594872001724224
laptop,1,5,650,450,-6.555407736705506,0.0014224027829270818
laptop,1,5,650,400,-6.665441561888646,0.0012741938665170286
laptop,1,5,650,350,-6.767385931102276,0.0011506987285146981
laptop,1,5,650,300,-6.852458137399512,0.0010568546034731008
laptop,1,5,650,250,-6.923360483132211,0.0009845159261420292
laptop,1,5,650,200,-6.977187367320311,0.0009329234876176868
laptop,1,5,650,150,-7.012402309247455,0.0009006423659853808
laptop,1,5,650,100,-7.034505510504547,0.0008809536795799844
laptop,1,5,650,50,-7.044430270539306,0.0008722536698758097
laptop,1,5,650,0,-7.049685465339075,0.0008676818304010456
laptop,1,5,700,700,-6.033251878937085,0.0023976843083503663
laptop,1,5,700,650,-6.117246326050103,0.0022045181367522223
laptop,1,5,700,600,-6.216331039640928,0.001996557084384839
laptop,1,5,700,550,-6.326826146853641,0.001787698667609077
laptop,1,5,700,500,-6.445562477554273,0.001587551355889175
laptop,1,5,700,450,-6.560008418591592,0.0014158737906334396
laptop,1,5,700,400,-6.6700422437747315,0.0012683451701878674
laptop,1,5,700,350,-6.7719866129883615,0.0011454168890660192
laptop,1,5,700,300,-6.857058819285599,0.00105200351934672
laptop,1,5,700,250,-6.927961165018295,0.0009799968848606855
laptop,1,5,700,200,-6.981788049206398,0.0009286412615602544
laptop,1,5,700,150,-7.0170029911335385,0.0008965083139872948
laptop,1,5,700,100,-7.039106192390633,0.000876910000915917
laptop,1,5,700,50,-7.049030952425391,0.0008682499252564411
laptop,1,5,700,0,-7.05428614722516,0.0008636990710504468
laptop,1,5,500,450,-6.56065983308354,0.0014149517702687698
laptop,1,5,500,400,-6.670693658266679,0.0012675192208101193
laptop,1,5,500,350,-6.772638027480309,0.0011446709908759813
laptop,1,5,500,300,-6.857710233777547,0.0010513184521642079
laptop,1,5,500,250,-6.928612579510243,0.000979358708569033
laptop,1,5,500,200,-6.982439463698346,0.0009280365281720841
laptop,1,5,500,150,-7.017654405625488,0.0008959245056506601
laptop,1,5,500,100,-7.039757606882582,0.0008763389550471552
laptop,1,5,500,50,-7.049682366917339,0.0008676845188494539
laptop,1,5,500,0,-7.054937561717108,0.000863136628170493
laptop,1,5,500,500,-6.446213892046222,0.0015865175386875472
laptop,1,5,750,750,-5.994300510718299,0.0024929201348392847
laptop,1,5,750,700,-6.065078953768946,0.0023225746312698597
laptop,1,5,750,650,-6.149073400881964,0.0021354595685358353
laptop,1,5,750,600,-6.248158114472789,0.0019340130883472148
laptop,1,5,750,550,-6.358653221685502,0.001731697354519719
laptop,1,5,750,500,-6.477389552386136,0.0015378198423307457
laptop,1,5,750,450,-6.591835493423452,0.0013715202354840582
laptop,1,5,750,400,-6.701869318606593,0.0012286130854310654
laptop,1,5,750,350,-6.803813687820223,0.0011095356463349869
laptop,1,5,750,300,-6.888885894117457,0.0010190485367618594
laptop,1,5,750,250,-6.959788239850156,0.0009492975766550814
laptop,1,5,750,200,-7.013615124038259,0.0008995507157212928
laptop,1,5,750,150,-7.0488300659654,0.0008684243624307601
laptop,1,5,750,100,-7.070933267222494,0.0008494399846305884
laptop,1,5,750,50,-7.080858027257251,0.000841051193845445
laptop,1,5,750,0,-7.086113222057022,0.000836642899353696
laptop,1,5,800,800,-5.958446523909022,0.002583922918240443
laptop,1,5,800,750,-6.015061552299665,0.002441698067794442
laptop,1,5,800,700,-6.085839995350313,0.0022748526558174728
laptop,1,5,800,650,-6.169834442463331,0.0020915822490571866
laptop,1,5,800,600,-6.268919156054157,0.001894274892689647
laptop,1,5,800,550,-6.3794142632668684,0.0016961161432506686
laptop,1,5,800,500,-6.4981505939675035,0.0015062222351848432
laptop,1,5,800,450,-6.61259653500482,0.0013433395888305469
laptop,1,5,800,400,-6.722630360187959,0.0012033687541126942
laptop,1,5,800,350,-6.824574729401589,0.0010867380009267121
laptop,1,5,800,300,-6.909646935698826,0.0009981101313382378
laptop,1,5,800,250,-6.980549281431524,0.0009297923452449815
laptop,1,5,800,200,-7.034376165619627,0.0008810676338018285
laptop,1,5,800,150,-7.069591107546766,0.0008505808341547644
laptop,1,5,800,100,-7.091694308803862,0.0008319865286472794
laptop,1,5,800,50,-7.101619068838619,0.0008237701024710204
laptop,1,5,800,0,-7.106874263638388,0.0008194523852716836
laptop,1,5,850,850,-5.916167616088231,0.0026955106391172304
laptop,1,5,850,800,-5.9609139174749695,0.002577555222493392
laptop,1,5,850,750,-6.017528945865612,0.0024356808641495024
laptop,1,5,850,700,-6.088307388916259,0.0022692466180059922
laptop,1,5,850,650,-6.172301836029277,0.002086427854048765
laptop,1,5,850,600,-6.271386549620104,0.00188960673246986
laptop,1,5,850,550,-6.381881656832815,0.0016919363159517825
laptop,1,5,850,500,-6.500617987533449,0.0015025103733280563
laptop,1,5,850,450,-6.615063928570765,0.0013400291271576186
laptop,1,5,850,400,-6.725097753753906,0.0012004032298535898
laptop,1,5,850,350,-6.827042122967536,0.0010840598959036055
laptop,1,5,850,300,-6.91211432926477,0.0009956504365874633
laptop,1,5,850,250,-6.98301667499747,0.0009275010095705857
laptop,1,5,850,200,-7.036843559185573,0.0008788963729700847
laptop,1,5,850,150,-7.072058501112713,0.0008484847035303034
laptop,1,5,850,100,-7.094161702369809,0.0008299362209377604
laptop,1,5,850,50,-7.104086462404566,0.000821740042928213
laptop,1,5,850,0,-7.109341657204335,0.0008174329661041185
laptop,1,5,450,450,-6.66634002444989,0.001273049565165135
laptop,1,5,450,400,-6.776373849633029,0.0011404026814173793
laptop,1,5,450,350,-6.878318218846657,0.0010298746132633308
laptop,1,5,450,300,-6.963390425143895,0.000945884182415281
laptop,1,5,450,250,-7.034292770876594,0.0008811411132746024
laptop,1,5,450,200,-7.088119655064697,0.000834965914366408
laptop,1,5,450,150,-7.1233345969918345,0.0008060743315107602
laptop,1,5,450,100,-7.14543779824893,0.0007884529699893158
laptop,1,5,450,50,-7.155362558283689,0.0007806664669651581
laptop,1,5,450,0,-7.160617753083458,0.0007765746736101309
laptop,1,5,900,900,-6.001492707087269,0.002475054885897251
laptop,1,5,900,850,-6.036583271877847,0.0023897099699736915
laptop,1,5,900,800,-6.081329573264585,0.0022851363760031246
laptop,1,5,900,750,-6.137944601655228,0.0021593573997683857
laptop,1,5,900,700,-6.208723044705876,0.0020118048093306544
laptop,1,5,900,650,-6.292717491818894,0.0018497264941547496
laptop,1,5,900,600,-6.391802205409718,0.001675234362789044
laptop,1,5,900,550,-6.502297312622431,0.0014999892874155664
laptop,1,5,900,500,-6.621033643323064,0.001332053365705449
laptop,1,5,900,450,-6.735479584360383,0.0011880053147452737
laptop,1,5,900,400,-6.845513409543522,0.0010642197158269072
laptop,1,5,900,350,-6.947457778757152,0.0009610753167488504
laptop,1,5,900,300,-7.032529985054389,0.0008826957461762897
laptop,1,5,900,250,-7.1034323307870855,0.0008222777449164047
laptop,1,5,900,200,-7.157259214975187,0.0007791872139477714
laptop,1,5,900,150,-7.192474156902329,0.0007522256918490887
laptop,1,5,900,100,-7.214577358159425,0.0007357815001118971
laptop,1,5,900,50,-7.224502118194182,0.0007285151632550302
laptop,1,5,900,0,-7.229757312993951,0.0007246967162867214
laptop,1,5,400,400,-6.864644802420773,0.001044053231890416
laptop,1,5,400,350,-6.966589171634403,0.0009428633726843539
laptop,1,5,400,300,-7.05166137793164,0.0008659690596459223
laptop,1,5,400,250,-7.122563723664336,0.0008066959522775545
laptop,1,5,400,200,-7.176390607852439,0.0007644219674484721
laptop,1,5,400,150,-7.21160554977958,0.0007379713540411261
laptop,1,5,400,100,-7.233708751036674,0.0007218387723254237
laptop,1,5,400,50,-7.243633511071432,0.0007147101292768189
laptop,1,5,400,0,-7.2488887058712015,0.0007109640401574613
laptop,1,5,950,950,-6.026810961274931,0.0024131774369816686
laptop,1,5,950,900,-6.050927700411816,0.0023556756312432185
laptop,1,5,950,850,-6.086018265202394,0.002274447154316434
laptop,1,5,950,800,-6.130764566589133,0.0021749174556452535
laptop,1,5,950,750,-6.1873795949797765,0.0020552051733329817
laptop,1,5,950,700,-6.258158038030424,0.0019147694829563765
laptop,1,5,950,650,-6.342152485143441,0.0017605086867258208
laptop,1,5,950,600,-6.441237198734267,0.0015944328295624036
laptop,1,5,950,550,-6.55173230594698,0.0014276403451189618
laptop,1,5,950,500,-6.670468636647613,0.0012678044721300364
laptop,1,5,950,450,-6.784914577684931,0.0011307042868741659
laptop,1,5,950,400,-6.894948402868073,0.001012889235364655
laptop,1,5,950,350,-6.996892772081702,0.0009147197972678037
laptop,1,5,950,300,-7.081964978378939,0.0008401207063801061
laptop,1,5,950,250,-7.152867324111635,0.0007826168449234186
laptop,1,5,950,200,-7.206694208299738,0.0007416046983570828
laptop,1,5,950,150,-7.241909150226879,0.0007159436106167741
laptop,1,5,950,100,-7.264012351483973,0.0007002925711301297
laptop,1,5,950,50,-7.2739371115187295,0.0006933767113002493
laptop,1,5,950,0,-7.279192306318499,0.0006897424393801829
laptop,1,5,1000,1000,-6.063242691784524,0.0023268434048651066
laptop,1,5,1000,950,-6.080968373192981,0.0022859619165094326
laptop,1,5,1000,900,-6.105085112329866,0.0022314914345489224
laptop,1,5,1000,850,-6.140175677120444,0.002154545080772739
laptop,1,5,1000,800,-6.184921978507183,0.002060262291104129
laptop,1,5,1000,750,-6.2415370068978255,0.0019468608834370005
laptop,1,5,1000,700,-6.312315449948474,0.0018138285439994292
laptop,1,5,1000,650,-6.396309897061491,0.0016676999170740353
laptop,1,5,1000,600,-6.4953946106523155,0.0015103790840058826
laptop,1,5,1000,550,-6.605889717865028,0.0013523794021115434
laptop,1,5,1000,500,-6.724626048565663,0.0012009695998544277
laptop,1,5,1000,450,-6.839071989602981,0.0010710969276512153
laptop,1,5,1000,400,-6.94910581478612,0.000959492734434827
laptop,1,5,1000,350,-7.05105018399975,0.0008664984964581848
laptop,1,5,1000,300,-7.136122390296987,0.0007958320472521962
laptop,1,5,1000,250,-7.207024736029683,0.0007413596179447855
laptop,1,5,1000,200,-7.260851620217788,0.0007025095094827187
laptop,1,5,1000,150,-7.296066562144927,0.0006782011977889378
laptop,1,5,1000,100,-7.318169763402021,0.0006633752344461825
laptop,1,5,1000,50,-7.328094523436779,0.000656823958129427
laptop,1,5,1000,0,-7.333349718236549,0.0006533812741907346
laptop,1,5,350,350,-7.077582289123902,0.0008438107746776743
laptop,1,5,350,300,-7.1626544954211395,0.0007749946007408932
laptop,1,5,350,250,-7.233556841153839,0.0007219484350979718
laptop,1,5,350,200,-7.287383725341942,0.0006841155476184388
laptop,1,5,350,150,-7.322598667269079,0.0006604437058261264
laptop,1,5,350,100,-7.344701868526175,0.0006460059339607047
laptop,1,5,350,50,-7.354626628560934,0.000639626191160729
laptop,1,5,350,0,-7.359881823360703,0.0006362736477770388
laptop,1,5,1050,1050,-6.0961327401879055,0.0022515582651491126
laptop,1,5,1050,1000,-6.108958231725127,0.0022228653175673063
laptop,1,5,1050,950,-6.126683913133585,0.0021838106728042104
laptop,1,5,1050,900,-6.150800652270469,0.0021317742766599635
laptop,1,5,1050,850,-6.185891217061048,0.0020582663728772152
laptop,1,5,1050,800,-6.230637518447787,0.001968196734860472
laptop,1,5,1050,750,-6.287252546838428,0.0018598628196775631
laptop,1,5,1050,700,-6.358030989889077,0.0017327752069777466
laptop,1,5,1050,650,-6.442025437002094,0.0015931765317867012
laptop,1,5,1050,600,-6.541110150592921,0.001442885789046205
laptop,1,5,1050,550,-6.651605257805632,0.0012919465327407519
laptop,1,5,1050,500,-6.770341588506265,0.0011473026785504123
laptop,1,5,1050,450,-6.8847875295435825,0.001023233539158952
laptop,1,5,1050,400,-6.994821354726722,0.0009166165275125785
laptop,1,5,1050,350,-7.096765723940352,0.000827777860544415
laptop,1,5,1050,300,-7.181837930237587,0.0007602692354572329
laptop,1,5,1050,250,-7.252740275970287,0.0007082309789858628
laptop,1,5,1050,200,-7.30656716015839,0.0006711169392084159
laptop,1,5,1050,150,-7.3417821020855305,0.0006478948767010093
laptop,1,5,1050,100,-7.363885303342625,0.0006337314312172143
laptop,1,5,1050,50,-7.373810063377381,0.0006274729073819338
laptop,1,5,1050,0,-7.379065258177152,0.0006241840643464862
laptop,1,5,1100,1100,-6.169375947612085,0.002092541448626564
laptop,1,5,1100,1050,-6.178636856130029,0.0020732520701472372
laptop,1,5,1100,1000,-6.191462347667251,0.0020468313845743206
laptop,1,5,1100,950,-6.209188029075708,0.0020108695689920837
laptop,1,5,1100,900,-6.2333047682125935,0.00196295405745549
laptop,1,5,1100,850,-6.268395333003172,0.0018952674174743255
laptop,1,5,1100,800,-6.313141634389911,0.0018123306059487033
laptop,1,5,1100,750,-6.369756662780554,0.0017125759083258774
laptop,1,5,1100,700,-6.440535105831201,0.00159555266260387
laptop,1,5,1100,650,-6.52452955294422,0.0014670091348571053
laptop,1,5,1100,600,-6.623614266535044,0.0013286202695393995
laptop,1,5,1100,550,-6.734109373747757,0.001189634247971333
laptop,1,5,1100,500,-6.852845704448392,0.0010564450808172065
laptop,1,5,1100,450,-6.967291645485708,0.0009422012684023894
laptop,1,5,1100,400,-7.077325470668851,0.0008440275086866383
laptop,1,5,1100,350,-7.179269839882479,0.0007622241847168436
laptop,1,5,1100,300,-7.264342046179714,0.0007000617264401867
laptop,1,5,1100,250,-7.335244391912412,0.0006521445019001535
laptop,1,5,1100,200,-7.389071276100515,0.0006179696102301737
laptop,1,5,1100,150,-7.424286218027656,0.0005965865574743168
laptop,1,5,1100,100,-7.446389419284752,0.0005835447485528171
laptop,1,5,1100,50,-7.456314179319507,0.0005777818519409903
laptop,1,5,1100,0,-7.461569374119276,0.0005747534601213465
laptop,1,5,1150,1150,-6.19331305193847,0.0020430468081345287
laptop,1,5,1150,1100,-6.199718629646105,0.002030001738253887
laptop,1,5,1150,1050,-6.208979538164049,0.0020112888607294907
laptop,1,5,1150,1000,-6.221805029701271,0.0019856578092279386
laptop,1,5,1150,950,-6.239530711109728,0.0019507707831235709
laptop,1,5,1150,900,-6.263647450246613,0.0019042873207422394
laptop,1,5,1150,850,-6.298738015037191,0.0018386236289150053
laptop,1,5,1150,800,-6.343484316423931,0.0017581655468670956
laptop,1,5,1150,750,-6.400099344814572,0.0016613922142737383
laptop,1,5,1150,700,-6.470877787865221,0.0015478664380518573
laptop,1,5,1150,650,-6.554872234978238,0.0014231646860562237
laptop,1,5,1150,600,-6.653956948569063,0.0012889118437365082
laptop,1,5,1150,550,-6.764452055781777,0.0011540796923536286
laptop,1,5,1150,500,-6.88318838648241,0.0010248711450070898
laptop,1,5,1150,450,-6.9976343275197275,0.0009140417332699647
laptop,1,5,1150,400,-7.10766815270287,0.000818802089149797
laptop,1,5,1150,350,-7.209612521916498,0.0007394436181562485
laptop,1,5,1150,300,-7.294684728213734,0.000679139007015297
laptop,1,5,1150,250,-7.365587073946432,0.0006326538828269979
laptop,1,5,1150,200,-7.419413958134535,0.0005995003749047383
laptop,1,5,1150,150,-7.454628900061674,0.0005787563966709727
laptop,1,5,1150,100,-7.4767321013187695,0.0005661043678196464
laptop,1,5,1150,50,-7.486656861353526,0.0005605137066898196
laptop,1,5,1150,0,-7.4919120561532955,0.0005575758243066412
laptop,1,5,1200,1200,-6.238138858579636,0.0019534878588193926
laptop,1,5,1200,1150,-6.242773960995977,0.001944454194677329
laptop,1,5,1200,1100,-6.249179538703611,0.0019320386490577774
laptop,1,5,1200,1050,-6.258440447221555,0.0019142288108044783
laptop,1,5,1200,1000,-6.271265938758777,0.0018898346533100202
laptop,1,5,1200,950,-6.288991620167234,0.001856631192685251
laptop,1,5,1200,900,-6.3131083593041195,0.0018123909124084447
laptop,1,5,1200,850,-6.3481989240946985,0.0017498959952567178
laptop,1,5,1200,800,-6.392945225481437,0.0016733206302132723
laptop,1,5,1200,750,-6.44956025387208,0.0015812173500804607
laptop,1,5,1200,700,-6.520338696922728,0.001473170059680788
laptop,1,5,1200,650,-6.6043331440357465,0.0013544861197014953
laptop,1,5,1200,600,-6.70341785762657,0.0012267120024582986
laptop,1,5,1200,550,-6.813912964839283,0.001098386532239045
laptop,1,5,1200,500,-6.932649295539917,0.0009754132842078141
laptop,1,5,1200,450,-7.047095236577236,0.0008699322381114457
laptop,1,5,1200,400,-7.157129061760375,0.0007792886342685542
laptop,1,5,1200,350,-7.259073430974005,0.0007037598156471716
laptop,1,5,1200,300,-7.344145637271242,0.0006463653626055019
laptop,1,5,1200,250,-7.415047983003938,0.0006021235007166083
laptop,1,5,1200,200,-7.468874867192041,0.0005705699027809017
laptop,1,5,1200,150,-7.504089809119182,0.0005508269799411786
laptop,1,5,1200,100,-7.526193010376276,0.0005387855081191986
laptop,1,5,1200,50,-7.536117770411036,0.0005334646390908277
laptop,1,5,1200,0,-7.541372965210802,0.0005306685319724342
laptop,1,5,300,300,-7.366838865969666,0.0006318624272152674
laptop,1,5,300,250,-7.437741211702364,0.0005886132498073788
laptop,1,5,300,200,-7.491568095890467,0.0005577676412205233
laptop,1,5,300,150,-7.526783037817606,0.000538467703650316
laptop,1,5,300,100,-7.5488862390747,0.0005266964144494059
laptop,1,5,300,50,-7.5588109991094585,0.0005214949333465078
laptop,1,5,300,0,-7.564066193909228,0.0005187615643685332
laptop,1,5,1250,1250,-6.309937562189399,0.001818146756769186
laptop,1,5,1250,1200,-6.313186383545896,0.0018122495074982781
laptop,1,5,1250,1150,-6.317821485962237,0.00180386898272642
laptop,1,5,1250,1100,-6.324227063669872,0.0017923510885492057
laptop,1,5,1250,1050,-6.3334879721878155,0.0017758289123516677
laptop,1,5,1250,1000,-6.346313463725037,0.0017531984671684123
laptop,1,5,1250,950,-6.364039145133495,0.0017223956367884772
laptop,1,5,1250,900,-6.38815588427038,0.0016813539554791897
laptop,1,5,1250,850,-6.423246449060958,0.0016233774585595684
laptop,1,5,1250,800,-6.467992750447697,0.0015523385386297798
laptop,1,5,1250,750,-6.524607778838339,0.0014668943812442613
laptop,1,5,1250,700,-6.595386221888988,0.0013666589751580064
laptop,1,5,1250,650,-6.679380669002005,0.001256555955677038
laptop,1,5,1250,600,-6.77846538259283,0.0011380199842351889
laptop,1,5,1250,550,-6.888960489805542,0.0010189725229702532
laptop,1,5,1250,500,-7.007696820506177,0.0009048903149985325
laptop,1,5,1250,450,-7.122142761543494,0.0008070356122034652
laptop,1,5,1250,400,-7.232176586726633,0.0007229455956310424
laptop,1,5,1250,350,-7.334120955940263,0.0006528775561853045
laptop,1,5,1250,300,-7.419193162237501,0.0005996327567419331
laptop,1,5,1250,250,-7.490095507970197,0.0005585896081720669
laptop,1,5,1250,200,-7.5439223921583,0.0005293173544129152
laptop,1,5,1250,150,-7.57913733408544,0.0005110018568113646
laptop,1,5,1250,100,-7.6012405353425345,0.0004998309906703659
laptop,1,5,1250,50,-7.611165295377293,0.0004948948236844322
laptop,1,5,1250,0,-7.616420490177062,0.0004923008767984317
laptop,1,5,1300,1300,-6.37126899262053,0.0017099878861413435
laptop,1,5,1300,1250,-6.373474356910297,0.0017062208952416907
laptop,1,5,1300,1200,-6.376723178266794,0.0017006866830594177
laptop,1,5,1300,1150,-6.381358280683135,0.0016928220668365535
laptop,1,5,1300,1100,-6.387763858390769,0.0016820132189582534
laptop,1,5,1300,1050,-6.3970247669087135,0.0016665081547173443
laptop,1,5,1300,1000,-6.409850258445935,0.001645270849039718
laptop,1,5,1300,950,-6.427575939854393,0.0016163642535566214
laptop,1,5,1300,900,-6.451692678991278,0.0015778491150151145
laptop,1,5,1300,850,-6.486783243781856,0.0015234416750717328
laptop,1,5,1300,800,-6.531529545168595,0.0014567759402467888
laptop,1,5,1300,750,-6.588144573559237,0.0013765917603038279
laptop,1,5,1300,700,-6.658923016609886,0.0012825268870087201
laptop,1,5,1300,650,-6.742917463722903,0.0011792018546546463
laptop,1,5,1300,600,-6.842002177313728,0.0010679630063279866
laptop,1,5,1300,550,-6.95249728452644,0.0009562441557019503
laptop,1,5,1300,500,-7.071233615227075,0.0008491848953358914
laptop,1,5,1300,450,-7.1856795562643905,0.0007573541682589997
laptop,1,5,1300,400,-7.2957133814475315,0.0006784407676641848
laptop,1,5,1300,350,-7.397657750661161,0.0006126861455217027
laptop,1,5,1300,300,-7.482729956958395,0.0005627191178134094
laptop,1,5,1300,250,-7.553632302691095,0.0005242026023364859
laptop,1,5,1300,200,-7.607459186879198,0.0004967323605483957
laptop,1,5,1300,150,-7.6426741288063385,0.0004795443725060849
laptop,1,5,1300,100,-7.6647773300634325,0.0004690611894754757
laptop,1,5,1300,50,-7.674702090098189,0.00046442889495775116
laptop,1,5,1300,0,-7.67995728489796,0.0004619946325080535
laptop,1,5,1350,1350,-6.409699270021127,0.0016455192846485762
laptop,1,5,1350,1300,-6.411207825219549,0.0016430387994224689
laptop,1,5,1350,1250,-6.413413189509315,0.0016394192929596672
laptop,1,5,1350,1200,-6.416662010865813,0.0016341017550908878
laptop,1,5,1350,1150,-6.4212971132821535,0.001626545052671263
laptop,1,5,1350,1100,-6.427702690989788,0.0016161593905358548
laptop,1,5,1350,1050,-6.436963599507732,0.0016012613773149333
laptop,1,5,1350,1000,-6.449789091044954,0.001580855550170582
laptop,1,5,1350,950,-6.467514772453411,0.0015530806996451134
laptop,1,5,1350,900,-6.491631511590296,0.0015160734977218147
laptop,1,5,1350,850,-6.526722076380874,0.001463796206444656
laptop,1,5,1350,800,-6.571468377767614,0.001399740554473598
laptop,1,5,1350,750,-6.6280834061582565,0.0013226957287096875
laptop,1,5,1350,700,-6.698861849208904,0.0012323136635856054
laptop,1,5,1350,650,-6.782856296321921,0.0011330339912059304
laptop,1,5,1350,600,-6.8819410099127465,0.0010261503429151813
laptop,1,5,1350,550,-6.99243611712546,0.0009188054852743061
laptop,1,5,1350,500,-7.111172447826093,0.0008159377865937995
laptop,1,5,1350,450,-7.225618388863411,0.0007277023968642379
laptop,1,5,1350,400,-7.335652214046553,0.0006518785971622243
laptop,1,5,1350,350,-7.437596583260182,0.0005886983861811686
laptop,1,5,1350,300,-7.522668789557417,0.0005406876570515009
laptop,1,5,1350,250,-7.593571135290115,0.000503679132102273
laptop,1,5,1350,200,-7.647398019478218,0.00047728439945349553
laptop,1,5,1350,150,-7.682612961405357,0.000460769351910527
laptop,1,5,1350,100,-7.704716162662453,0.0004506966042610645
laptop,1,5,1350,50,-7.7146409226972095,0.00044624567236578193
laptop,1,5,1350,0,-7.719896117496979,0.00044390671564846024
laptop,1,5,250,250,-7.63500291777249,0.0004832372047258376
laptop,1,5,250,200,-7.688829801960593,0.00045791370805555847
laptop,1,5,250,150,-7.724044743887734,0.00044206892731733576
laptop,1,5,250,100,-7.74614794514483,0.00043240498432704604
laptop,1,5,250,50,-7.756072705179586,0.00042813469447301907
laptop,1,5,250,0,-7.761327899979356,0.0004258906648239532
laptop,1,5,1400,1400,-6.467385738620944,0.0015532811125296621
laptop,1,5,1400,1350,-6.4684321500628155,0.0015516565915079951
laptop,1,5,1400,1300,-6.469940705261237,0.0015493175965857634
laptop,1,5,1400,1250,-6.472146069551004,0.0015459045517716387
laptop,1,5,1400,1200,-6.475394890907501,0.0015408903336086182
laptop,1,5,1400,1150,-6.480029993323842,0.0015337646759339474
laptop,1,5,1400,1100,-6.4864355710314765,0.0015239714263136474
laptop,1,5,1400,1050,-6.49569647954942,0.001509923216347179
laptop,1,5,1400,1000,-6.508521971086642,0.0014906813657720472
laptop,1,5,1400,950,-6.526247652495099,0.001464490831089133
laptop,1,5,1400,900,-6.550364391631985,0.001429594571085825
laptop,1,5,1400,850,-6.585454956422563,0.0013802992487197247
laptop,1,5,1400,800,-6.6302012578093015,0.0013198974196245044
laptop,1,5,1400,750,-6.686816286199945,0.0012472473371530068
laptop,1,5,1400,700,-6.7575947292505925,0.0011620207898786993
laptop,1,5,1400,650,-6.84158917636361,0.0010684041671579416
laptop,1,5,1400,600,-6.940673889954435,0.00096761730981632
laptop,1,5,1400,550,-7.0511689971671485,0.0008663955511430249
laptop,1,5,1400,500,-7.169905327867784,0.0007693955680981851
laptop,1,5,1400,450,-7.284351268905099,0.0006861932468884474
laptop,1,5,1400,400,-7.394385094088242,0.0006146945414655342
laptop,1,5,1400,350,-7.49632946330187,0.0005551182169968984
laptop,1,5,1400,300,-7.5814016695991056,0.0005098460861795052
laptop,1,5,1400,250,-7.652304015331803,0.00047494857861749473
laptop,1,5,1400,200,-7.7061308995199065,0.00045005943798107046
laptop,1,5,1400,150,-7.741345841447045,0.0004344864315640793
laptop,1,5,1400,100,-7.763449042704141,0.00042498824735518197
laptop,1,5,1400,50,-7.773373802738898,0.0004207912027637882
laptop,1,5,1400,0,-7.778628997538667,0.00041858566336869127
laptop,1,5,1450,1450,-6.477630157232368,0.0015374498799332061
laptop,1,5,1450,1400,-6.478334082139591,0.0015363680114908582
laptop,1,5,1450,1350,-6.479380493581463,0.0015347611792751372
laptop,1,5,1450,1300,-6.4808890487798845,0.0015324476527997497
laptop,1,5,1450,1250,-6.483094413069651,0.0015290717713627663
laptop,1,5,1450,1200,-6.4863432344261485,0.0015241121511586973
laptop,1,5,1450,1150,-6.490978336842489,0.001517064082123486
laptop,1,5,1450,1100,-6.497383914550124,0.0015073774675604145
laptop,1,5,1450,1050,-6.506644823068068,0.0014934822233337987
laptop,1,5,1450,1000,-6.5194703146052895,0.0014744498901218318
laptop,1,5,1450,950,-6.537195996013747,0.001448544534442112
laptop,1,5,1450,900,-6.561312735150632,0.0014140282468511072
laptop,1,5,1450,850,-6.59640329994121,0.001365269682938575
laptop,1,5,1450,800,-6.641149601327949,0.0013055255469229753
laptop,1,5,1450,750,-6.697764629718592,0.001233666524212268
laptop,1,5,1450,700,-6.76854307276924,0.0011493679771522238
laptop,1,5,1450,650,-6.852537519882257,0.0010567707110606143
laptop,1,5,1450,600,-6.951622233473082,0.0009570812843694088
laptop,1,5,1450,550,-7.062117340685794,0.0008569616918255795
laptop,1,5,1450,500,-7.180853671386429,0.0007610179055636438
laptop,1,5,1450,450,-7.295299612423746,0.0006787215435224878
laptop,1,5,1450,400,-7.405333437606886,0.0006080013609433859
laptop,1,5,1450,350,-7.5072778068205155,0.0005490737409411397
laptop,1,5,1450,300,-7.592350013117753,0.0005042945615390302
laptop,1,5,1450,250,-7.663252358850451,0.0004697770399735259
laptop,1,5,1450,200,-7.717079243038552,0.0004451589079439523
laptop,1,5,1450,150,-7.752294184965693,0.0004297554702089483
laptop,1,5,1450,100,-7.774397386222788,0.0004203607081996222
laptop,1,5,1450,50,-7.784322146257545,0.0004162093636677128
laptop,1,5,1450,0,-7.789577341057314,0.00041402783957179997
laptop,1,5,1500,1500,-6.6316982628475545,0.0013179230047605749
laptop,1,5,1500,1400,-6.632890133669766,0.0013163531465052438
laptop,1,5,1500,1350,-6.633936545111637,0.001314976419948032
laptop,1,5,1500,1300,-6.635445100310057,0.001312994200953222
laptop,1,5,1500,1200,-6.640899285956322,0.0013058523809395043
laptop,1,5,1500,1150,-6.6455343883726625,0.001299813627345381
laptop,1,5,1500,1100,-6.651939966080296,0.0012915141799058917
laptop,1,5,1500,1000,-6.674026366135464,0.0012633019808468806
laptop,1,5,1500,950,-6.691752047543921,0.0012411063895528093
laptop,1,5,1500,900,-6.715868786680805,0.0012115329908382604
laptop,1,5,1500,850,-6.750959351471383,0.0011697568743444947
laptop,1,5,1500,800,-6.795705652858122,0.0011185683694803126
laptop,1,5,1500,750,-6.852320681248766,0.0010569998846234577
laptop,1,5,1500,700,-6.923099124299413,0.0009847732717036598
laptop,1,5,1500,600,-7.1061782850032555,0.0008200229051361299
laptop,1,5,1500,550,-7.216673392215967,0.0007342408921768755
laptop,1,5,1500,500,-7.335409722916602,0.0006520366911072561
laptop,1,5,1500,400,-7.559889489137059,0.0005209328094384497
laptop,1,5,1500,350,-7.661833858350689,0.00047044389179250743
laptop,1,5,1500,300,-7.746906064647926,0.00043207729390513634
laptop,1,5,1500,200,-7.871635294568725,0.00038141013402005937
laptop,1,5,1500,150,-7.906850236495866,0.0003682125384063663
laptop,1,5,1500,100,-7.92895343775296,0.0003601631489116951
laptop,1,5,1500,50,-7.938878197787717,0.0003566062957385393
laptop,1,5,1500,1050,-6.661200874598241,0.0012796087976521848
laptop,1,5,1500,0,-7.944133392587488,0.0003547371757839744
laptop,1,5,1500,1450,-6.632186208762541,0.0013172800864815646
laptop,1,5,1500,1250,-6.637650464599823,0.001310101761043926
laptop,1,5,1500,650,-7.0070935714124305,0.0009054363539431854
laptop,1,5,1500,450,-7.449855663953918,0.0005815255412339346
laptop,1,5,1500,250,-7.8178084103806205,0.00040250283792683155
laptop,1,5,1550,1550,-6.676182261101432,0.0012605813681971906
laptop,1,5,1550,1500,-6.676473824729869,0.001260213882094933
laptop,1,5,1550,1450,-6.676961770644856,0.0012595991158776845
laptop,1,5,1550,1350,-6.6787121069939515,0.0012573963221372392
laptop,1,5,1550,1300,-6.680220662192371,0.00125550090041261
laptop,1,5,1550,1250,-6.682426026482138,0.001252735114464832
laptop,1,5,1550,1150,-6.690309950254977,0.0012428974768631496
laptop,1,5,1550,1100,-6.696715527962611,0.0012349614450622162
laptop,1,5,1550,1050,-6.705976436480555,0.0012235773748748278
laptop,1,5,1550,950,-6.736527609426234,0.0011867609075958995
laptop,1,5,1550,900,-6.76064434856312,0.001158482466847704
laptop,1,5,1550,850,-6.795734913353699,0.0011185356400943266
laptop,1,5,1550,800,-6.840481214740437,0.0010695885739906866
laptop,1,5,1550,750,-6.89709624313108,0.0010107160457504985
laptop,1,5,1550,700,-6.967874686181728,0.0009416520868322292
laptop,1,5,1550,650,-7.051869133294745,0.000865789168616808
laptop,1,5,1550,550,-7.26144895409828,0.0007020900020568097
laptop,1,5,1550,500,-7.380185284798915,0.0006234853529382692
laptop,1,5,1550,450,-7.494631225836232,0.0005560617404875703
laptop,1,5,1550,350,-7.706609420233003,0.00044984412673742527
laptop,1,5,1550,300,-7.791681626530237,0.00041315752282219807
laptop,1,5,1550,250,-7.862583972262937,0.0003848780711056399
laptop,1,5,1550,150,-7.95162579837818,0.0003520892728823832
laptop,1,5,1550,100,-7.9737289996352745,0.0003443923495060312
laptop,1,5,1550,50,-7.983653759670033,0.00034099124357708555
laptop,1,5,1550,1000,-6.718801928017778,0.0012079845998518616
laptop,1,5,1550,1400,-6.67766569555208,0.0012587127646858406
laptop,1,5,1550,1200,-6.685674847838636,0.0012486718059266653
laptop,1,5,1550,600,-7.15095384688557,0.0007841157980819252
laptop,1,5,1550,400,-7.604665051019373,0.0004981222391002361
laptop,1,5,1550,200,-7.91641085645104,0.00036470897307926435
laptop,1,5,1550,0,-7.988908954469802,0.0003392039685196397
laptop,1,5,200,200,-7.974002118704706,0.00034429830223165137
laptop,1,5,200,100,-8.031320261888938,0.0003251186836325139
laptop,1,5,200,50,-8.041245021923697,0.00032190791810854223
laptop,1,5,200,0,-8.046500216723466,0.00032022066659206846
laptop,1,5,200,150,-8.009217060631844,0.00033238485432338186
laptop,1,5,1600,1600,-6.755502327713544,0.0011644547494879184
laptop,1,5,1600,1550,-6.75569780241167,0.0011642271502929477
laptop,1,5,1600,1500,-6.755989366040107,0.0011638877534809707
laptop,1,5,1600,1450,-6.756477311955094,0.0011633199777393484
laptop,1,5,1600,1400,-6.757181236862318,0.001162501375982831
laptop,1,5,1600,1350,-6.75822764830419,0.0011612855574759508
laptop,1,5,1600,1250,-6.761941567792376,0.0011569806354278555
laptop,1,5,1600,1200,-6.7651903891488745,0.001153227911296357
laptop,1,5,1600,1150,-6.769825491565215,0.001147894950775066
laptop,1,5,1600,1050,-6.785491977790794,0.0011300516065462034
laptop,1,5,1600,1000,-6.798317469328015,0.0011156506860755904
laptop,1,5,1600,950,-6.816043150736474,0.0010960492550396899
laptop,1,5,1600,850,-6.875250454663935,0.0010330388768402079
laptop,1,5,1600,800,-6.919996756050675,0.0009878331450066961
laptop,1,5,1600,750,-6.976611784441318,0.0009334606169709704
laptop,1,5,1600,700,-7.047390227491966,0.0008696756538516454
laptop,1,5,1600,650,-7.131384674604983,0.0007996114189556788
laptop,1,5,1600,600,-7.230469388195808,0.0007241808614117153
laptop,1,5,1600,550,-7.34096449540852,0.0006484248164898346
laptop,1,5,1600,450,-7.574146767146472,0.0005135584198270576
laptop,1,5,1600,400,-7.684180592329612,0.0004600476014924672
laptop,1,5,1600,350,-7.7861249615432415,0.0004154596910285346
laptop,1,5,1600,250,-7.942099513573175,0.00035545940249330445
laptop,1,5,1600,200,-7.995926397761278,0.0003368319563707205
laptop,1,5,1600,150,-8.031141339688418,0.0003251768597871673
laptop,1,5,1600,50,-8.06316930098027,0.0003149271231514016
laptop,1,5,1600,0,-8.06842449578004,0.0003132764608463609
laptop,1,5,1600,1300,-6.75973620350261,0.0011595350148384499
laptop,1,5,1600,1100,-6.776231069272849,0.0011405655201477923
laptop,1,5,1600,500,-7.459700826109155,0.0005758284185485158
laptop,1,5,1600,900,-6.840159889873358,0.0010699323146203014
laptop,1,5,1600,300,-7.871197167840479,0.0003815772766063412
laptop,1,5,1600,100,-8.053244540945514,0.0003180682610131829
laptop,1,5,1650,1600,-6.781938299791176,0.0011340745900390557
laptop,1,5,1650,1550,-6.782133774489304,0.0011338529288161998
laptop,1,5,1650,1500,-6.782425338117741,0.0011335223867315264
laptop,1,5,1650,1450,-6.782913284032728,0.001132969424032291
laptop,1,5,1650,1400,-6.783617208939952,0.0011321721792687345
laptop,1,5,1650,1350,-6.784663620381823,0.0011309880809812242
laptop,1,5,1650,1300,-6.786172175580243,0.0011292832093021462
laptop,1,5,1650,1200,-6.791626361226508,0.0011231406555730482
laptop,1,5,1650,1150,-6.796261463642849,0.0011179468298623135
laptop,1,5,1650,1100,-6.802667041350483,0.0011108086211534733
laptop,1,5,1650,1000,-6.824753441405648,0.001086543805153754
laptop,1,5,1650,950,-6.8424791228141055,0.0010674537676267559
laptop,1,5,1650,900,-6.866595861950992,0.001042018207754447
laptop,1,5,1650,800,-6.9464327281283085,0.0009620609726939683
laptop,1,5,1650,750,-7.003047756518952,0.0009091070022038145
laptop,1,5,1650,700,-7.0738261995695995,0.0008469861633030195
laptop,1,5,1650,650,-7.157820646682617,0.0007787498763189304
laptop,1,5,1650,600,-7.256905360273442,0.0007052872719019649
laptop,1,5,1650,550,-7.367400467486152,0.0006315076719428064
laptop,1,5,1650,500,-7.486136798186789,0.0005608052850361277
laptop,1,5,1650,400,-7.710616564407245,0.0004480451432659409
laptop,1,5,1650,350,-7.812560933620875,0.0004046205135821173
laptop,1,5,1650,300,-7.897633139918109,0.00037162207782299604
laptop,1,5,1650,200,-8.02236236983891,0.00032804414512557317
laptop,1,5,1650,150,-8.057577311766051,0.00031669312535801954
laptop,1,5,1650,100,-8.079680513023145,0.00030976998708759465
laptop,1,5,1650,0,-8.094860467857673,0.00030510320307376487
laptop,1,5,1650,1650,-6.781813060817956,0.0011342166292705057
laptop,1,5,1650,1050,-6.811927949868427,0.0011005690113595576
laptop,1,5,1650,1250,-6.78837753987001,0.0011267954726304136
laptop,1,5,1650,850,-6.901686426741571,0.0010060873050345323
laptop,1,5,1650,450,-7.600582739224106,0.0005001598857169823
laptop,1,5,1650,250,-7.968535485650809,0.0003461856086167337
laptop,1,5,1650,50,-8.089605273057904,0.00030671080025837446
laptop,1,5,1700,1600,-6.882030113304588,0.0010260589135124834
laptop,1,5,1700,1000,-6.924845254919062,0.0009830552293402363
laptop,1,5,1700,1200,-6.89171817473992,0.001016166388790435
laptop,1,5,1700,800,-7.046524541641721,0.0008704288457262241
laptop,1,5,1700,200,-8.122454183352325,0.0002967993658336748
laptop,1,5,1700,400,-7.810708377920661,0.0004053707903711718
laptop,1,5,1700,0,-8.194952281371085,0.00027604344882135553
laptop,1,5,1700,1700,-6.881821464379818,0.0010262730219375087
laptop,1,5,1700,1650,-6.881904874331368,0.001026187424124376
laptop,1,5,1700,1550,-6.882225588002716,0.0010258583645578652
laptop,1,5,1700,1500,-6.882517151631153,0.0010255593051703709
laptop,1,5,1700,1450,-6.88300509754614,0.001025059009765312
laptop,1,5,1700,1400,-6.883709022453364,0.0010243376991010196
laptop,1,5,1700,1350,-6.8847554338952355,0.0010232663810298395
laptop,1,5,1700,1300,-6.8862639890936554,0.0010217238909695934
laptop,1,5,1700,1250,-6.888469353383422,0.0010194731004052665
laptop,1,5,1700,1150,-6.896353277156261,0.001011467252408633
laptop,1,5,1700,1100,-6.902758854863895,0.001005008927059887
laptop,1,5,1700,1050,-6.912019763381839,0.0009957445956021342
laptop,1,5,1700,950,-6.942570936327519,0.0009657834349310259
laptop,1,5,1700,900,-6.966687675464404,0.0009427705016051303
laptop,1,5,1700,850,-7.001778240254983,0.0009102618612298541
laptop,1,5,1700,750,-7.103139570032364,0.0008225185108112799
laptop,1,5,1700,700,-7.173918013083012,0.0007663144118667488
laptop,1,5,1700,650,-7.257912460196029,0.0007045773346938889
laptop,1,5,1700,600,-7.356997173786854,0.0006381117241124252
laptop,1,5,1700,550,-7.467492280999566,0.0005713593104366422
laptop,1,5,1700,500,-7.586228611700203,0.0005073910186422661
laptop,1,5,1700,450,-7.700674552737518,0.00045252183007082555
laptop,1,5,1700,350,-7.912652747134291,0.0003660821679609551
laptop,1,5,1700,300,-7.997724953431525,0.0003362266898116304
laptop,1,5,1700,250,-8.06862729916422,0.00031321293376188877
laptop,1,5,1700,150,-8.157669125279464,0.00028652948137258914
laptop,1,5,1700,100,-8.17977232653656,0.00028026574193759765
laptop,1,5,1700,50,-8.189697086571316,0.00027749792936002045
laptop,1,5,1750,750,-7.130230530594637,0.0008005348184509684
laptop,1,5,1750,1550,-6.909316548564989,0.000998439948564469
laptop,1,5,1750,1150,-6.923444237718534,0.0009844334718709172
laptop,1,5,1750,950,-6.96966189688979,0.0009399706591197365
laptop,1,5,1750,350,-7.93974370769656,0.0003562977829857031
laptop,1,5,1750,150,-8.184760085841736,0.00027887132427598875
laptop,1,5,1750,1750,-6.908861542293306,0.000998894348372506
laptop,1,5,1750,1700,-6.90891242494209,0.000998843523275274
laptop,1,5,1750,1650,-6.90899583489364,0.0009987602132598818
laptop,1,5,1750,1600,-6.909121073866861,0.00099863513738863
laptop,1,5,1750,1500,-6.909608112193426,0.0009981488822245301
laptop,1,5,1750,1450,-6.9100960581084125,0.000997661958360816
laptop,1,5,1750,1400,-6.910799983015637,0.0009969599263772238
laptop,1,5,1750,1350,-6.911846394457508,0.0009959172417368875
laptop,1,5,1750,1300,-6.913354949655928,0.0009944159782587882
laptop,1,5,1750,1250,-6.9155603139456945,0.0009922253452309582
laptop,1,5,1750,1200,-6.918809135302193,0.000989007013062801
laptop,1,5,1750,1100,-6.929849815426167,0.0009781477600691777
laptop,1,5,1750,1050,-6.939110723944112,0.0009691310391028781
laptop,1,5,1750,1000,-6.951936215481335,0.0009567808252375306
laptop,1,5,1750,900,-6.9937786360266765,0.0009175727991811188
laptop,1,5,1750,850,-7.028869200817254,0.0008859330267275608
laptop,1,5,1750,800,-7.073615502203993,0.0008471646398579421
laptop,1,5,1750,700,-7.2010089736452825,0.000745832902866867
laptop,1,5,1750,650,-7.285003420758302,0.0006857458905788123
laptop,1,5,1750,600,-7.384088134349127,0.0006210567257749906
laptop,1,5,1750,550,-7.494583241561837,0.0005560884233468805
laptop,1,5,1750,500,-7.613319572262474,0.0004938298307618692
laptop,1,5,1750,450,-7.727765513299791,0.0004404271470116079
laptop,1,5,1750,400,-7.83779933848293,0.00039453632691504215
laptop,1,5,1750,300,-8.024815913993793,0.0003272402609167317
laptop,1,5,1750,250,-8.095718259726493,0.0003048416002434486
laptop,1,5,1750,200,-8.149545143914596,0.0002888667225369458
laptop,1,5,1750,100,-8.20686328709883,0.00027277499763348086
laptop,1,5,1750,50,-8.216788047133589,0.0002700811611906852
laptop,1,5,1750,0,-8.222043241933358,0.00026866555497799077
laptop,1,5,1800,1500,-6.9859211729344155,0.0009248109932662813
laptop,1,5,1800,900,-7.070091696767666,0.0008501551491132432
laptop,1,5,1800,1100,-7.006162876167157,0.0009062794315159864
laptop,1,5,1800,700,-7.277322034386274,0.0006910336523883639
laptop,1,5,1800,100,-8.28317634783982,0.0002527331553359199
laptop,1,5,1800,300,-8.101128974734786,0.000303196643431237
laptop,1,5,1800,1800,-6.985141660021479,0.0009255321764268328
laptop,1,5,1800,1750,-6.985174603034296,0.0009255016871106899
laptop,1,5,1800,1650,-6.98530889563463,0.0009253774074276217
laptop,1,5,1800,1600,-6.985434134607853,0.0009252615213681494
laptop,1,5,1800,1550,-6.985629609305978,0.0009250806738277075
laptop,1,5,1800,1450,-6.986409118849402,0.0009243598455967644
laptop,1,5,1800,1400,-6.987113043756627,0.0009237093946393845
laptop,1,5,1800,1350,-6.988159455198498,0.0009227433201037462
laptop,1,5,1800,1300,-6.989668010396918,0.0009213523603050024
laptop,1,5,1800,1250,-6.991873374686684,0.0009193226816243688
laptop,1,5,1800,1200,-6.995122196043183,0.0009163408128650099
laptop,1,5,1800,1150,-6.9997572984595235,0.0009121033075712267
laptop,1,5,1800,1050,-7.015423784685102,0.0008979252041844242
laptop,1,5,1800,1000,-7.028249276222325,0.0008864824086703841
laptop,1,5,1800,950,-7.045974957630782,0.0008709073509798692
laptop,1,5,1800,850,-7.105182261558245,0.0008208400740672409
laptop,1,5,1800,800,-7.149928562944983,0.0007849201516922169
laptop,1,5,1800,750,-7.206543591335627,0.0007417164050175679
laptop,1,5,1800,650,-7.3613164814992915,0.0006353614671000596
laptop,1,5,1800,600,-7.460401195090117,0.0005754252673795744
laptop,1,5,1800,550,-7.570896302302827,0.0005152304393640788
laptop,1,5,1800,500,-7.6896326330034634,0.00045754622824761224
laptop,1,5,1800,450,-7.804078574040779,0.0004080672478252767
laptop,1,5,1800,400,-7.91411239922392,0.0003655482051542826
laptop,1,5,1800,350,-8.016056768437549,0.0003301191960934948
laptop,1,5,1800,250,-8.17203132046748,0.00028244369966304257
laptop,1,5,1800,200,-8.225858204655585,0.00026764255848845834
laptop,1,5,1800,150,-8.261073146582726,0.0002583815610977621
laptop,1,5,1800,50,-8.293101107874577,0.0002502372455566031
laptop,1,5,1800,0,-8.298356302674348,0.0002489256494500998
laptop,1,5,1800,1700,-6.98522548568308,0.0009254545963314574
laptop,1,5,1850,1850,-7.026948327033664,0.0008876364277380288
laptop,1,5,1850,250,-8.213857829317142,0.0002708737184366879
laptop,1,5,1850,300,-8.142955483584446,0.0002907765417381276
laptop,1,5,1850,1700,-7.02705199453274,0.0008875444134590042
laptop,1,5,1850,350,-8.05788327728721,0.00031659624300295786
laptop,1,5,1850,150,-8.302899655432386,0.00024779725769604464
laptop,1,5,1850,1100,-7.047989385016817,0.0008691547372106067
laptop,1,5,1850,950,-7.087801466480442,0.0008352316332607196
laptop,1,5,1850,1750,-7.027001111883956,0.0008875895752186398
laptop,1,5,1850,1450,-7.028235627699062,0.0008864945079287291
laptop,1,5,1850,1650,-7.02713540448429,0.0008874703865098141
laptop,1,5,1850,1500,-7.027747681784075,0.0008869271748529759
laptop,1,5,1850,1550,-7.027456118155638,0.0008871858082604506
laptop,1,5,1850,900,-7.111918205617326,0.0008153295214697045
laptop,1,5,1850,1250,-7.033699883536344,0.0008816636855835824
laptop,1,5,1850,1150,-7.041583807309183,0.0008747400448831776
laptop,1,5,1850,1050,-7.057250293534762,0.0008611427311907684
laptop,1,5,1850,850,-7.147008770407903,0.0007872153047481628
laptop,1,5,1850,700,-7.319148543235934,0.0006627262538007843
laptop,1,5,1850,650,-7.403142990348953,0.0006093346155361309
laptop,1,5,1850,750,-7.248370100185286,0.0007113328457752474
laptop,1,5,1850,1800,-7.0269681688711385,0.0008876188155750227
laptop,1,5,1850,450,-7.84590508289044,0.0003913512424689481
laptop,1,5,1850,1600,-7.027260643457512,0.0008873592475894498
laptop,1,5,1850,1400,-7.028939552606286,0.0008858707019465231
laptop,1,5,1850,1350,-7.029985964048158,0.0008849442015428407
laptop,1,5,1850,1300,-7.031494519246578,0.0008836102208120573
laptop,1,5,1850,1200,-7.0369487048928425,0.0008788039656475337
laptop,1,5,1850,1000,-7.070075785071984,0.000850168676630881
laptop,1,5,1850,50,-8.334927616724238,0.00023998656467160315
laptop,1,5,1850,800,-7.191755071794643,0.0007527668006700473
laptop,1,5,1850,600,-7.502227703939776,0.0005518536332850834
laptop,1,5,1850,550,-7.612722811152488,0.0004941246171495963
laptop,1,5,1850,500,-7.731459141853125,0.00043880337338014726
laptop,1,5,1850,400,-7.955938908073583,0.00035057394346599366
laptop,1,5,1850,200,-8.267684713505247,0.00025667888898271506
laptop,1,5,1850,100,-8.325002856689482,0.00024238023237816767
laptop,1,5,1850,0,-8.340182811524008,0.00023872869659071004
laptop,1,5,1900,400,-7.989512239257441,0.0003389993936401861
laptop,1,5,1900,0,-8.37375614270787,0.0002308468295979119
laptop,1,5,1900,700,-7.352721874419797,0.0006408456828443372
laptop,1,5,1900,1600,-7.060833974641375,0.0008580621933843558
laptop,1,5,1900,1100,-7.08156271620068,0.0008404587231465773
laptop,1,5,1900,1400,-7.062512883790149,0.0008566227935665343
laptop,1,5,1900,1450,-7.061808958882925,0.0008572260039695273
laptop,1,5,1900,1200,-7.070522036076706,0.0008497893726434392
laptop,1,5,1900,200,-8.301258044689108,0.00024820437841187494
laptop,1,5,1900,1000,-7.103649116255846,0.0008220995063704833
laptop,1,5,1900,600,-7.535801035123639,0.0005336336329283492
laptop,1,5,1900,650,-7.436716321532814,0.000589216822986049
laptop,1,5,1900,1050,-7.090823624718625,0.0008327112415291076
laptop,1,5,1900,800,-7.225328402978506,0.0007279134508876048
laptop,1,5,1900,1750,-7.060574443067819,0.0008582849165162065
laptop,1,5,1900,1350,-7.063559295232021,0.0008557268825015234
laptop,1,5,1900,1300,-7.065067850430441,0.0008544369444804819
laptop,1,5,1900,1150,-7.075157138493046,0.0008458596262929319
laptop,1,5,1900,950,-7.121374797664303,0.00080765562444589
laptop,1,5,1900,550,-7.646296142336349,0.00047781059807329993
laptop,1,5,1900,500,-7.765032473036984,0.00042431584056836007
laptop,1,5,1900,350,-8.09145660847107,0.00030614350098490524
laptop,1,5,1900,300,-8.176528814768306,0.0002811762630144734
laptop,1,5,1900,150,-8.336472986616249,0.00023961598307664325
laptop,1,5,1900,1550,-7.061029449339501,0.0008578944803284943
laptop,1,5,1900,1500,-7.061321012967938,0.0008576443859619758
laptop,1,5,1900,1700,-7.060625325716603,0.0008582412458172924
laptop,1,5,1900,1250,-7.067273214720207,0.0008525546760619327
laptop,1,5,1900,1850,-7.060521658217527,0.0008583302221527474
laptop,1,5,1900,1650,-7.060708735668153,0.0008581696629419641
laptop,1,5,1900,850,-7.180582101591766,0.0007612246031051265
laptop,1,5,1900,750,-7.281943431369149,0.0006878474795076914
laptop,1,5,1900,50,-8.3685009479081,0.00023206316790442272
laptop,1,5,1900,900,-7.145491536801189,0.0007884106008066239
laptop,1,5,1900,250,-8.247431160501003,0.0002619305513560128
laptop,1,5,1900,450,-7.879478414074302,0.00037843038928013034
laptop,1,5,1900,100,-8.358576187873343,0.0002343778062745165
laptop,1,5,1900,1900,-7.0605095570364425,0.0008583406090250428
laptop,1,5,1900,1800,-7.060541500055002,0.0008583131914729407
laptop,1,5,1950,1750,-7.15332652387366,0.0007822575499548687
laptop,1,5,1950,1550,-7.153781530145342,0.0007819016988269552
laptop,1,5,1950,1350,-7.156311376037862,0.0007799261080495985
laptop,1,5,1950,850,-7.273334182397607,0.000693794894366106
laptop,1,5,1950,450,-7.972230494880143,0.00034490880994196316
laptop,1,5,1950,1850,-7.153273739023368,0.0007822988423923304
laptop,1,5,1950,750,-7.37469551217499,0.0006269175581534972
laptop,1,5,1950,1150,-7.167909219298887,0.0007709328990137922
laptop,1,5,1950,1650,-7.153460816473994,0.0007821525056078512
laptop,1,5,1950,1900,-7.153261637842285,0.0007823083091895628
laptop,1,5,1950,1700,-7.153377406522444,0.0007822177476313279
laptop,1,5,1950,1600,-7.153586055447216,0.0007820545557648426
laptop,1,5,1950,1500,-7.154073093773779,0.0007816737579618117
laptop,1,5,1950,1300,-7.157819931236282,0.0007787504334728747
laptop,1,5,1950,1250,-7.160025295526048,0.0007770348974624922
laptop,1,5,1950,1200,-7.163274116882547,0.000774514546195208
laptop,1,5,1950,1100,-7.174314797006521,0.0007660104109430945
laptop,1,5,1950,900,-7.23824361760703,0.0007185727409131162
laptop,1,5,1950,800,-7.318080483784347,0.0006634344629773992
laptop,1,5,1950,700,-7.445473955225638,0.0005840792073986077
laptop,1,5,1950,500,-7.857784553842827,0.0003867297018306367
laptop,1,5,1950,400,-8.082264320063283,0.00030897063434546623
laptop,1,5,1950,300,-8.26928089557415,0.0002562695095516265
laptop,1,5,1950,100,-8.451328268679184,0.00021361648675395094
laptop,1,5,1950,1050,-7.183575705524466,0.0007589492056582549
laptop,1,5,1950,950,-7.214126878470146,0.0007361130294014441
laptop,1,5,1950,0,-8.466508223513712,0.0002103982860016879
laptop,1,5,1950,1000,-7.196401197061689,0.0007492774640416704
laptop,1,5,1950,1800,-7.153293580860843,0.0007822833202998373
laptop,1,5,1950,1450,-7.154561039688766,0.0007812924364844561
laptop,1,5,1950,1400,-7.1552649645959905,0.0007807426588023924
laptop,1,5,1950,1950,-7.15325447020228,0.0007823139165139917
laptop,1,5,1950,650,-7.529468402338655,0.0005370236613409657
laptop,1,5,1950,350,-8.184208689276913,0.00027902513536777907
laptop,1,5,1950,600,-7.62855311592948,0.00048636406190433613
laptop,1,5,1950,250,-8.340183241306844,0.00023872859398923563
laptop,1,5,1950,200,-8.39401012549495,0.0002262182932593552
laptop,1,5,1950,550,-7.73904822314219,0.0004354858632590596
laptop,1,5,1950,50,-8.46125302871394,0.00021150688036849737
laptop,1,5,1950,150,-8.42922506742209,0.0002183906628726393
laptop,1,5,150,50,-8.47126711315569,0.00020939940245118024
laptop,1,5,150,150,-8.43923915186384,0.00021621459418612443
laptop,1,5,150,0,-8.476522307955461,0.00020830185424108795
laptop,1,5,150,100,-8.461342353120934,0.00021148798848559923
laptop,1,5,2000,1950,-7.27149357120967,0.0006950730769685516
laptop,1,5,2000,1900,-7.271500738849675,0.0006950680949528133
laptop,1,5,2000,2000,-7.271489701634768,0.0006950757666110894
laptop,1,5,2000,1800,-7.271532681868233,0.0006950458927343624
laptop,1,5,2000,1600,-7.271825156454606,0.0006948426391990699
laptop,1,5,2000,1500,-7.272312194781169,0.0006945043066000091
laptop,1,5,2000,1400,-7.2735040656033805,0.0006936770402763008
laptop,1,5,2000,1200,-7.281513217889937,0.0006881434644288042
laptop,1,5,2000,1150,-7.286148320306277,0.0006849612296833255
laptop,1,5,2000,1100,-7.292553898013911,0.0006805876798110605
laptop,1,5,2000,1000,-7.314640298069077,0.0006657207310785752
laptop,1,5,2000,800,-7.436319584791737,0.0005894506333256977
laptop,1,5,2000,700,-7.563713056233028,0.0005189447909720804
laptop,1,5,2000,600,-7.74679221693687,0.0004321264877162949
laptop,1,5,2000,400,-8.200503421070673,0.0002745153383751515
laptop,1,5,2000,350,-8.302447790284303,0.00024790925394228255
laptop,1,5,2000,200,-8.51224922650234,0.00020099124129481334
laptop,1,5,2000,300,-8.38751999658154,0.00022769125382685791
laptop,1,5,2000,0,-8.584747324521102,0.0001869354244543686
laptop,1,5,2000,1700,-7.271616507529834,0.0006949876324944463
laptop,1,5,2000,1650,-7.271699917481384,0.0006949296660272157
laptop,1,5,2000,1300,-7.276059032243672,0.0006919069807636527
laptop,1,5,2000,1250,-7.278264396533438,0.0006903827551705553
laptop,1,5,2000,950,-7.332365979477536,0.000654024346930498
laptop,1,5,2000,900,-7.35648271861442,0.0006384400884466084
laptop,1,5,2000,650,-7.647707503346045,0.0004771367104863543
laptop,1,5,2000,850,-7.391573283404999,0.0006164253783966717
laptop,1,5,2000,450,-8.090469595887532,0.0003064458176433759
laptop,1,5,2000,250,-8.458422342314234,0.00021210643819795366
laptop,1,5,2000,50,-8.57949212972133,0.000187920392357128
laptop,1,5,2000,150,-8.54746416842948,0.00019403652014845897
laptop,1,5,2000,100,-8.569567369686574,0.00018979474301173953
laptop,1,5,2000,1550,-7.272020631152732,0.0006947068283181554
laptop,1,5,2000,1050,-7.301814806531856,0.0006743139147906063
laptop,1,5,2000,750,-7.49293461318238,0.0005570059626359321
laptop,1,5,2000,500,-7.976023654850217,0.00034360299380120196
laptop,1,5,2000,550,-7.85728732414958,0.0003869220431365888
laptop,1,5,2000,1350,-7.274550477045252,0.0006929515483321277
laptop,1,5,2000,1850,-7.271512840030758,0.0006950596838588235
laptop,1,5,2000,1450,-7.272800140696156,0.0006941655087249045
laptop,1,5,2000,1750,-7.271565624881048,0.0006950229962057532
laptop,1,5,2050,1950,-7.3597621060375,0.0006363498253147699
laptop,1,5,2050,1900,-7.359769273677505,0.000636345264204651
laptop,1,5,2050,1850,-7.359781374858588,0.0006363375637219701
laptop,1,5,2050,1750,-7.359834159708879,0.0006363039756254133
laptop,1,5,2050,1550,-7.360289165980562,0.0006360145191830495
laptop,1,5,2050,1450,-7.361068675523986,0.000635518932977773
laptop,1,5,2050,1350,-7.362819011873081,0.0006344075340335761
laptop,1,5,2050,1150,-7.374416855134107,0.000627092277487386
laptop,1,5,2050,1100,-7.38082243284174,0.0006230882269933583
laptop,1,5,2050,1050,-7.390083341359685,0.0006173445010354436
laptop,1,5,2050,950,-7.420634514305363,0.0005987690973961577
laptop,1,5,2050,750,-7.58120314801021,0.0005099473116820172
laptop,1,5,2050,650,-7.735976038173875,0.0004368258136158437
laptop,1,5,2050,550,-7.94555585897741,0.00035423293279354315
laptop,1,5,2050,350,-8.390716325112132,0.00022696463964352935
laptop,1,5,2050,150,-8.63573270325731,0.00017764334397711725
laptop,1,5,2050,1650,-7.3599684523092135,0.0006362185304473795
laptop,1,5,2050,2050,-7.359756230883483,0.0006363535639789847
laptop,1,5,2050,250,-8.546690877142066,0.00019418662492880944
laptop,1,5,2050,50,-8.667760664549162,0.00017204393726640016
laptop,1,5,2050,600,-7.8350607517647,0.0003956182796943391
laptop,1,5,2050,1500,-7.360580729608999,0.0006358291075130609
laptop,1,5,2050,1800,-7.359801216696062,0.0006363249377407136
laptop,1,5,2050,1700,-7.359885042357663,0.0006362715996173971
laptop,1,5,2050,1600,-7.360093691282434,0.0006361388560811545
laptop,1,5,2050,1400,-7.36177260043121,0.0006350717327879795
laptop,1,5,2050,1300,-7.364327567071501,0.0006334512167602505
laptop,1,5,2050,1200,-7.369781752717766,0.0006300056611178206
laptop,1,5,2050,1250,-7.3665329313612675,0.000632055765372408
laptop,1,5,2050,700,-7.651981591060857,0.000475101738256558
laptop,1,5,2050,1000,-7.402908832896908,0.0006094773124832724
laptop,1,5,2050,900,-7.4447512534422495,0.0005845014750518486
laptop,1,5,2050,800,-7.524588119619566,0.0005396508942403756
laptop,1,5,2050,300,-8.475788531409366,0.00020845475734773434
laptop,1,5,2050,500,-8.064292189678046,0.00031457369351240154
laptop,1,5,2050,400,-8.288771955898502,0.00025132290892797206
laptop,1,5,2050,450,-8.178738130715363,0.00028055574152906915
laptop,1,5,2050,850,-7.479841818232827,0.0005643466778674576
laptop,1,5,2050,200,-8.600517761330169,0.00018401049547994518
laptop,1,5,2050,100,-8.657835904514403,0.00017375993339855197
laptop,1,5,2050,0,-8.673015859348931,0.0001711421843807971
laptop,1,5,2050,2000,-7.359758236462597,0.0006363522877228473
laptop,1,5,2100,2100,-7.378415195568237,0.0006245899549806677
laptop,1,5,2100,1900,-7.378429290980994,0.0006245811511894951
laptop,1,5,2100,1850,-7.378441392162078,0.0006245735930656136
laptop,1,5,2100,1700,-7.378545059661154,0.0006245088484392464
laptop,1,5,2100,1500,-7.379240746912489,0.0006240745366851329
laptop,1,5,2100,1400,-7.380432617734701,0.0006233311635443515
laptop,1,5,2100,1300,-7.382987584374992,0.000621740605991629
laptop,1,5,2100,1100,-7.399482450145231,0.0006115691967858728
laptop,1,5,2100,1000,-7.421568850200397,0.0005982099072120345
laptop,1,5,2100,900,-7.46341127074574,0.000573695798013252
laptop,1,5,2100,500,-8.082952206981536,0.00030875817057187863
laptop,1,5,2100,300,-8.49444854871286,0.00020460105486587272
laptop,1,5,2100,200,-8.61917777863366,0.00018060869399485558
laptop,1,5,2100,100,-8.676495921817896,0.00017054763402430924
laptop,1,5,2100,700,-7.670641608364348,0.00046631853382816734
laptop,1,5,2100,600,-7.8537207690681905,0.00038830448572904066
laptop,1,5,2100,1800,-7.378461233999553,0.0006245612005008353
laptop,1,5,2100,2050,-7.378416248186974,0.0006245892975259241
laptop,1,5,2100,1150,-7.3930768724375975,0.0006154992244102733
laptop,1,5,2100,1450,-7.379728692827476,0.0006237700963455605
laptop,1,5,2100,1950,-7.37842212334099,0.0006245856279783836
laptop,1,5,2100,2000,-7.378418253766088,0.0006245880448639301
laptop,1,5,2100,1550,-7.378949183284052,0.0006242565206501274
laptop,1,5,2100,1600,-7.378753708585925,0.0006243785589323653
laptop,1,5,2100,1650,-7.378628469612704,0.0006244567603588179
laptop,1,5,2100,1750,-7.378494177012368,0.0006245406259120994
laptop,1,5,2100,1200,-7.388441770021257,0.0006183587483261586
laptop,1,5,2100,750,-7.5998631653137005,0.0005005199172408865
laptop,1,5,2100,1250,-7.385192948664758,0.0006203709523094615
laptop,1,5,2100,1350,-7.381479029176572,0.0006226792438303541
laptop,1,5,2100,1050,-7.408743358663176,0.0006059316550727352
laptop,1,5,2100,850,-7.4985018355363176,0.0005539136025047311
laptop,1,5,2100,800,-7.543248136923057,0.0005296743697564397
laptop,1,5,2100,950,-7.439294531608856,0.0005876996548655266
laptop,1,5,2100,650,-7.7546360554773655,0.0004287502160929524
laptop,1,5,2100,400,-8.307431973201993,0.0002466767030547783
laptop,1,5,2100,450,-8.197398148018854,0.0002753691083661362
laptop,1,5,2100,550,-7.964215876280902,0.00034768422961385865
laptop,1,5,2100,250,-8.565350894445556,0.0001905966973687298
laptop,1,5,2100,0,-8.691675876652422,0.00016797827932489486
laptop,1,5,2100,350,-8.409376342415623,0.00022276874502247316
laptop,1,5,2100,50,-8.686420681852653,0.00016886336150757184
laptop,1,5,2100,150,-8.6543927205608,0.00017435925200300753
laptop,1,5,2150,1850,-7.431211551883043,0.000592469269642079
laptop,1,5,2150,1750,-7.431264336733334,0.0005924379970657451
laptop,1,5,2150,1650,-7.4313986293336685,0.0005923584423685054
laptop,1,5,2150,1450,-7.432498852548441,0.0005917070742496145
laptop,1,5,2150,1350,-7.434249188897536,0.000590672293720711
laptop,1,5,2150,1250,-7.4379631083857225,0.0005884826529695041
laptop,1,5,2150,1050,-7.46151351838414,0.0005747855642949763
laptop,1,5,2150,1000,-7.474339009921363,0.0005674607296138699
laptop,1,5,2150,650,-7.8074062151983314,0.00040671160325663787
laptop,1,5,2150,250,-8.61812105416652,0.00018079964849615536
laptop,1,5,2150,50,-8.739190841573617,0.0001601834492723858
laptop,1,5,2150,950,-7.49206469132982,0.0005574907251170024
laptop,1,5,2150,300,-8.547218708433824,0.0001940841541977392
laptop,1,5,2150,1150,-7.445847032158562,0.0005838613415622128
laptop,1,5,2150,1550,-7.431719343005017,0.0005921684953786257
laptop,1,5,2150,1300,-7.435757744095956,0.0005897819037315374
laptop,1,5,2150,1100,-7.452252609866195,0.0005801333251648608
laptop,1,5,2150,1200,-7.441211929742221,0.000586573880268265
laptop,1,5,2150,1700,-7.431315219382118,0.000592407853018125
laptop,1,5,2150,1900,-7.431199450701958,0.0005924764392633785
laptop,1,5,2150,800,-7.596018296644021,0.0005024480549320294
laptop,1,5,2150,1600,-7.431523868306891,0.0005922842606507217
laptop,1,5,2150,400,-8.360202132922957,0.0002339970304848081
laptop,1,5,2150,450,-8.250168307739818,0.00026121458916457266
laptop,1,5,2150,1400,-7.433202777455665,0.0005912907034663449
laptop,1,5,2150,1500,-7.432010906633454,0.0005919958657509502
laptop,1,5,2150,0,-8.744446036373386,0.00015934386207214893
laptop,1,5,2150,1800,-7.431231393720517,0.0005924575140797486
laptop,1,5,2150,600,-7.906490928789155,0.0003683448637804631
laptop,1,5,2150,550,-8.016986036001866,0.0003298125695233352
laptop,1,5,2150,900,-7.5161814304667045,0.000544206694326146
laptop,1,5,2150,2150,-7.431184792594773,0.0005924851239101799
laptop,1,5,2150,1950,-7.431192283061955,0.0005924806859364249
laptop,1,5,2150,700,-7.723411768085312,0.0004423488348293255
laptop,1,5,2150,750,-7.652633325034665,0.00047479219919224
laptop,1,5,2150,500,-8.1357223667025,0.0002928873872442571
laptop,1,5,2150,2000,-7.431188413487052,0.0005924829785892531
laptop,1,5,2150,850,-7.551271995257282,0.0005254413429648711
laptop,1,5,2150,2050,-7.431186407907938,0.0005924841668619322
laptop,1,5,2150,350,-8.462146502136587,0.00021131798898946065
laptop,1,5,2150,100,-8.729266081538858,0.00016178114683588972
laptop,1,5,2150,2100,-7.431185355289201,0.0005924847905221958
laptop,1,5,2150,200,-8.671947938354624,0.00017132504833725909
laptop,1,5,2150,150,-8.707162880281764,0.0001653968400785539
laptop,1,5,2200,450,-8.327223454162015,0.0002418426005995653
laptop,1,5,2200,350,-8.539201648558784,0.0001956463923938162
laptop,1,5,2200,1250,-7.515018254807919,0.0005448400705988539
laptop,1,5,2200,1300,-7.512812890518153,0.0005460429673594292
laptop,1,5,2200,300,-8.624273854856021,0.00017969063954837577
laptop,1,5,2200,0,-8.821501182795583,0.00014752672933144662
laptop,1,5,2200,1800,-7.508286540142714,0.0005485201512214487
laptop,1,5,2200,900,-7.593236576888901,0.00050384767037881
laptop,1,5,2200,800,-7.673073443066218,0.0004651859019803765
laptop,1,5,2200,1200,-7.518267076164418,0.0005430728547802525
laptop,1,5,2200,750,-7.729688471456861,0.0004395810378136848
laptop,1,5,2200,850,-7.6283271416794785,0.00048647398007732346
laptop,1,5,2200,650,-7.884461361620528,0.00037654938087563783
laptop,1,5,2200,700,-7.800466914507509,0.00040954371242990544
laptop,1,5,2200,1450,-7.509553998970637,0.0005478253649130209
laptop,1,5,2200,1550,-7.508774489427213,0.0005482525664953236
laptop,1,5,2200,1500,-7.50906605305565,0.0005480927392887687
laptop,1,5,2200,250,-8.695176200588717,0.00016739132879078767
laptop,1,5,2200,400,-8.437257279345154,0.0002166435288549988
laptop,1,5,2200,1100,-7.529307756288392,0.0005371099390009551
laptop,1,5,2200,950,-7.569119837752017,0.0005161465414456222
laptop,1,5,2200,1050,-7.538568664806337,0.0005321587745185508
laptop,1,5,2200,1150,-7.522902178580758,0.0005405614812118897
laptop,1,5,2200,100,-8.806321227961055,0.00014978326212140272
laptop,1,5,2200,2000,-7.508243559909249,0.0005485437272522563
laptop,1,5,2200,1850,-7.508266698305239,0.0005485310349771171
laptop,1,5,2200,2050,-7.508241554330135,0.0005485448274012022
laptop,1,5,2200,2100,-7.508240501711398,0.0005485454048100696
laptop,1,5,2200,1900,-7.508254597124156,0.0005485376728906643
laptop,1,5,2200,550,-8.094041182424062,0.00030535327210876235
laptop,1,5,2200,1950,-7.508247429484151,0.0005485416046253234
laptop,1,5,2200,1650,-7.508453775755865,0.000548428426787643
laptop,1,5,2200,1350,-7.511304335319733,0.0005468673249545325
laptop,1,5,2200,50,-8.816245987995813,0.00014830405173363244
laptop,1,5,2200,1750,-7.508319483155531,0.0005485020816127118
laptop,1,5,2200,500,-8.212777513124697,0.00027116650582382476
laptop,1,5,2200,600,-7.983546075211351,0.0003410279650116937
laptop,1,5,2200,1700,-7.508370365804315,0.0005484741730839717
laptop,1,5,2200,2150,-7.50823993901697,0.0005485457134735991
laptop,1,5,2200,1400,-7.5102579238778615,0.0005474398726885566
laptop,1,5,2200,200,-8.74900308477682,0.00015861937639181613
laptop,1,5,2200,150,-8.784218026703961,0.00015313081119809407
laptop,1,5,2200,2200,-7.50823967131972,0.0005485458603177974
laptop,1,5,2200,1600,-7.508579014729086,0.0005483597464754029
laptop,1,5,2200,1000,-7.551394156343558,0.0005253771584001481
laptop,1,5,2250,2050,-7.535416978853632,0.000533838617631273
laptop,1,5,2250,1200,-7.545442500687915,0.00052851334583257
laptop,1,5,2250,1900,-7.5354300216476515,0.00053383165492955
laptop,1,5,2250,1000,-7.578569580867057,0.0005112920621348771
laptop,1,5,2250,600,-8.010721499734847,0.0003318851775122032
laptop,1,5,2250,1050,-7.565744089329834,0.0005178918665503268
laptop,1,5,2250,700,-7.827642339031004,0.00039856405234727686
laptop,1,5,2250,900,-7.620412001412398,0.0004903397688135263
laptop,1,5,2250,300,-8.651449279379515,0.00017487322425816093
laptop,1,5,2250,1450,-7.536729423494134,0.000533138443569022
laptop,1,5,2250,2100,-7.5354159262348945,0.0005338391795601002
laptop,1,5,2250,1150,-7.550077603104255,0.0005260693009211595
laptop,1,5,2250,1250,-7.542193679331416,0.0005302331834876398
laptop,1,5,2250,1300,-7.53998831504165,0.0005314038311936092
laptop,1,5,2250,250,-8.722351625112214,0.00016290365180998906
laptop,1,5,2250,1750,-7.535494907679028,0.0005337970178357825
laptop,1,5,2250,1100,-7.556483180811889,0.0005227102928136349
laptop,1,5,2250,400,-8.46443270386865,0.00021083542526621204
laptop,1,5,2250,1400,-7.5374333484013585,0.0005327632861963955
laptop,1,5,2250,500,-8.239952937648194,0.00026389666876034035
laptop,1,5,2250,1700,-7.535545790327812,0.0005337698575206022
laptop,1,5,2250,150,-8.811393451227458,0.00014902545149141777
laptop,1,5,2250,1850,-7.535442122828736,0.0005338251949751115
laptop,1,5,2250,1600,-7.535754439252584,0.0005336584986316147
laptop,1,5,2250,2000,-7.535418984432746,0.0005338375469767647
laptop,1,5,2250,350,-8.56637707308228,0.00019040121142856214
laptop,1,5,2250,50,-8.84342141251931,0.00014432809501035434
laptop,1,5,2250,1500,-7.536241477579147,0.0005333986497727983
laptop,1,5,2250,450,-8.354398878685512,0.00023535892262456336
laptop,1,5,2250,650,-7.911636786144023,0.0003664542821575825
laptop,1,5,2250,800,-7.700248867589715,0.00045271450289901464
laptop,1,5,2250,850,-7.655502566202975,0.00047343185837411947
laptop,1,5,2250,1800,-7.535461964666211,0.0005338146030074355
laptop,1,5,2250,1550,-7.53594991395071,0.0005335541920926692
laptop,1,5,2250,200,-8.776178509300317,0.00015436687102439738
laptop,1,5,2250,950,-7.596295262275512,0.0005023089133588102
laptop,1,5,2250,0,-8.84867660731908,0.00014357161222917008
laptop,1,5,2250,2250,-7.535414981929628,0.0005338396836674871
laptop,1,5,2250,1350,-7.53847975984323,0.0005322060881779448
laptop,1,5,2250,2200,-7.535415095843217,0.0005338396228558959
laptop,1,5,2250,100,-8.833496652484552,0.00014576764851473103
laptop,1,5,2250,550,-8.121216606947558,0.00029716690510783706
laptop,1,5,2250,1950,-7.535422854007648,0.0005338354812563877
laptop,1,5,2250,2150,-7.535415363540467,0.0005338394799485165
laptop,1,5,2250,1650,-7.535629200279362,0.000533725337659373
laptop,1,5,2250,750,-7.756863895980358,0.00042779609220842236
laptop,1,5,2300,2200,-7.59650793422693,0.000502202097700741
laptop,1,5,2300,750,-7.8179567343640715,0.00040244314152987305
laptop,1,5,2300,2100,-7.596508764618608,0.0005022016806764721
laptop,1,5,2300,1800,-7.596554803049924,0.0005021785606310988
laptop,1,5,2300,1550,-7.597042752334423,0.000501933582735003
laptop,1,5,2300,300,-8.712542117763231,0.00016450951988973423
laptop,1,5,2300,450,-8.415491717069225,0.00022141058773853564
laptop,1,5,2300,700,-7.888735177414719,0.0003749435122220985
laptop,1,5,2300,100,-8.894589490868265,0.00013712885991747198
laptop,1,5,2300,800,-7.761341705973428,0.0004258847850205475
laptop,1,5,2300,1250,-7.603286517715129,0.0004988093907182965
laptop,1,5,2300,1050,-7.626836927713547,0.0004871994708304629
laptop,1,5,2300,250,-8.783444463495927,0.00015324931338821113
laptop,1,5,2300,1650,-7.596722038663075,0.0005020945855136109
laptop,1,5,2300,0,-8.909769445702793,0.0001350629697474324
laptop,1,5,2300,1850,-7.596534961212449,0.0005021885248753361
laptop,1,5,2300,2000,-7.596511822816459,0.0005022001448467196
laptop,1,5,2300,1450,-7.597822261877847,0.0005015424731737182
laptop,1,5,2300,2250,-7.596507820313341,0.0005022021549083881
laptop,1,5,2300,350,-8.627469911465994,0.00017911725486513346
laptop,1,5,2300,1350,-7.599572598226943,0.000500665372986406
laptop,1,5,2300,1750,-7.596587746062739,0.0005021620176288299
laptop,1,5,2300,1100,-7.617576019195602,0.00049173233739459
laptop,1,5,2300,1900,-7.596522860031366,0.0005021946019863835
laptop,1,5,2300,2050,-7.596509817237345,0.0005022011520498514
laptop,1,5,2300,1700,-7.596638628711525,0.000502136466945302
laptop,1,5,2300,2300,-7.596507775512344,0.0005022021774075457
laptop,1,5,2300,1500,-7.59733431596286,0.0005017872584908368
laptop,1,5,2300,600,-8.07181433811856,0.0003122163009383867
laptop,1,5,2300,500,-8.301045776031907,0.0002482570700141818
laptop,1,5,2300,550,-8.18230944533127,0.0002795555757251798
laptop,1,5,2300,650,-7.972729624527736,0.0003447366986856934
laptop,1,5,2300,1200,-7.606535339071628,0.0004971914776951676
laptop,1,5,2300,1600,-7.596847277636296,0.000502031707640724
laptop,1,5,2300,150,-8.872486289611171,0.00014019359213055736
laptop,1,5,2300,1000,-7.63966241925077,0.0004809907978883494
laptop,1,5,2300,850,-7.71659540458669,0.0004453743450549807
laptop,1,5,2300,50,-8.904514250903024,0.00013577462025691093
laptop,1,5,2300,200,-8.83727134768403,0.00014521845723856785
laptop,1,5,2300,1400,-7.5985261867850715,0.0005011895491653934
laptop,1,5,2300,400,-8.525525542252364,0.00019834045339662092
laptop,1,5,2300,2150,-7.59650820192418,0.000502201963262639
laptop,1,5,2300,950,-7.657388100659227,0.00047254002734575725
laptop,1,5,2300,1950,-7.596515692391361,0.0005021982015494031
laptop,1,5,2300,1300,-7.601081153425363,0.0004999106610407602
laptop,1,5,2300,900,-7.681504839796111,0.0004612802233878426
laptop,1,5,2300,1150,-7.611170441487968,0.0004948922769074499
laptop,1,5,2350,700,-7.924183475206557,0.00036188521747876345
laptop,1,5,2350,100,-8.930037788660103,0.0001323530229920443
laptop,1,5,2350,1850,-7.631983259004287,0.00048469862156782584
laptop,1,5,2350,450,-8.450940014861063,0.00021369944027301501
laptop,1,5,2350,1150,-7.646618739279806,0.00047765648269472167
laptop,1,5,2350,200,-8.87271964547587,0.00014016088095046174
laptop,1,5,2350,1450,-7.633270559669685,0.0004840750701449544
laptop,1,5,2350,250,-8.818892761287765,0.0001479120435376754
laptop,1,5,2350,650,-8.008177922319573,0.0003327304276780879
laptop,1,5,2350,850,-7.7520437023785265,0.00042986312995385784
laptop,1,5,2350,2300,-7.631956073304182,0.0004847117986183061
laptop,1,5,2350,1550,-7.632491050126261,0.0004844525583905964
laptop,1,5,2350,2250,-7.631956118105179,0.0004847117769027349
laptop,1,5,2350,2050,-7.631958115029183,0.00048471080897111906
laptop,1,5,2350,2000,-7.631960120608297,0.00048470983684621895
laptop,1,5,2350,1900,-7.631971157823204,0.00048470448702910555
laptop,1,5,2350,1800,-7.632003100841762,0.0004846890043519646
laptop,1,5,2350,2200,-7.631956232018768,0.0004847117216874796
laptop,1,5,2350,1300,-7.636529451217201,0.0004825000897295841
laptop,1,5,2350,0,-8.94521774349463,0.00013035908233404678
laptop,1,5,2350,500,-8.336494073823745,0.00023961093029796328
laptop,1,5,2350,1400,-7.6339744845769095,0.00048373443755006247
laptop,1,5,2350,2350,-7.631956059478253,0.000484711805319897
laptop,1,5,2350,750,-7.8534050321559095,0.00038842710714542464
laptop,1,5,2350,800,-7.796790003765266,0.00041105233995024603
laptop,1,5,2350,550,-8.21775774312311,0.00026981939151084965
laptop,1,5,2350,1350,-7.635020896018781,0.000483228517046449
laptop,1,5,2350,400,-8.560973840044202,0.00019143277793204163
laptop,1,5,2350,300,-8.74799041555507,0.00015878008671172476
laptop,1,5,2350,50,-8.939962548694862,0.00013104594793112096
laptop,1,5,2350,1050,-7.662285225505385,0.0004702315967867256
laptop,1,5,2350,1000,-7.675110717042608,0.000464239155566459
laptop,1,5,2350,950,-7.692836398451065,0.0004560827030983401
laptop,1,5,2350,1600,-7.632295575428134,0.00048454726586436085
laptop,1,5,2350,350,-8.662918209257832,0.0001728790727619571
laptop,1,5,2350,900,-7.716953137587949,0.0004452150484483658
laptop,1,5,2350,1100,-7.65302431698744,0.00047460659555024505
laptop,1,5,2350,2100,-7.631957062410446,0.00048471131918706716
laptop,1,5,2350,150,-8.907934587403009,0.0001353110186561741
laptop,1,5,2350,1700,-7.632086926503363,0.00048464837667834846
laptop,1,5,2350,1750,-7.632036043854579,0.0004846730374988814
laptop,1,5,2350,1200,-7.641983636863466,0.0004798756083762395
laptop,1,5,2350,1500,-7.632782613754698,0.00048431133023436374
laptop,1,5,2350,600,-8.107262635910399,0.00030134262970944644
laptop,1,5,2350,1950,-7.631963990183199,0.0004847079612288283
laptop,1,5,2350,2150,-7.631956499716018,0.0004847115919315024
laptop,1,5,2350,1650,-7.632170336454913,0.0004846079538665867
laptop,1,5,2350,1250,-7.638734815506967,0.00048143717375115895
laptop,1,5,100,100,-8.930293586468666,0.00013231917170853285
laptop,1,5,100,50,-8.940218346503425,0.00013101243095178677
laptop,1,5,100,0,-8.945473541303194,0.00013032574103095736
laptop,1,5,2400,1550,-7.725489604629044,0.00044143066049367807
laptop,1,5,2400,1950,-7.724962544685982,0.00044166338223623053
laptop,1,5,2400,1850,-7.72498181350707,0.0004416548719855286
laptop,1,5,2400,2250,-7.724954672607962,0.0004416668590585192
laptop,1,5,2400,1400,-7.7269730390796925,0.00044077631250549884
laptop,1,5,2400,0,-9.038216297997414,0.00011878252022703121
laptop,1,5,2400,950,-7.785834952953848,0.0004155801953802837
laptop,1,5,2400,300,-8.840988970057852,0.00014467959212197782
laptop,1,5,2400,1700,-7.725085481006146,0.0004416090891026347
laptop,1,5,2400,450,-8.543938569363846,0.00019472182246334363
laptop,1,5,2400,50,-9.032961103197644,0.00011940838859935255
laptop,1,5,2400,100,-9.023036343162888,0.00012059938862085083
laptop,1,5,2400,1750,-7.725034598357362,0.0004416315599144978
laptop,1,5,2400,700,-8.017182029709339,0.0003297479346692822
laptop,1,5,2400,550,-8.310756297625893,0.00024585803118538886
laptop,1,5,2400,200,-8.965718199978653,0.0001277138683277497
laptop,1,5,2400,1200,-7.734982191366249,0.0004372601673609839
laptop,1,5,2400,1250,-7.73173337000975,0.0004386830576376804
laptop,1,5,2400,350,-8.755916763760618,0.000157526515141893
laptop,1,5,2400,1800,-7.725001655344545,0.00044164610882827774
laptop,1,5,2400,2350,-7.724954613981036,0.00044166688495209
laptop,1,5,2400,1150,-7.739617293782589,0.0004352381115407706
laptop,1,5,2400,1050,-7.755283780008168,0.0004284725939814344
laptop,1,5,2400,650,-8.101176476822358,0.00030318224129979757
laptop,1,5,2400,150,-9.000933141905792,0.00012329469893997103
laptop,1,5,2400,2400,-7.724954610844361,0.0004416668863374555
laptop,1,5,2400,250,-8.911891315790548,0.0001347766875062355
laptop,1,5,2400,1600,-7.725294129930917,0.0004415169574529436
laptop,1,5,2400,1450,-7.726269114172468,0.00044108669516061027
laptop,1,5,2400,1350,-7.728019450521564,0.0004403153203645773
laptop,1,5,2400,2000,-7.72495867511108,0.00044166509128907634
laptop,1,5,2400,2300,-7.724954627806965,0.00044166687884563516
laptop,1,5,2400,1650,-7.725168890957696,0.00044157225604605165
laptop,1,5,2400,1900,-7.724969712325987,0.00044166021656344846
laptop,1,5,2400,2100,-7.7249556169132285,0.0004416664419903749
laptop,1,5,2400,400,-8.653972394546988,0.00017443255513690094
laptop,1,5,2400,2200,-7.724954786521551,0.0004416668087466647
laptop,1,5,2400,1000,-7.7681092715453905,0.00042301231259780496
laptop,1,5,2400,500,-8.42949262832653,0.0002183322378858295
laptop,1,5,2400,2150,-7.724955054218801,0.0004416666905136908
laptop,1,5,2400,850,-7.845042256881309,0.000391689056215942
laptop,1,5,2400,750,-7.946403586658692,0.00035393276697820344
laptop,1,5,2400,1300,-7.729528005719984,0.00043965158116857935
laptop,1,5,2400,600,-8.200261190413181,0.0002745818424603965
laptop,1,5,2400,1100,-7.746022871490223,0.0004324590701809931
laptop,1,5,2400,900,-7.809951692090732,0.000405677644785665
laptop,1,5,2400,2050,-7.724956669531966,0.0004416659770842472
laptop,1,5,2400,800,-7.889788558268049,0.0003745487618529854
laptop,1,5,2400,1500,-7.725781168257481,0.0004413019741296444
laptop,1,5,2450,300,-8.924639677290596,0.00013306941118225858
laptop,1,5,2450,850,-7.928692964114055,0.00036025697413666
laptop,1,5,2450,1000,-7.8517599787781345,0.00038906661633921326
laptop,1,5,2450,450,-8.62758927659659,0.00017909587578659816
laptop,1,5,2450,1300,-7.813178712952728,0.00040437062458765827
laptop,1,5,2450,1650,-7.80881959819044,0.0004061371700365998
laptop,1,5,2450,1400,-7.810623746312436,0.00040540509900486514
laptop,1,5,2450,1900,-7.808620419558731,0.0004062180719391114
laptop,1,5,2450,800,-7.973439265500793,0.00034449214618189104
laptop,1,5,2450,0,-9.121867005230158,0.00010925051552557337
laptop,1,5,2450,2100,-7.808606324145972,0.0004062237977908595
laptop,1,5,2450,1550,-7.809140311861788,0.0004060069371785717
laptop,1,5,2450,2350,-7.80860532121378,0.00040622420520598795
laptop,1,5,2450,400,-8.737623101779729,0.00016043477219312906
laptop,1,5,2450,1250,-7.815384077242494,0.00040347982268475945
laptop,1,5,2450,1600,-7.8089448371636605,0.00040608630901939503
laptop,1,5,2450,600,-8.283911897645925,0.0002525473258643104
laptop,1,5,2450,500,-8.513143335559272,0.00020081161352098384
laptop,1,5,2450,1450,-7.809919821405212,0.00040569057421633827
laptop,1,5,2450,200,-9.049368907211397,0.00011746514493802286
laptop,1,5,2450,1800,-7.808652362577289,0.00040620509631494254
laptop,1,5,2450,650,-8.184827184055102,0.00027885261313611984
laptop,1,5,2450,750,-8.030054293891435,0.0003255305341211468
laptop,1,5,2450,100,-9.10668705039563,0.00011092158470551292
laptop,1,5,2450,2200,-7.808605493754295,0.00040622413511586035
laptop,1,5,2450,2400,-7.808605318077105,0.0004062242064801812
laptop,1,5,2450,2000,-7.808609382343824,0.0004062225554800136
laptop,1,5,2450,1500,-7.809431875490225,0.00040588857757831306
laptop,1,5,2450,1950,-7.808613251918726,0.0004062209835744494
laptop,1,5,2450,2250,-7.808605379840706,0.00040622418139031244
laptop,1,5,2450,2450,-7.808605317721153,0.00040622420662477746
laptop,1,5,2450,550,-8.394407004858637,0.0002261285297009021
laptop,1,5,2450,50,-9.116611810430388,0.00010982615950245287
laptop,1,5,2450,950,-7.869485660186592,0.000382230908224006
laptop,1,5,2450,1050,-7.838934487240912,0.000394088723589809
laptop,1,5,2450,1700,-7.80873618823889,0.00040617104733110733
laptop,1,5,2450,2300,-7.808605335039709,0.00040622419958956103
laptop,1,5,2450,700,-8.100832736942083,0.00030328647504074404
laptop,1,5,2450,900,-7.893602399323476,0.00037312301292583927
laptop,1,5,2450,1750,-7.808685305590104,0.000406191714915662
laptop,1,5,2450,1100,-7.829673578722967,0.00039775529489255446
laptop,1,5,2450,350,-8.839567470993359,0.00014488540027021992
laptop,1,5,2450,250,-8.995542023023292,0.00012396119027229154
laptop,1,5,2450,1850,-7.808632520739814,0.0004062131562504066
laptop,1,5,2450,2050,-7.8086073767647095,0.00040622337019230356
laptop,1,5,2450,2150,-7.8086057614515445,0.00040622402637079135
laptop,1,5,2450,1350,-7.811670157754308,0.0004049811003478855
laptop,1,5,2450,1200,-7.818632898598993,0.0004021711158483638
laptop,1,5,2450,150,-9.084583849138536,0.00011340060300974189
laptop,1,5,2450,1150,-7.823268001015333,0.0004003113250276474
laptop,1,5,50,50,-9.74254490706442,0.000058730879862182185
laptop,1,5,50,0,-9.747800101864192,0.000058423047216456696
laptop,1,5,0,0,-10.384352432056149,0.000030912422504332645
